TRADINGDATE,OPENINDEX,HIGHESTINDEX,LOWESTINDEX,CLOSEINDEX,TOTALMATCHVOLUME,TOTALSTOCKUPPRICE,TOTALSTOCKDOWNPRICE,TOTALSTOCKNOCHANGEPRICE,date,URSI,BBWP,BB_PCTB,URSI_0_50,URSI_0_20,ADX
2016-05-27,604.36,609.94,603.23,608.11,89454250,0,0,0,2016-05-27,,,,,,0.0
2016-05-30,609.98,615.52,608.46,614.5,101592790,0,0,0,2016-05-30,100.0,,,,,7.142857142857142
2016-05-31,616.22,621.14,614.68,618.44,107978420,0,0,0,2016-05-31,100.0,,,,,13.775510204081632
2016-06-01,618.2,620.2,616.3,619.86,99652390,0,0,0,2016-06-01,100.0,,,,,19.934402332361515
2016-06-02,619.19,624.52,618.38,623.37,121873950,0,0,0,2016-06-02,100.0,,,,,25.653373594335697
2016-06-03,623.21,625.19,621.62,621.88,118639060,0,0,0,2016-06-03,98.03011022789244,,,,,30.963846909026003
2016-06-06,621.09,624.55,616.98,620.05,118156660,0,0,0,2016-06-06,95.54079284980648,,,,,31.999859577209556
2016-06-07,622.4,624.69,620.05,624.65,112253160,0,0,0,2016-06-07,95.82760504711612,,,,,32.99607782365847
2016-06-08,626.84,632.68,626.29,627.87,126073730,0,0,0,2016-06-08,96.02055522126264,,,,,35.27455669870985
2016-06-09,628.4,631.26,626.27,631.26,116376380,0,0,0,2016-06-09,96.21880701129872,,,,,37.37916780877948
2016-06-10,629.95,633.47,628.56,629.84,128988300,0,0,0,2016-06-10,94.10397472646083,,,,,39.587822631773285
2016-06-13,626.26,627.36,621.4,623.58,116109850,0,0,0,2016-06-13,85.21220069152798,,,,,38.50637171498988
2016-06-14,621.63,626.4,619.13,625.43,91857820,0,0,0,2016-06-14,85.64391703322647,100.0,,,,36.77596918559522
2016-06-15,624.63,628.75,621.76,627.02,103691960,0,0,0,2016-06-15,86.02162970966232,50.0,,,,35.68028036556296
2016-06-16,0.0,0.0,0.0,625.11,116946050,0,0,0,2016-06-16,83.19011859558522,33.333333333333336,,,,39.92457802354776
2016-06-17,622.92,624.59,618.16,619.25,143669220,0,0,0,2016-06-17,75.03003368204628,25.0,,,,37.37832056480428
2016-06-20,0.0,0.0,0.0,626.46,94712000,0,0,0,2016-06-20,77.90211057411665,20.0,,,,37.02379476786061
2016-06-21,0.0,0.0,0.0,628.0,108155080,0,0,0,2016-06-21,78.47169497120163,33.333333333333336,,,,36.6945922421272
2016-06-22,0.0,0.0,0.0,626.41,93762050,0,0,0,2016-06-22,76.28539487790684,14.285714285714286,,,,36.38890418251761
2016-06-23,0.0,0.0,0.0,632.27,105505080,0,0,0,2016-06-23,80.96274266820011,12.5,0.8697573256849923,,,36.1050509843087
2016-06-24,0.0,0.0,0.0,620.77,262210430,0,0,0,2016-06-24,68.17285357130741,55.55555555555556,0.3078537796065587,,,35.84147301454328
2016-06-27,0.0,0.0,0.0,621.27,101865150,0,0,0,2016-06-27,68.40654112892591,80.0,0.2920754127964092,,,35.596722042618254
2016-06-28,0.0,0.0,0.0,622.2,76760440,0,0,0,2016-06-28,68.86446350793584,54.54545454545455,0.3284787736516877,,,35.36945328297359
2016-06-29,623.56,631.25,623.56,630.12,113362110,0,0,0,2016-06-29,72.51767697086888,58.333333333333336,0.8130876235139204,,,34.08794356449483
2016-06-30,633.17,637.46,631.74,632.26,99042580,0,0,0,2016-06-30,73.42500668768277,84.61538461538461,0.8964391527818478,,,32.921397382216526
2016-07-01,632.26,643.55,632.26,640.3,106711160,0,0,0,2016-07-01,80.31090329376414,92.85714285714286,1.1656569675093162,,,31.86271639921173
2016-07-04,643.11,647.96,641.96,647.96,124752900,0,0,0,2016-07-04,85.73859726983015,100.0,1.2363309029200191,,,30.89865131965023
2016-07-05,650.47,658.45,647.52,650.88,140423840,0,0,0,2016-07-05,89.25346326175165,100.0,1.139939916772662,,,30.05155077664213
2016-07-06,646.8,652.36,644.07,649.46,117965440,0,0,0,2016-07-06,88.20246718057994,100.0,0.999475979810665,,,29.240186097192996
2016-07-07,652.49,661.12,652.13,661.12,130188390,0,0,0,2016-07-07,91.32752974721596,100.0,1.1220013586663626,,,28.53267612791879
2016-07-08,661.07,665.53,655.91,658.68,131939490,0,0,0,2016-07-08,89.77881174611244,100.0,0.9810948820250056,,,27.90028529778495
2016-07-11,658.92,664.89,648.77,652.26,146647990,0,0,0,2016-07-11,85.6626536751029,100.0,0.8210114633520987,,,27.24994202201514
2016-07-12,652.81,658.9,649.86,658.9,149112960,0,0,0,2016-07-12,86.35923931267774,100.0,0.8892028878902926,,,26.646051837371743
2016-07-13,662.04,676.06,662.04,675.12,138393530,0,0,0,2016-07-13,90.44948030434148,100.0,1.0465444840818587,,,26.20227116641401
2016-07-14,675.66,681.75,666.69,666.69,152057570,0,0,0,2016-07-14,86.13524422845592,91.30434782608695,0.8706545517891178,,,25.83082471147683
2016-07-15,666.69,670.18,661.47,664.56,116464580,0,0,0,2016-07-15,85.0316356301158,75.0,0.8077941963261339,,,25.42528499486035
2016-07-18,664.12,673.5,662.25,673.5,122748180,0,0,0,2016-07-18,85.85104540002963,72.0,0.8858336533542938,,,25.075982585839505
2016-07-19,675.89,677.35,660.09,667.76,131066870,0,0,0,2016-07-19,82.71995131053399,61.53846153846154,0.7766117569264457,,,24.78532246612179
2016-07-20,667.86,667.86,660.26,660.26,124236080,0,0,0,2016-07-20,78.68200974998808,59.25925925925926,0.654663354483993,,,24.515423783526774
2016-07-21,662.72,665.9,656.03,659.57,104596580,0,0,0,2016-07-21,78.303303602403,53.57142857142857,0.6280405790876548,,,24.19991940339616
2016-07-22,657.15,658.06,640.26,649.87,140165040,0,0,0,2016-07-22,72.9850602208108,55.172413793103445,0.4642890524547101,,,23.65596686458034
2016-07-25,651.33,654.17,646.04,649.3,86417860,0,0,0,2016-07-25,61.09089887749456,56.666666666666664,0.425088626423396,,,23.150868078537073
2016-07-26,648.58,651.93,642.91,648.59,97294620,0,0,0,2016-07-26,51.7575179452071,64.51612903225806,0.3711276095741108,,,22.62613980313329
2016-07-27,648.03,656.11,647.74,656.11,111642190,0,0,0,2016-07-27,53.90713667669098,65.625,0.4988875359010088,,,22.19620107203308
2016-07-28,655.81,657.2,649.86,657.14,115779900,0,0,0,2016-07-28,54.20810753964941,57.57575757575758,0.4927941212773278,,,21.812870098412024
2016-07-29,654.19,657.88,650.98,652.23,112283210,0,0,0,2016-07-29,52.44992255047337,67.6470588235294,0.3250671991361705,,,21.46755317654153
2016-08-01,655.38,655.38,646.02,648.38,89743110,0,0,0,2016-08-01,44.06727653509003,51.42857142857143,0.2067267407108903,,,21.031051380483294
2016-08-02,643.2,643.2,633.33,636.05,136282920,0,0,0,2016-08-02,35.50799155784027,69.44444444444444,-0.0604671014394456,,,20.32253705705124
2016-08-03,632.98,634.75,627.66,631.61,87450230,0,0,0,2016-08-03,28.77535479516275,78.37837837837837,-0.0647617267063391,,,19.52655469912063
2016-08-04,633.74,641.02,631.94,631.94,103788870,0,0,0,2016-08-04,28.889742564247932,76.3157894736842,0.0281267378166839,,,18.91910494121096
2016-08-05,629.69,630.18,622.49,627.39,118506920,0,0,0,2016-08-05,23.84464423149136,76.92307692307692,0.0224972775208413,,,18.102112790452228
2016-08-08,627.39,629.91,622.14,629.46,84087430,0,0,0,2016-08-08,24.572013184011603,80.0,0.1105855757231123,,,17.333722958363015
2016-08-09,629.66,637.34,629.66,637.34,87157080,0,0,0,2016-08-09,27.414161651019803,68.29268292682927,0.2681910355375956,,,16.807029268059875
2016-08-10,637.21,648.48,637.21,648.33,107877050,0,0,0,2016-08-10,31.30205335142355,66.66666666666667,0.4732581685757457,,,16.598301665453796
2016-08-11,649.27,660.24,648.31,660.24,134689840,0,0,0,2016-08-11,41.404942965941146,81.3953488372093,0.7001942299614168,,,16.694911209027772
2016-08-12,665.14,668.52,652.67,655.71,117895770,0,0,0,2016-08-12,40.519992984552175,81.81818181818181,0.6277713835191737,,,16.987185107422377
2016-08-15,654.06,659.47,653.64,659.47,114385770,0,0,0,2016-08-15,41.63503967907231,84.44444444444444,0.7318565466663427,,,17.258582298788795
2016-08-16,659.47,662.13,656.83,658.11,128458310,0,0,0,2016-08-16,41.33321346148928,84.78260869565217,0.7257128423860747,,,17.58253089416422
2016-08-17,659.46,660.76,657.06,660.51,113029210,0,0,0,2016-08-17,50.70526408567821,85.1063829787234,0.7779070501107794,,,17.883340304155684
2016-08-18,663.56,665.94,656.35,660.65,120173290,0,0,0,2016-08-18,57.96712635580098,89.58333333333333,0.7783074578920675,,,18.31858894942101
2016-08-19,664.09,666.93,659.64,662.28,101626960,0,0,0,2016-08-19,63.96426697414992,89.79591836734694,0.7892590009085638,,,18.75376719776593
2016-08-22,662.87,664.95,657.68,657.68,109773170,0,0,0,2016-08-22,62.69420734548805,86.0,0.6809195403331558,,,19.050934586444978
2016-08-23,653.58,659.16,652.88,659.16,90297080,0,0,0,2016-08-23,62.949109730475755,74.50980392156863,0.6971802006851302,,,19.056833973272727
2016-08-24,660.95,665.43,659.7,660.77,98316870,0,0,0,2016-08-24,63.24333674858883,50.0,0.722079076659062,,,19.301871110308745
2016-08-25,660.77,660.77,656.49,658.5,106728730,0,0,0,2016-08-25,62.48984583351061,28.30188679245283,0.6744304023766343,,,19.333819119966755
2016-08-26,662.9,668.84,662.9,667.75,109776940,0,0,0,2016-08-26,67.99161379233155,20.37037037037037,0.8277017541040438,,,19.690622276051485
2016-08-29,670.71,679.62,669.44,669.44,108619910,0,0,0,2016-08-29,71.15452901625648,9.090909090909092,0.823910549400314,,,20.43202289111219
2016-08-30,667.96,672.67,666.33,672.67,87433660,0,0,0,2016-08-30,73.42646168502866,26.785714285714285,0.8430195057026082,,,20.9065081462994
2016-08-31,673.1,676.26,671.39,674.63,93688890,0,0,0,2016-08-31,75.72357549431852,28.07017543859649,0.8452585357514497,,,21.492075127610804
2016-09-01,674.19,674.72,664.77,669.19,93925040,0,0,0,2016-09-01,73.74954027973675,29.310344827586206,0.7272237411442384,,,21.552827029898477
2016-09-05,669.3,669.97,660.31,664.55,103194860,0,0,0,2016-09-05,72.02485467513131,27.11864406779661,0.6203945871013189,,,21.289322183546886
2016-09-06,666.38,668.4,663.9,663.9,87906500,0,0,0,2016-09-06,71.77164309159127,26.666666666666668,0.5860177588626639,,,21.044639111934696
2016-09-07,663.05,663.68,656.22,661.28,88002530,0,0,0,2016-09-07,70.69282276648764,26.229508196721312,0.4609348310578743,,,20.24385690708321
2016-09-08,661.89,668.2,660.54,666.07,112627640,0,0,0,2016-09-08,71.53523137213935,25.806451612903224,0.6400490848265374,,,19.766871653487367
2016-09-09,669.24,672.39,666.88,666.88,95460760,0,0,0,2016-09-09,71.683456974894,22.22222222222222,0.6622575242151544,,,19.568959928870747
2016-09-12,665.77,666.04,655.55,659.76,88572250,0,0,0,2016-09-12,68.3158847244746,21.875,0.3059692250031033,,,18.519488468535787
2016-09-13,658.61,661.74,654.95,659.72,81226280,0,0,0,2016-09-13,68.29647314210587,24.615384615384617,0.3029407164799222,,,17.50098260840834
2016-09-14,658.16,661.82,656.64,656.64,92963280,0,0,0,2016-09-14,60.034295706142345,28.78787878787879,0.1596303331714088,,,16.56098940071768
2016-09-15,657.46,660.32,654.84,656.18,105142830,0,0,0,2016-09-15,52.95840627513891,35.82089552238806,0.1625430768924345,,,15.539015753740593
2016-09-16,654.68,657.53,651.31,651.31,184317130,0,0,0,2016-09-16,45.63669408010447,42.64705882352941,0.0132266875848144,,,14.564259024316772
2016-09-19,651.31,658.35,651.31,657.89,104348350,0,0,0,2016-09-19,47.82845643544614,40.57971014492754,0.3018365901881113,,,13.586050286090591
2016-09-20,656.2,663.37,653.28,663.37,100490650,0,0,0,2016-09-20,49.649137465627746,22.857142857142858,0.5162580085808355,,,13.000862527207907
2016-09-21,663.12,668.83,662.79,668.48,134925820,0,0,0,2016-09-21,51.35393543003666,19.718309859154928,0.7096077509724976,,,12.915600213311812
2016-09-22,668.48,675.36,668.48,671.38,112592880,0,0,0,2016-09-22,57.447878302506595,34.72222222222222,0.7976243131513928,,,13.342306611570065
2016-09-23,670.73,674.09,670.3,674.09,99084600,0,0,0,2016-09-23,63.09838135307108,43.83561643835616,0.8607992959944465,,,13.738533981381297
2016-09-26,673.21,677.04,671.51,677.04,91965270,0,0,0,2016-09-26,68.2299947552284,48.648648648648646,0.9218334291571352,,,14.340380623786263
2016-09-27,676.61,684.89,676.24,684.89,115019350,0,0,0,2016-09-27,73.42421344247431,62.666666666666664,1.0735032895124652,,,15.475810448664014
2016-09-28,684.99,687.94,682.98,686.72,111646620,0,0,0,2016-09-28,77.58577715206172,73.6842105263158,1.0348649814813888,,,16.737377039218284
2016-09-29,689.82,692.17,685.91,688.55,109747830,0,0,0,2016-09-29,80.96219193797961,80.51948051948052,1.0068474313022648,,,18.188135713819307
2016-09-30,688.55,689.12,684.62,685.73,102428420,0,0,0,2016-09-30,79.97968434999316,85.8974358974359,0.8904248512911774,,,19.35079252509768
2016-10-03,687.68,687.98,681.99,683.05,108519140,0,0,0,2016-10-03,78.99851727816736,79.74683544303798,0.7984343576697868,,,20.04879104632517
2016-10-04,682.82,689.17,680.24,684.2,111644670,0,0,0,2016-10-04,79.11690478570296,73.75,0.791411317298305,,,20.44161027694809
2016-10-05,686.41,689.5,685.48,687.04,106465990,0,0,0,2016-10-05,79.42536086192632,59.25925925925926,0.8139339110569836,,,20.83610042086894
2016-10-06,687.04,690.93,687.04,687.32,140831260,0,0,0,2016-10-06,79.4575770759646,46.34146341463415,0.788473198583313,,,21.336866760529688
2016-10-07,689.51,690.14,680.26,683.95,128830960,0,0,0,2016-10-07,77.87702724315126,38.55421686746988,0.7034653802359412,,,20.752580278207056
2016-10-10,684.05,684.46,674.19,674.19,119618590,0,0,0,2016-10-10,73.3277161670661,32.142857142857146,0.5020428620867895,,,19.403911369186147
2016-10-11,677.63,682.36,669.2,682.36,126219300,0,0,0,2016-10-11,74.66205049126626,16.470588235294116,0.6456329442562296,,,18.47462121706907
2016-10-12,683.88,686.18,681.12,682.45,107650470,0,0,0,2016-10-12,74.67707925945717,9.30232558139535,0.6287264189276996,,,17.17474638183713
2016-10-13,680.73,685.23,678.79,685.23,117781230,0,0,0,2016-10-13,75.16704674419188,1.1494252873563218,0.6708280933093671,,,16.211536948288767
2016-10-14,685.06,690.62,684.78,687.0,134748710,0,0,0,2016-10-14,75.49218732012416,2.272727272727273,0.7070638139866582,,,15.45434542979432
2016-10-17,687.18,687.94,680.95,680.95,106159380,0,0,0,2016-10-17,72.0210710067104,4.49438202247191,0.5017813635105081,,,14.434219929594516
2016-10-18,680.44,682.99,678.13,682.02,100892180,0,0,0,2016-10-18,72.26396935006048,1.1111111111111112,0.5081560710310672,,,13.829059813545005
2016-10-19,683.83,689.88,683.25,688.89,122517570,0,0,0,2016-10-19,75.42098143736054,7.6923076923076925,0.7997838148665037,,,13.271382534056183
2016-10-20,690.45,690.86,685.63,686.39,106042150,0,0,0,2016-10-20,73.88080348095315,8.695652173913043,0.6620416596219437,,,12.867845174682005
2016-10-21,685.77,687.54,683.76,684.83,111996680,0,0,0,2016-10-21,72.88066457691887,9.67741935483871,0.546946576747032,,,12.233233306275162
2016-10-24,683.14,684.51,678.66,678.02,91994310,0,0,0,2016-10-24,68.51999452069722,13.829787234042554,0.0692095539285591,,,11.74582120380579
2016-10-25,676.29,677.37,670.6,676.18,108043320,0,0,0,2016-10-25,67.34748154414864,21.05263157894737,0.0261708369248235,,,12.193532638934183
2016-10-26,676.18,676.18,670.8,673.61,91959690,0,0,0,2016-10-26,58.40888261694814,26.041666666666668,-0.0243084448798744,,,12.609264685839124
2016-10-27,672.81,676.9,671.61,676.9,85549590,0,0,0,2016-10-27,59.650654473922,24.74226804123711,0.1904437482804208,,,12.880515645347334
2016-10-28,676.74,682.25,675.85,682.25,103029880,0,0,0,2016-10-28,61.6555261266722,24.489795918367346,0.494884395772458,,,12.315391488832793
2016-10-31,682.11,683.34,675.8,675.8,114384030,0,0,0,2016-10-31,57.91905069016142,27.272727272727273,0.1712758112892017,,,11.632400044278866
2016-11-01,675.13,676.6,672.33,676.6,103689100,0,0,0,2016-11-01,58.25695150697439,29.0,0.2405009205204147,,,11.466857894074876
2016-11-02,675.68,678.14,671.4,671.4,128035040,0,0,0,2016-11-02,48.994327778575546,35.64356435643565,0.0423834949655469,,,11.06921363558935
2016-11-03,668.66,668.66,661.86,667.63,114649680,0,0,0,2016-11-03,40.55369780172552,47.05882352941177,-0.0361611137084608,,,11.85919860054176
2016-11-04,666.93,668.99,665.08,666.73,74501690,0,0,0,2016-11-04,33.98210664759753,51.45631067961165,0.0145087513772505,,,12.53706756797376
2016-11-07,667.12,674.36,666.61,674.14,86516180,0,0,0,2016-11-07,37.622126691033266,43.26923076923077,0.308545397454919,,,12.294400603886825
2016-11-08,675.82,677.91,674.33,676.46,77559310,0,0,0,2016-11-08,38.76061196042906,30.47619047619047,0.4118156578190067,,,11.547976353843262
2016-11-09,675.57,675.57,656.68,670.26,129849160,0,0,0,2016-11-09,36.826228867669656,20.754716981132077,0.1988653761875159,,,12.702770597830972
2016-11-10,675.36,678.54,675.18,678.17,104949360,0,0,0,2016-11-10,40.8799697725247,21.49532710280374,0.5183200323426447,,,13.359226416646788
2016-11-11,678.38,679.56,676.73,679.2,96643530,0,0,0,2016-11-11,41.40721029915142,24.074074074074073,0.5798809629980003,,,13.824433376604404
2016-11-14,677.13,679.96,672.45,673.05,111753270,0,0,0,2016-11-14,39.16148875371161,24.770642201834864,0.3354018266318002,,,14.65534352715422
2016-11-15,673.75,675.73,671.55,674.26,105064180,0,0,0,2016-11-15,39.85266886531904,22.727272727272727,0.4016084002822923,,,15.5096406198158
2016-11-16,674.85,676.9,673.95,674.6,102400010,0,0,0,2016-11-16,40.05873980632936,9.90990990990991,0.4389799991599,,,16.110356661547417
2016-11-17,674.5,676.48,673.13,674.57,119114290,0,0,0,2016-11-17,40.04570263622952,8.928571428571429,0.4619613277082994,,,16.75411329276301
2016-11-18,673.82,675.15,669.18,673.25,96180820,0,0,0,2016-11-18,39.43752139429279,5.3097345132743365,0.4061697982816519,,,17.757431556953254
2016-11-21,673.2,675.04,671.65,674.29,96259380,0,0,0,2016-11-21,40.20800646493291,3.508771929824561,0.4878630055418427,,,18.689084230844195
2016-11-22,675.23,681.91,675.23,681.91,106254350,0,0,0,2016-11-22,50.1724535517295,13.043478260869565,0.9466615876907992,,,18.31477150112254
2016-11-23,681.17,684.12,679.81,683.16,109567320,0,0,0,2016-11-23,58.27711655992114,7.758620689655173,0.949413075349985,,,17.611142799608594
2016-11-24,683.61,683.61,676.39,678.18,117539200,0,0,0,2016-11-24,55.33897296918308,8.547008547008547,0.6622287794489086,,,17.403875421117192
2016-11-25,678.47,678.87,671.48,675.87,108511930,0,0,0,2016-11-25,53.97949828372431,9.322033898305085,0.5539802953348255,,,17.792750889744116
2016-11-28,672.49,673.18,660.96,665.29,94780750,0,0,0,2016-11-28,44.80883165173527,28.571428571428573,0.0087572665271742,,,19.148269062449152
2016-11-29,665.11,667.79,658.26,658.26,111429590,0,0,0,2016-11-29,35.70606295881712,55.833333333333336,-0.1510036879886897,,,20.621520875224007
2016-11-30,658.44,665.78,654.99,665.07,115315370,0,0,0,2016-11-30,39.33579721226485,60.33057851239669,0.168834238842912,,,22.240534836691555
2016-12-01,670.69,670.76,666.54,666.54,107595380,0,0,0,2016-12-01,40.121629178127336,61.47540983606557,0.2332578214396239,,,22.850053078444233
2016-12-02,667.26,667.39,662.09,665.14,106687860,0,0,0,2016-12-02,39.59556452778208,61.78861788617886,0.1849552097874668,,,23.799384867898528
2016-12-05,663.06,663.87,658.11,660.21,87046940,0,0,0,2016-12-05,37.719984363493225,62.903225806451616,0.0600813219428211,,,24.997850331106047
2016-12-06,660.68,660.77,648.37,651.49,117960660,0,0,0,2016-12-06,28.41004518476907,72.0,-0.0941282148133511,,,26.767665686830043
2016-12-07,648.63,654.13,647.33,653.53,103897120,0,0,0,2016-12-07,29.61514043735752,75.39682539682539,0.0422282217508753,,,28.47379957890499
2016-12-08,655.48,660.72,655.48,658.89,90796840,0,0,0,2016-12-08,32.81521096974335,75.59055118110236,0.2191820520171865,,,28.910857272148736
2016-12-09,659.46,664.46,659.46,663.07,79953030,0,0,0,2016-12-09,35.286214044619825,70.3125,0.3499318278006826,,,28.728609304120408
2016-12-12,663.7,664.67,658.84,659.7,94354570,0,0,0,2016-12-12,34.19428563460177,59.375,0.2790660845453814,,,28.616202238437012
2016-12-13,662.27,663.54,654.34,654.66,111295850,0,0,0,2016-12-13,32.570962375463736,53.125,0.1802649799464283,,,28.916967842580203
2016-12-14,657.39,665.14,657.39,665.14,193827050,0,0,0,2016-12-14,39.0504060968758,37.5,0.4661555692780312,,,28.921569638626845
2016-12-15,668.07,668.07,664.08,665.92,107135700,0,0,0,2016-12-15,39.516257512848256,39.84375,0.4984086042118324,,,28.42823519817408
2016-12-16,670.43,675.19,668.3,675.16,155852900,0,0,0,2016-12-16,51.604650555619685,50.78125,0.7447980136159372,,,26.890813860071056
2016-12-19,673.98,679.9,673.88,674.33,107085610,0,0,0,2016-12-19,51.218089755766016,57.8125,0.7223372307721231,,,25.09594710178602
2016-12-20,673.93,674.28,662.66,662.66,92619080,0,0,0,2016-12-20,46.000510356239495,57.03125,0.4280021804559392,,,24.42897145430514
2016-12-21,662.36,667.06,657.4,666.94,81863850,0,0,0,2016-12-21,48.08914033489104,57.03125,0.5889733738866784,,,24.29086005456786
2016-12-22,669.01,669.95,663.7,664.15,86318960,0,0,0,2016-12-22,46.81789647984007,56.25,0.5206282604292514,,,23.767286693376786
2016-12-23,663.75,664.37,659.18,664.37,72131790,0,0,0,2016-12-23,46.93701428894779,46.875,0.555977045933697,,,23.700572798274703
2016-12-26,665.67,665.73,662.09,662.45,67252060,0,0,0,2016-12-26,45.96931057538428,38.28125,0.4818550693678254,,,23.442075273235915
2016-12-27,662.66,665.5,661.41,663.86,95593140,0,0,0,2016-12-27,46.836164304636945,35.15625,0.5295816281148675,,,23.270079402820784
2016-12-28,665.9,666.64,661.8,663.5,101515350,0,0,0,2016-12-28,46.630460139597595,34.375,0.5176662415490142,,,22.928254597212977
2016-12-29,666.43,666.43,663.95,664.72,99258510,0,0,0,2016-12-29,47.47241958612736,33.59375,0.5740779500727593,,,22.610845849148586
2016-12-30,664.17,665.49,663.4,664.87,90082950,0,0,0,2016-12-30,47.58191476061251,14.84375,0.5811658596477703,,,22.383938025312624
2017-01-03,665.92,672.34,665.43,672.01,79722650,0,0,0,2017-01-03,52.64236570595628,18.75,0.845105028419543,0.0,0.0,21.020409915168585
2017-01-04,672.58,675.93,672.21,674.7,92285170,0,0,0,2017-01-04,54.427416060656746,27.34375,0.9225000414707868,35.46099290780142,35.46099290780142,19.80648193077609
2017-01-05,674.82,675.92,673.31,675.81,92735720,0,0,0,2017-01-05,62.07354451995021,30.46875,0.931419461673377,46.478873239436616,43.66197183098591,18.67926308812592
2017-01-06,675.35,683.76,675.22,679.8,111701460,0,0,0,2017-01-06,69.28154772786506,46.09375,1.010950629007777,48.59154929577465,42.95774647887324,18.675739505595097
2017-01-09,681.74,684.88,681.74,682.57,88221600,0,0,0,2017-01-09,75.17396242221685,57.8125,1.0144234466678144,47.55244755244755,36.36363636363637,18.805422450289605
2017-01-10,682.77,683.02,680.76,681.07,78938330,0,0,0,2017-01-10,74.03378640610688,64.0625,0.90713796994797,48.25174825174825,32.86713286713287,18.744238120948747
2017-01-11,680.85,687.16,680.85,687.16,96461920,0,0,0,2017-01-11,79.53923284206775,71.09375,1.0379950072085913,45.45454545454545,26.573426573426573,19.200763444527286
2017-01-12,688.71,688.99,685.59,686.96,102618890,0,0,0,2017-01-12,79.39250741970572,75.78125,0.9546596307994925,43.75,21.52777777777778,19.838717432775944
2017-01-13,686.58,688.62,685.06,685.06,82155530,0,0,0,2017-01-13,77.92191648473622,73.4375,0.8533171049557869,42.465753424657535,17.123287671232877,20.318255234545816
2017-01-16,684.62,684.82,677.85,677.94,76123340,0,0,0,2017-01-16,72.50222253897162,70.3125,0.6462921979032165,47.26027397260274,18.493150684931507,19.380504740238692
2017-01-17,678.83,684.73,678.83,684.71,94123250,0,0,0,2017-01-17,74.3304363346607,64.0625,0.8087261537001315,45.20547945205479,15.753424657534246,18.50973642409636
2017-01-18,683.74,687.76,683.28,683.28,84747660,0,0,0,2017-01-18,73.22302464010187,50.78125,0.7448606280610396,50.0,18.493150684931507,18.16121176290972
2017-01-19,683.02,684.19,680.8,682.31,69116870,0,0,0,2017-01-19,72.43469215663114,24.21875,0.6975807908758874,47.26027397260274,15.753424657534246,17.369728991911046
2017-01-20,684.56,688.42,684.37,686.26,80002540,0,0,0,2017-01-20,73.67748620404251,14.84375,0.7767403489813346,48.63013698630137,10.273972602739724,17.270238790452385
2017-01-23,687.83,689.47,686.46,687.15,75819770,0,0,0,2017-01-23,73.96233601141455,2.34375,0.773811021502074,49.31506849315068,8.904109589041095,17.327629147175937
2017-01-24,687.08,692.45,687.08,691.36,92470490,0,0,0,2017-01-24,78.36714834745365,2.34375,0.8584313271296036,44.52054794520548,8.904109589041095,17.795635374027416
2017-01-25,693.07,697.28,691.19,697.28,89267610,0,0,0,2017-01-25,82.36338640797723,27.34375,0.968916362140558,36.986301369863014,6.164383561643835,18.82875113127613
2017-02-02,699.91,703.2,697.71,703.18,82117060,0,0,0,2017-02-02,85.99857789356288,59.375,1.0511192867830428,34.93150684931507,5.47945205479452,20.40194796172413
2017-02-03,704.69,708.1,700.09,700.35,119246940,0,0,0,2017-02-03,83.91020220607685,65.625,0.9358647290404633,34.93150684931507,6.164383561643835,22.292002060386046
2017-02-06,702.02,702.02,696.92,700.04,115790760,0,0,0,2017-02-06,83.67051230907619,73.4375,0.9034925156401382,34.93150684931507,7.534246575342466,23.353599320599876
2017-02-07,699.99,703.3,698.99,701.91,151064680,0,0,0,2017-02-07,83.9680122807495,76.5625,0.9120041873095596,32.19178082191781,8.21917808219178,24.464800130167156
2017-02-08,702.67,702.77,700.47,702.04,131301380,0,0,0,2017-02-08,83.98984944366197,78.125,0.8750828174976989,31.506849315068493,6.8493150684931505,25.496629453336773
2017-02-09,700.93,702.64,700.26,700.65,138329170,0,0,0,2017-02-09,82.69287015817952,74.21875,0.8067217144348487,28.08219178082192,8.21917808219178,26.402282755439025
2017-02-10,701.15,704.08,701.15,703.78,129049870,0,0,0,2017-02-10,86.2299423452454,73.4375,0.8558398342643665,25.34246575342466,8.904109589041095,27.409227100616537
2017-02-13,704.61,706.47,703.58,705.9,158112440,0,0,0,2017-02-13,88.91142598176688,70.3125,0.8691448736272136,23.28767123287671,8.21917808219178,28.61179450182017
2017-02-14,706.41,707.32,703.85,706.26,169469810,0,0,0,2017-02-14,90.85789633830808,54.6875,0.8411877643656785,22.60273972602739,8.904109589041095,29.822225126538747
2017-02-15,706.84,711.73,706.84,711.57,152178230,0,0,0,2017-02-15,92.38015817958686,53.125,0.920943617432962,20.54794520547945,6.8493150684931505,31.398268377554754
2017-02-16,712.61,717.57,709.35,709.35,189608500,0,0,0,2017-02-16,90.94965188429995,32.03125,0.8262126468341778,19.17808219178082,6.164383561643835,33.35047337340603
2017-02-17,709.52,710.21,705.84,707.83,158563960,0,0,0,2017-02-17,89.92292065266138,14.84375,0.7615891416712578,19.17808219178082,6.164383561643835,34.20757339444357
2017-02-20,705.72,711.4,704.41,710.59,186577070,0,0,0,2017-02-20,90.14057017061286,13.28125,0.808757452051061,18.493150684931507,4.10958904109589,34.63319382575237
2017-02-21,711.49,718.06,711.49,716.55,198966880,0,0,0,2017-02-21,91.34483269866728,30.46875,0.9151681259321206,16.43835616438356,3.4246575342465753,35.67688681460251
2017-02-22,717.77,719.09,715.36,717.24,213358850,0,0,0,2017-02-22,92.38795826615922,45.3125,0.8966140529347554,17.80821917808219,3.4246575342465753,36.73538865874246
2017-02-23,717.49,719.58,712.36,716.87,211235150,0,0,0,2017-02-23,92.13072710247582,47.65625,0.8671337652116108,19.863013698630137,3.4246575342465753,36.946834655275
2017-02-24,716.35,717.94,713.7,714.47,231146780,0,0,0,2017-02-24,90.3730410343928,45.3125,0.7829950733360752,21.232876712328768,6.164383561643835,37.14317736634092
2017-02-27,711.7,718.37,711.7,717.44,176837600,0,0,0,2017-02-27,91.58287245069972,44.53125,0.860737422743413,23.28767123287671,5.47945205479452,36.80094127395916
2017-02-28,718.24,719.14,710.79,710.79,183667860,0,0,0,2017-02-28,86.92348831815141,23.4375,0.6183318258574634,23.12925170068027,4.761904761904762,36.245746412383205
2017-03-01,711.46,712.49,705.79,709.52,211022340,0,0,0,2017-03-01,86.02337437562619,16.40625,0.5497645416058282,24.489795918367346,4.761904761904762,34.537896195100394
2017-03-02,712.68,713.53,707.51,707.51,164954330,0,0,0,2017-03-02,84.53142005367931,12.5,0.456862731059555,25.170068027210885,4.761904761904762,33.12838261513175
2017-03-03,708.23,712.62,705.83,712.62,163479620,0,0,0,2017-03-03,85.2326356528143,1.5625,0.6532483811422681,27.89115646258503,4.761904761904762,31.436552343587525
2017-03-06,714.61,718.04,714.01,716.29,156471030,0,0,0,2017-03-06,85.7328634127339,3.90625,0.7902544565279823,30.612244897959183,4.761904761904762,30.76864611064961
2017-03-07,716.46,716.95,714.27,716.54,176411640,0,0,0,2017-03-07,85.76822912180728,3.125,0.7761592551302537,26.53061224489796,4.081632653061225,30.148447465778688
2017-03-08,715.04,718.78,713.89,716.6,162940400,0,0,0,2017-03-08,85.77734130126925,0.78125,0.7571131989030095,27.89115646258503,4.761904761904762,29.86103373937288
2017-03-09,715.86,718.23,714.96,715.8,185884380,0,0,0,2017-03-09,84.99592075866296,0.78125,0.7041962062960118,28.57142857142857,4.761904761904762,29.5941495648532
2017-03-10,715.85,716.81,712.21,712.21,185800020,0,0,0,2017-03-10,81.41175169137682,0.78125,0.47562000834497,29.931972789115648,4.761904761904762,28.599887463573317
2017-03-13,711.93,712.63,707.63,710.17,128790790,0,0,0,2017-03-13,79.36373769788679,2.34375,0.3215563796851889,31.97278911564626,6.122448979591836,26.60764120012735
2017-03-14,709.9,716.49,709.29,714.71,125968160,0,0,0,2017-03-14,80.53718054799523,0.78125,0.6091649216071684,30.612244897959183,6.802721088435375,25.503013777587512
2017-03-15,715.63,716.49,713.14,713.14,129782600,0,0,0,2017-03-15,78.86703281482106,0.78125,0.4871979971315299,32.6530612244898,8.16326530612245,24.47728831380052
2017-03-16,712.56,715.03,710.66,714.92,162314460,0,0,0,2017-03-16,79.38890548594613,0.78125,0.6025237019081222,30.612244897959183,7.482993197278912,22.948326034083777
2017-03-17,715.82,717.1,710.54,710.54,235368860,0,0,0,2017-03-17,74.51279305749517,1.5625,0.2378867271362593,29.25170068027211,7.482993197278912,21.952815105646195
2017-03-20,711.44,717.54,711.44,715.07,158390700,0,0,0,2017-03-20,76.14474277971388,0.78125,0.5946101112742347,29.931972789115648,6.802721088435375,21.11831360782281
2017-03-21,717.03,718.8,714.78,716.18,201545030,0,0,0,2017-03-21,76.5411133364796,0.78125,0.6909703550324586,27.7027027027027,5.405405405405405,20.605646642379945
2017-03-22,715.78,720.68,712.94,712.94,254610300,0,0,0,2017-03-22,72.74177564684604,0.78125,0.4317546688556827,27.7027027027027,6.081081081081082,20.508787771272846
2017-03-23,712.61,719.56,712.61,719.56,176869560,0,0,0,2017-03-23,76.39825044123873,2.34375,0.9668600354223236,29.72972972972973,4.72972972972973,20.320667575805587
2017-03-24,719.56,724.36,719.56,722.14,200241730,0,0,0,2017-03-24,80.06866167129546,9.375,1.0526894572357886,31.08108108108108,4.72972972972973,21.04313738278561
2017-03-27,723.23,725.57,721.41,723.52,207369580,0,0,0,2017-03-27,83.20560510061114,28.125,1.049666020509121,32.432432432432435,5.405405405405405,21.912083025254976
2017-03-28,724.37,725.0,718.66,719.26,186623970,0,0,0,2017-03-28,78.93627373881866,31.25,0.7611270959781326,33.108108108108105,5.405405405405405,21.873127864548284
2017-03-29,719.08,721.92,718.37,720.47,172783250,0,0,0,2017-03-29,79.26176514265343,32.03125,0.8038779968557972,33.78378378378378,6.081081081081082,21.750310850695683
2017-03-30,721.87,725.91,721.87,723.86,180388070,0,0,0,2017-03-30,82.54770511169585,34.375,0.9671323332306804,30.405405405405407,5.405405405405405,22.371929457623494
2017-03-31,725.97,726.67,722.31,722.31,181949340,0,0,0,2017-03-31,80.98313384980493,35.9375,0.8317722517112917,32.432432432432435,6.081081081081082,23.077198715043902
2017-04-03,723.02,724.37,721.58,722.38,177623170,0,0,0,2017-04-03,81.00064764098302,35.15625,0.8044302189398366,35.13513513513514,5.405405405405405,23.4867592708222
2017-04-04,723.7,724.67,722.79,724.14,187134630,0,0,0,2017-04-04,84.0702121284155,36.71875,0.8614795968493946,39.189189189189186,5.405405405405405,23.92484921439613
2017-04-05,724.89,726.03,722.49,723.22,196707340,0,0,0,2017-04-05,83.09222763430577,10.9375,0.7831002328674798,35.810810810810814,6.081081081081082,24.59588485925243
2017-04-07,721.85,727.95,720.28,727.95,189771920,0,0,0,2017-04-07,85.96158944265326,14.84375,0.9538845658624588,37.83783783783784,6.081081081081082,24.416829673078137
2017-04-10,728.71,730.9,727.77,729.87,144425190,0,0,0,2017-04-10,88.36086704474415,29.6875,0.9701026689212258,37.16216216216216,4.054054054054054,24.851654229416496
2017-04-11,730.15,732.24,730.15,731.33,197010310,0,0,0,2017-04-11,90.30013456718171,13.28125,0.9731284778660928,36.48648648648648,2.702702702702702,25.504537984855062
2017-04-12,731.62,732.87,724.48,725.58,213521570,0,0,0,2017-04-12,85.50313235251612,10.9375,0.7030591152809529,38.51351351351352,2.702702702702702,24.329438490417193
2017-04-13,725.54,727.34,723.88,724.35,168105900,0,0,0,2017-04-13,84.46941229253022,10.15625,0.6309454011834077,43.24324324324324,3.3783783783783785,23.076486869365077
2017-04-14,722.67,722.96,714.13,718.45,183224860,0,0,0,2017-04-14,74.3347714106487,19.53125,0.3491217036569726,47.2972972972973,4.054054054054054,22.97669531836927
2017-04-17,718.93,721.78,710.83,710.83,154510130,0,0,0,2017-04-17,61.65527966989727,54.6875,-0.013223750588317,58.78378378378378,8.783783783783784,23.379477095931783
2017-04-18,708.64,714.93,705.55,714.93,156906940,0,0,0,2017-04-18,63.01409598331498,64.0625,0.1817748269908362,58.108108108108105,6.756756756756757,24.428559322481956
2017-04-19,714.87,716.77,714.02,716.77,142094700,0,0,0,2017-04-19,63.636876487000926,67.96875,0.2659839030809436,56.08108108108109,4.72972972972973,24.935893400759404
2017-04-20,716.76,716.76,712.66,712.66,125260980,0,0,0,2017-04-20,61.159613112396315,72.65625,0.0732948898986136,59.45945945945946,8.108108108108109,25.584567874977232
2017-04-21,712.77,715.08,711.08,712.41,132811530,0,0,0,2017-04-21,61.00405062815329,75.78125,0.1066096371099057,60.40268456375839,7.38255033557047,26.391711478198584
2017-04-24,711.6,712.77,709.39,709.39,129826020,0,0,0,2017-04-24,49.18123606136127,81.25,0.0484694766113937,63.758389261744966,9.395973154362416,27.356105812421017
2017-04-25,709.0,709.81,706.04,707.58,117943390,0,0,0,2017-04-25,40.117491653178696,88.28125,0.0514383344850319,62.41610738255034,11.409395973154362,28.648155414664217
2017-04-26,706.36,710.04,706.32,710.04,134367260,0,0,0,2017-04-26,41.32371300344266,86.71875,0.1743070747103876,63.758389261744966,8.053691275167784,29.77745060065648
2017-04-27,711.74,716.53,711.38,716.53,163516320,0,0,0,2017-04-27,44.49996227852874,75.78125,0.4066531509666876,60.40268456375839,6.7114093959731544,29.06275762799765
2017-04-28,715.9,717.73,713.83,717.73,175317340,0,0,0,2017-04-28,45.09181045202282,57.03125,0.458311595992277,56.375838926174495,7.38255033557047,28.117578792967713
2017-05-03,718.7,719.54,716.66,719.54,169302120,0,0,0,2017-05-03,46.02673748242951,41.40625,0.5265863618716182,55.70469798657718,9.395973154362416,26.820089395198032
2017-05-04,717.98,723.22,717.98,722.02,199862840,0,0,0,2017-05-04,47.34955645587272,35.9375,0.6145811207623004,51.006711409395976,8.724832214765101,24.978785871696033
2017-05-05,720.39,721.65,719.86,720.0,179559890,0,0,0,2017-05-05,46.353040305342475,37.5,0.5515053852639259,53.69127516778523,8.724832214765101,23.269004028444176
2017-05-08,720.61,720.61,717.98,718.86,200765930,0,0,0,2017-05-08,45.76762380805681,37.5,0.518780073506212,53.69127516778523,8.724832214765101,21.936186889821013
2017-05-09,718.86,722.11,716.95,722.11,208726890,0,0,0,2017-05-09,53.780012384679246,46.09375,0.6538762268580571,48.32214765100672,7.38255033557047,20.382696176035218
2017-05-10,721.94,727.52,721.81,724.31,207031480,0,0,0,2017-05-10,60.93635527352929,53.90625,0.764639383932005,45.63758389261745,6.0402684563758395,20.018002426212128
2017-05-11,724.84,726.82,723.39,724.99,184492830,0,0,0,2017-05-11,66.7124086873788,60.9375,0.8377252814077285,45.63758389261745,6.0402684563758395,19.67935822994783
2017-05-12,724.63,726.4,724.41,725.37,175822670,0,0,0,2017-05-12,71.37074044975495,64.0625,0.8562424837815164,42.281879194630875,4.697986577181208,19.364902904845263
2017-05-15,725.25,726.19,723.18,725.35,225204780,0,0,0,2017-05-15,71.35865025206108,57.03125,0.8487448852703775,40.26845637583892,4.026845637583892,18.733974443404826
2017-05-16,725.84,727.86,725.03,725.03,283939360,0,0,0,2017-05-16,71.1509683364699,37.5,0.806564839323431,39.59731543624161,5.369127516778524,18.510901975866783
2017-05-17,724.01,727.63,722.81,727.2,198308760,0,0,0,2017-05-17,75.30208005207194,10.15625,0.8571402017408172,36.91275167785235,6.7114093959731544,17.683076700339342
2017-05-18,727.2,729.0,723.8,726.99,207715300,0,0,0,2017-05-18,75.15955078517754,5.46875,0.812268154178,39.59731543624161,6.0402684563758395,17.230686913428293
2017-05-19,727.61,733.82,726.79,733.82,206013150,0,0,0,2017-05-19,78.51502137893124,25.0,0.9923794374193572,36.241610738255034,5.369127516778524,17.777709413903853
2017-05-22,738.63,746.87,738.63,744.1,239413730,0,0,0,2017-05-22,82.5069107243191,68.75,1.154716935161206,34.899328859060404,6.0402684563758395,19.938684838759983
2017-05-23,744.32,746.18,740.28,740.93,259818180,0,0,0,2017-05-23,80.48431349780867,78.125,0.9801443968962766,36.666666666666664,5.333333333333334,21.945304876126396
2017-05-24,739.91,744.27,737.3,742.74,199021090,0,0,0,2017-05-24,80.7741207751957,86.71875,0.9642128826618028,38.0,6.0,23.010895730069695
2017-05-25,744.24,746.48,740.89,741.91,192545970,0,0,0,2017-05-25,80.18607839204542,87.5,0.9053564701373698,34.0,4.666666666666667,24.256654191751817
2017-05-26,741.4,743.46,740.6,743.41,182563920,0,0,0,2017-05-26,80.4628964502887,89.0625,0.9055791355702928,33.33333333333333,4.0,25.333505411004083
2017-05-29,746.08,748.06,745.31,746.25,238391340,0,0,0,2017-05-29,83.98685413471122,92.1875,0.923254904219297,32.0,4.666666666666667,26.85252653995303
2017-05-30,747.07,747.43,738.21,738.21,243929050,0,0,0,2017-05-30,78.40572117187418,85.9375,0.697244024900574,36.0,4.666666666666667,26.52426898010794
2017-05-31,738.21,741.93,737.82,737.82,186925620,130,137,62,2017-05-31,78.1344853459803,75.78125,0.6675273722022887,34.66666666666667,4.0,26.134514951921133
2017-06-01,739.45,742.23,737.82,741.8,136773790,136,144,49,2017-06-01,78.93534567922518,67.96875,0.7481745198729689,34.66666666666667,4.666666666666667,25.817668352068356
2017-06-02,741.48,742.11,736.09,738.81,158389700,126,144,59,2017-06-02,76.6636031615225,58.59375,0.6489082318924689,36.0,4.666666666666667,25.112335822159235
2017-06-05,739.13,745.14,738.35,743.49,157936290,138,137,54,2017-06-05,77.74331394552217,40.625,0.7583318371205264,35.333333333333336,4.0,24.949113234068165
2017-06-06,743.99,751.31,743.49,751.31,170947990,150,131,48,2017-06-06,82.32089726659444,25.0,0.934480923183861,34.66666666666667,3.3333333333333335,25.636832543353524
2017-06-07,752.75,754.92,751.31,753.46,192345690,147,135,47,2017-06-07,85.00335278787688,35.15625,0.93730106086805,34.0,2.666666666666667,26.684496882561724
2017-06-08,751.7,753.46,748.91,750.13,177252320,126,161,43,2017-06-08,82.71181360794388,39.84375,0.8141037420898366,32.0,2.666666666666667,27.06627631374389
2017-06-09,749.46,752.01,749.04,749.72,170501090,129,151,50,2017-06-09,82.41721311935032,42.96875,0.7774798729536496,34.66666666666667,2.666666666666667,27.420785785555903
2017-06-12,751.33,753.41,749.0,751.09,168761640,114,178,38,2017-06-12,82.63972030004682,46.09375,0.793772227472282,32.666666666666664,4.0,27.936255115009818
2017-06-13,751.09,756.89,750.1,756.89,161472560,137,143,50,2017-06-13,85.40787131492834,62.5,0.9350894932934636,29.333333333333332,4.0,28.84976960799873
2017-06-14,758.26,761.7,756.82,760.77,171867720,143,142,46,2017-06-14,87.90697698899862,71.875,1.002097582500554,27.333333333333332,2.666666666666667,30.213564082255633
2017-06-15,760.38,762.98,758.17,760.57,167145290,145,138,50,2017-06-15,87.765910511653,79.6875,0.9663970445427528,28.187919463087248,2.684563758389262,31.60532224524068
2017-06-16,761.75,762.43,759.98,761.24,197513460,141,147,45,2017-06-16,89.8250049321952,79.6875,0.9381525523861634,28.187919463087248,2.684563758389262,32.89766911086966
2017-06-19,763.75,766.83,761.24,766.83,178804100,160,138,35,2017-06-19,91.69060845830936,84.375,1.013245406513523,26.845637583892614,2.684563758389262,34.52346058221715
2017-06-20,767.59,768.29,764.42,767.99,174082870,141,141,52,2017-06-20,93.06749347959246,89.84375,0.966832107020984,28.000000000000004,2.666666666666667,36.161788368363325
2017-06-21,765.71,767.99,758.9,767.41,192993090,122,168,44,2017-06-21,92.73855387908908,75.78125,0.8958265393778471,28.000000000000004,2.666666666666667,36.08679311909342
2017-06-22,768.41,769.99,766.3,766.3,195187930,156,141,38,2017-06-22,92.067888336104,67.1875,0.8296388254012003,27.333333333333332,3.3333333333333335,36.26036186090018
2017-06-23,765.66,769.01,763.64,769.01,212981550,164,132,39,2017-06-23,93.01347401380808,67.1875,0.8516173524547117,27.333333333333332,4.0,35.72989717599107
2017-06-26,770.5,773.14,769.01,772.52,212474720,148,137,50,2017-06-26,93.93393691922324,74.21875,0.8815400785668237,27.333333333333332,4.0,35.769300503979395
2017-06-27,773.15,773.4,767.19,767.51,217431160,94,185,56,2017-06-27,91.09391341367228,65.625,0.7479200879352773,30.0,4.0,35.34530180123788
2017-06-28,766.82,769.04,762.78,769.04,183664140,152,131,52,2017-06-28,91.18159888634467,51.5625,0.7625783143028149,28.666666666666668,4.666666666666667,33.93240523393737
2017-06-29,771.26,773.08,769.04,771.75,198168950,152,137,46,2017-06-29,91.34415846863013,32.03125,0.8027313632172208,29.333333333333332,4.0,33.21037538097558
2017-06-30,773.46,776.5,771.75,776.47,174259020,134,145,56,2017-06-30,92.42995678544196,31.25,0.9005873281743324,30.666666666666664,2.0,32.985409044115485
2017-07-03,777.2,780.01,775.53,778.88,184646110,130,157,48,2017-07-03,93.27900747629658,41.40625,0.9310775680064516,29.333333333333332,2.0,33.19106752835391
2017-07-04,779.15,779.15,772.9,775.54,210154270,118,163,54,2017-07-04,91.26807740351364,36.71875,0.8070352665549203,30.0,2.666666666666667,32.77298511117632
2017-07-05,775.85,778.32,773.81,778.32,202611490,167,121,49,2017-07-05,91.4336138814922,27.34375,0.8468720741956357,29.333333333333332,0.6666666666666667,32.38476572379712
2017-07-06,780.5,782.77,778.32,782.65,217291680,150,132,55,2017-07-06,92.35193212362336,45.3125,0.925319727207502,28.000000000000004,1.3333333333333337,32.593377364990424
2017-07-07,783.73,783.81,775.73,775.73,237199480,104,187,47,2017-07-07,88.049675174306,42.96875,0.7155695481006469,28.47682119205298,0.6622516556291391,32.16557023298917
2017-07-10,775.85,775.85,764.43,766.56,207350440,68,228,42,2017-07-10,82.56093247004917,45.3125,0.389416059095858,33.77483443708609,1.9867549668874176,30.0661323376348
2017-07-11,766.56,769.36,761.57,769.36,198964720,136,136,66,2017-07-11,82.91122385347441,39.84375,0.4651557543058671,32.0,3.3333333333333335,28.52976114980162
2017-07-12,772.6,775.08,769.36,774.17,163777890,174,114,50,2017-07-12,83.52349394568297,36.71875,0.6406469004941875,31.78807947019868,3.3112582781456954,26.761342574274135
2017-07-13,777.12,778.3,773.85,778.3,183216330,145,151,42,2017-07-13,84.05185632023614,40.625,0.7957154733689451,31.125827814569533,3.3112582781456954,25.56199701669132
2017-07-14,779.72,780.65,776.88,777.6,189794180,115,150,73,2017-07-14,83.5627400552766,28.90625,0.7470791833357848,31.78807947019868,3.3112582781456954,24.75820114070446
2017-07-17,777.7,778.3,766.47,768.91,225823120,85,209,45,2017-07-17,77.53094866090734,29.6875,0.3088332945665807,42.384105960264904,3.9735099337748343,23.49384030190934
2017-07-18,766.88,770.37,762.68,767.49,201070890,88,200,51,2017-07-18,76.5584698725944,43.75,0.2398630058297314,47.682119205298015,5.298013245033113,22.773094781803152
2017-07-19,771.33,774.12,767.49,771.3,205221170,144,162,33,2017-07-19,77.37835049693072,44.53125,0.4189035343132752,48.026315789473685,5.921052631578947,21.554448812322597
2017-07-20,768.56,771.3,763.55,768.41,172385410,102,199,39,2017-07-20,75.2289987304253,45.3125,0.2577462787381416,49.673202614379086,4.57516339869281,20.90285117101215
2017-07-21,768.9,770.43,761.86,761.86,162474290,96,199,45,2017-07-21,61.90700676709083,59.375,-0.0106308008265494,53.59477124183007,5.228758169934641,20.497156924932973
2017-07-24,759.97,761.86,753.82,759.74,146939630,105,200,36,2017-07-24,51.15627385314969,70.3125,-0.0096752051223575,57.51633986928104,7.84313725490196,20.970473383024448
2017-07-25,757.43,767.27,757.35,767.27,139582860,179,116,46,2017-07-25,53.9847628976988,57.03125,0.3047009562454461,56.86274509803921,7.18954248366013,20.57160625617698
2017-07-26,769.35,773.88,764.92,773.88,188632680,190,111,40,2017-07-26,56.37307710590263,55.46875,0.5697607792264395,54.248366013071895,7.18954248366013,19.308414823807126
2017-07-27,773.21,774.97,770.3,771.5,191436360,129,164,48,2017-07-27,55.26091510751541,54.6875,0.470899165730481,51.633986928104584,7.18954248366013,17.99674331968711
2017-07-28,771.21,777.09,770.82,777.09,177186920,163,129,49,2017-07-28,57.38736071447687,60.15625,0.7021574307725645,50.98039215686274,7.18954248366013,16.917969800518993
2017-07-31,777.54,783.58,776.72,783.55,258874940,134,156,51,2017-07-31,65.0148728764608,72.65625,0.935531413749286,49.673202614379086,8.49673202614379,16.689001316846312
2017-08-01,784.44,787.68,783.55,786.81,201082610,124,174,43,2017-08-01,71.30386945089873,82.8125,0.9848826260445952,49.01960784313725,9.803921568627452,16.910632732089105
2017-08-02,782.41,788.23,779.96,786.23,194673150,122,172,47,2017-08-02,71.00933387332597,89.84375,0.9203034020722924,47.05882352941176,11.11111111111111,16.58337612084488
2017-08-03,786.23,790.82,786.19,788.49,195378820,152,136,53,2017-08-03,76.2469986149762,98.4375,0.956718504879948,45.751633986928105,11.11111111111111,16.568605865982732
2017-08-04,789.46,790.12,786.09,788.68,189688130,148,140,53,2017-08-04,80.13714942799602,100.0,0.9091322400573316,45.09803921568628,10.45751633986928,16.53896390937709
2017-08-07,789.41,796.09,788.66,792.98,210236060,161,134,46,2017-08-07,83.48312648659035,100.0,0.9564393721483504,42.48366013071895,7.84313725490196,17.168270558861803
2017-08-08,795.8,796.62,789.84,791.57,213526640,104,195,42,2017-08-08,82.8456067309803,100.0,0.8700894898676288,41.17647058823529,8.49673202614379,17.8079566297398
2017-08-09,789.15,791.57,773.66,773.66,292795000,82,223,36,2017-08-09,75.00995698023682,98.4375,0.4222781493441239,47.05882352941176,11.11111111111111,16.96154372930342
2017-08-10,769.58,776.77,769.58,773.43,178275390,124,173,43,2017-08-10,74.91196880350327,86.71875,0.4227703468617143,46.40522875816993,10.45751633986928,16.60961447292442
2017-08-11,773.43,774.31,769.14,772.08,156752670,104,179,57,2017-08-11,74.29845384998353,81.25,0.3964119077817511,47.7124183006536,12.418300653594772,16.329622051150608
2017-08-14,772.17,776.42,772.01,776.17,159668260,179,112,49,2017-08-14,74.96734444233581,80.46875,0.4889089161930869,46.71052631578947,11.842105263157894,15.771481364346316
2017-08-15,776.64,776.83,770.09,771.06,143870570,10,7,3,2017-08-15,65.17711449767461,82.03125,0.3533506272558269,46.71052631578947,10.526315789473683,15.48209054857983
2017-08-16,771.1,773.57,766.8,773.57,156131920,141,149,51,2017-08-16,65.72902052503123,84.375,0.4142310666873459,47.368421052631575,9.86842105263158,15.596201129651506
2017-08-17,773.48,774.47,766.8,767.59,220817310,67,229,46,2017-08-17,56.05155352806843,94.53125,0.2622966876079514,51.633986928104584,13.725490196078432,15.55521484615138
2017-08-18,762.82,774.47,762.46,768.97,162337400,143,151,49,2017-08-18,56.427064324642096,95.3125,0.2781728068700375,51.94805194805194,12.987012987012983,16.024717503733168
2017-08-21,767.42,774.47,762.46,768.79,152284410,118,185,41,2017-08-21,56.35942122084522,96.09375,0.2416451010885569,55.84415584415584,12.337662337662335,16.460684257201972
2017-08-22,768.2,768.79,760.3,761.26,145570650,94,200,50,2017-08-22,45.91398825312909,96.875,0.0558233879501696,57.14285714285714,12.987012987012983,17.121620015812155
2017-08-23,762.42,765.98,759.01,765.98,152531930,128,160,56,2017-08-23,47.4739996022423,92.96875,0.2073965664334349,59.74025974025974,14.285714285714285,17.887962143596862
2017-08-24,766.48,771.65,764.64,769.77,208905050,146,141,57,2017-08-24,48.75220279261396,69.53125,0.3117971574773164,59.09090909090909,12.987012987012983,17.505259371828853
2017-08-25,769.07,771.63,768.57,771.63,218265430,128,162,54,2017-08-25,49.402945363222656,14.84375,0.3692078202810875,59.74025974025974,13.636363636363637,17.149892512329988
2017-08-28,771.81,777.26,770.51,777.26,240572610,146,146,52,2017-08-28,51.41400634018424,21.09375,0.5255928978045361,57.7922077922078,12.987012987012983,16.00456753394784
2017-08-29,773.91,777.26,773.87,774.03,255981300,106,186,52,2017-08-29,50.18168476695392,21.875,0.4550400025699369,59.09090909090909,13.636363636363637,14.941051482592986
2017-08-30,774.31,778.65,773.85,778.65,193496470,128,152,63,2017-08-30,56.260244621780146,38.28125,0.5962410251685891,58.44155844155844,14.285714285714285,14.190514242578404
2017-08-31,779.19,785.78,778.19,782.76,191640520,141,142,60,2017-08-31,62.37297335471963,55.46875,0.7316045469273441,57.7922077922078,11.688311688311687,14.561058171059823
2017-09-01,784.42,789.19,782.76,788.73,137914410,153,143,47,2017-09-01,68.44146186320087,71.09375,0.9093739463570082,55.1948051948052,11.03896103896104,15.33438536989001
2017-09-05,787.85,794.46,787.8,792.31,153091050,129,169,45,2017-09-05,73.62035757645558,92.1875,1.0217319183529348,55.84415584415584,12.337662337662335,16.640669278368932
2017-09-06,792.16,793.82,788.89,793.55,144147770,95,191,57,2017-09-06,77.7158608216148,98.4375,1.0418924968582302,56.493506493506494,10.38961038961039,17.853647193385076
2017-09-07,793.61,798.58,792.77,796.72,143540810,130,154,59,2017-09-07,81.17271753207828,100.0,1.023373891365193,53.896103896103895,11.03896103896104,19.47132631389055
2017-09-08,797.98,802.9,796.72,801.2,122071810,110,171,62,2017-09-08,84.15432387389444,100.0,1.0248043027987093,53.24675324675325,11.03896103896104,21.364326771184107
2017-09-11,801.2,805.44,797.47,797.47,138929970,79,215,49,2017-09-11,82.83496837802087,99.21875,0.8876760031355796,56.493506493506494,11.03896103896104,23.33447853397685
2017-09-12,795.53,801.01,794.88,799.94,133449030,159,121,63,2017-09-12,83.02475874066232,96.875,0.8865222542265727,53.24675324675325,11.03896103896104,24.557622996265582
2017-09-13,802.85,804.38,799.94,802.78,139692830,175,125,43,2017-09-13,85.35523743602354,95.3125,0.887835645268919,49.35064935064935,9.090909090909092,26.007895804654176
2017-09-14,803.34,807.29,802.78,806.32,139352800,152,140,51,2017-09-14,87.32463389449545,94.53125,0.896128250149432,45.45454545454545,8.441558441558442,27.607983074141305
2017-09-15,803.35,806.32,802.08,805.82,142760690,133,150,60,2017-09-15,87.1427340251851,91.40625,0.846619638071958,44.8051948051948,7.792207792207792,28.919985638948955
2017-09-18,808.51,809.39,805.37,807.87,167579320,155,129,59,2017-09-18,88.8374741925104,81.25,0.8413481558821088,40.909090909090914,8.441558441558442,30.41560099364434
2017-09-19,807.41,810.13,805.87,805.93,160487610,124,174,45,2017-09-19,88.12036245909871,62.5,0.7805148591290897,38.311688311688314,8.441558441558442,31.86997900500731
2017-09-20,806.88,807.51,803.33,805.86,137443940,124,151,68,2017-09-20,88.09273049912386,49.21875,0.7606599983042812,40.25974025974026,7.142857142857142,32.537615656132225
2017-09-21,805.29,806.52,802.6,803.93,130767410,123,161,59,2017-09-21,87.28009724532538,30.46875,0.7083384514719197,39.61038961038961,4.545454545454546,32.963423826090484
2017-09-22,805.15,808.16,803.93,807.13,150381610,136,147,60,2017-09-22,87.48621740814104,11.71875,0.7510868340807397,37.66233766233766,4.545454545454546,33.55427389795641
2017-09-25,806.9,807.64,802.23,805.58,126085700,115,182,46,2017-09-25,86.75290821172715,1.5625,0.7027293155565059,39.61038961038961,5.194805194805195,33.625557400956424
2017-09-26,806.4,806.84,801.66,805.35,155559280,124,160,59,2017-09-26,86.6368619842197,0.78125,0.6794400626023501,39.61038961038961,6.493506493506493,33.53029506665031
2017-09-27,803.32,805.35,801.74,803.77,142029330,115,171,57,2017-09-27,85.78790249302928,0.78125,0.6242040199879875,39.61038961038961,5.194805194805195,33.441837184794636
2017-09-28,803.1,810.35,803.1,804.82,161949260,112,178,53,2017-09-28,85.88687721033232,0.78125,0.6423550937420978,40.909090909090914,4.545454545454546,34.065596527473275
2017-09-29,805.07,808.77,804.42,804.42,124224690,129,157,57,2017-09-29,85.64219114503642,0.78125,0.6121558241881504,38.961038961038966,3.896103896103896,34.64480163138916
2017-10-02,805.29,808.09,801.7,802.23,101196300,102,201,40,2017-10-02,84.22736061257223,1.5625,0.4765173123820564,44.8051948051948,6.493506493506493,34.3263182937139
2017-10-03,803.98,804.39,795.05,798.0,148218410,93,212,38,2017-10-03,77.97519006119765,3.125,0.1858361768891355,50.64935064935064,7.142857142857142,32.34115919979204
2017-10-04,797.39,805.66,797.0,805.66,109372380,170,120,53,2017-10-04,79.26179464924985,3.125,0.6613578676011355,49.35064935064935,6.493506493506493,30.73826815415778
2017-10-05,806.56,810.54,805.22,805.23,139251920,128,162,54,2017-10-05,78.98286788117605,3.125,0.6097254253444083,51.61290322580645,7.741935483870968,30.08468762062269
2017-10-06,805.7,808.13,803.81,807.8,119935950,121,147,76,2017-10-06,79.44837026708109,3.90625,0.7995026291152099,49.03225806451613,9.032258064516128,29.140845029378923
2017-10-09,809.61,810.75,806.78,808.96,129146140,151,147,46,2017-10-09,81.34588525522719,6.25,0.8891765805525667,48.38709677419355,9.032258064516128,28.692196715109205
2017-10-10,808.43,810.65,806.3,810.65,138184800,137,151,56,2017-10-10,83.26630218085735,8.59375,0.9927438156362636,49.67741935483871,9.032258064516128,28.15260494513428
2017-10-11,811.2,815.11,810.65,813.95,162513710,117,182,45,2017-10-11,85.31861166719108,12.5,1.1241618570969554,47.096774193548384,8.38709677419355,28.344359390115383
2017-10-12,814.43,818.44,813.72,815.87,136859420,125,164,54,2017-10-12,87.21109794900433,20.3125,1.1055943833839397,46.45161290322581,7.741935483870968,28.96700088421119
2017-10-13,814.6,820.95,814.2,820.95,141204400,133,160,50,2017-10-13,89.14614848120556,46.875,1.179419601969227,43.87096774193549,8.38709677419355,29.85121797250189
2017-10-16,821.54,823.85,819.43,819.43,149580780,128,175,40,2017-10-16,88.19434916014228,55.46875,1.0063700275881065,44.516129032258064,8.38709677419355,30.99944356025054
2017-10-17,819.51,828.29,819.43,828.29,162264680,146,148,49,2017-10-17,90.39512121741176,72.65625,1.1613451142713331,42.58064516129032,9.032258064516128,32.506235066423294
2017-10-18,829.43,831.15,826.72,827.72,183002780,105,193,45,2017-10-18,90.05490675191605,85.15625,1.027356203690102,44.516129032258064,10.32258064516129,34.15631020757262
2017-10-19,828.89,831.61,825.5,828.93,143640120,125,161,57,2017-10-19,91.8478606619776,89.0625,0.9770247677800176,45.16129032258064,11.612903225806452,35.326316870268506
2017-10-20,827.93,833.57,826.84,826.84,175594060,91,199,53,2017-10-20,90.65848303882818,74.21875,0.8712676483956574,46.45161290322581,10.967741935483872,36.60132119629231
2017-10-23,826.25,827.24,818.81,820.04,194440930,65,241,37,2017-10-23,86.723569680909,66.40625,0.6798730759338715,56.12903225806451,12.903225806451612,35.69987299131115
2017-10-24,818.08,825.24,814.92,825.24,141570200,140,159,45,2017-10-24,87.18174811338118,57.8125,0.7809506007401873,54.83870967741935,13.548387096774196,34.06187768252845
2017-10-25,826.08,830.69,822.83,830.69,120610410,142,148,54,2017-10-25,88.98396038688159,55.46875,0.8696707598232516,54.19354838709678,13.548387096774196,33.28904567296113
2017-10-26,829.94,834.67,823.92,830.11,166974910,78,215,51,2017-10-26,88.64387126549568,50.0,0.8194026912421106,58.70967741935483,17.419354838709676,33.04448575933834
2017-10-27,829.15,840.37,828.45,840.37,125941130,155,150,39,2017-10-27,90.62178252858698,55.46875,0.9803670868424104,60.0,18.064516129032256,33.40576767516518
2017-10-30,842.92,849.3,840.37,845.2,162129150,95,210,39,2017-10-30,92.16670556007034,64.84375,1.0029655811176232,60.64516129032258,20.0,34.47245128160681
2017-10-31,844.27,845.93,837.28,837.28,159926430,90,210,44,2017-10-31,88.20100494241589,60.15625,0.8189821696745008,61.53846153846154,22.43589743589744,34.847848127252156
2017-11-01,838.75,842.88,837.28,842.71,154993610,108,188,48,2017-11-01,88.5643068560673,63.28125,0.8914944348800221,62.82051282051282,25.0,35.196430912494264
2017-11-02,842.19,849.53,833.09,833.09,174440020,103,199,42,2017-11-02,83.65014677842305,53.90625,0.6679157137367866,68.58974358974359,28.205128205128204,36.06495521487393
2017-11-03,833.16,843.73,831.58,843.73,149701990,148,143,53,2017-11-03,84.66373469303072,60.15625,0.8739645473702965,67.3076923076923,25.0,36.55548769913762
2017-11-06,846.12,849.09,843.73,849.09,128405430,196,103,46,2017-11-06,87.02821867574391,72.65625,0.9470990444822172,66.2420382165605,22.92993630573249,37.430587741748376
2017-11-07,850.2,854.6,847.88,850.33,150836950,138,148,59,2017-11-07,88.94252167649884,82.03125,0.9301935086178188,63.05732484076433,21.019108280254777,38.617261319874906
2017-11-08,853.15,863.07,850.33,859.7,147296730,143,149,54,2017-11-08,90.84713289431956,92.1875,1.0476444005507428,61.78343949044586,17.8343949044586,40.194579841794706
2017-11-09,862.38,864.2,858.16,860.4,142874820,134,164,48,2017-11-09,92.30055790541896,90.625,0.9895146377483608,59.87261146496815,15.92356687898089,41.716453709293965
2017-11-10,859.91,869.37,859.24,868.21,150463680,1,1,1,2017-11-10,93.48646600754476,95.3125,1.038426447046031,59.23566878980891,15.286624203821656,43.380604816019115
2017-11-13,871.7,879.34,868.21,879.34,189223330,110,193,43,2017-11-13,94.5266177963558,100.0,1.0980599179391997,58.59872611464968,16.560509554140125,45.32407588734644
2017-11-14,883.8,884.14,876.66,880.9,168957930,127,166,53,2017-11-14,95.35139353699932,100.0,1.017396945463858,59.23566878980891,16.560509554140125,47.28903897221674
2017-11-15,877.65,884.83,876.6,882.59,162193450,164,134,48,2017-11-15,95.98620777587487,100.0,0.9631405392190208,55.4140127388535,15.286624203821656,49.13630350318279
2017-11-16,880.17,892.8,880.17,892.8,169624640,177,134,35,2017-11-16,96.5909659798725,100.0,1.000364007637279,51.26582278481012,9.49367088607595,51.094830399446685
2017-11-17,893.99,898.11,886.86,890.69,168088500,112,187,47,2017-11-17,96.04028460606546,100.0,0.9169270774681496,50.63291139240506,7.59493670886076,53.053127090022784
2017-11-20,889.87,903.55,889.55,903.55,145015010,143,146,57,2017-11-20,96.7139997850992,100.0,0.9863347045676392,49.36708860759494,8.860759493670885,55.000883107567645
2017-11-21,907.51,929.89,903.55,918.3,207576000,117,165,64,2017-11-21,97.31005711045084,100.0,1.0385473971615,48.10126582278481,9.49367088607595,57.238578184286055
2017-11-22,921.13,932.66,918.3,932.66,181455380,151,145,50,2017-11-22,97.76559521055506,100.0,1.0565629504544434,47.46835443037975,6.962025316455696,59.34906933282601
2017-11-23,938.31,943.15,927.0,933.7,205435150,145,145,56,2017-11-23,98.09597429151384,100.0,0.9854152937206182,46.20253164556962,6.962025316455696,61.42201749573378
2017-11-24,930.52,937.54,924.65,935.57,199758010,188,117,41,2017-11-24,98.3591918837304,100.0,0.9344852720758794,40.25157232704403,5.660377358490567,62.968524781299976
2017-11-27,933.38,947.06,931.29,938.61,225989050,192,109,45,2017-11-27,98.55793827021589,100.0,0.9011220706554718,37.735849056603776,4.40251572327044,64.53669097234847
2017-11-28,939.1,943.45,933.59,941.21,323706840,130,163,53,2017-11-28,98.72787559488182,97.65625,0.8748071613327262,35.0,5.0,65.99284529260778
2017-11-29,943.46,952.14,940.4,952.14,206121930,150,142,54,2017-11-29,98.87602453726493,96.875,0.8989853868753572,32.5,3.75,67.4566576662655
2017-11-30,956.17,960.11,949.93,949.93,225052010,155,140,51,2017-11-30,98.55057185615746,95.3125,0.8510702742350116,28.749999999999996,4.375,68.90558643520161
2017-12-01,952.76,960.33,949.93,960.33,204845390,164,118,64,2017-12-01,98.7143635941656,94.53125,0.8804520450533408,26.875,3.75,70.25343172211642
2017-12-04,962.47,972.53,960.33,970.02,253286410,171,132,43,2017-12-04,98.86623590464076,93.75,0.9003839520673449,23.125,3.125,71.62833259365961
2017-12-05,972.28,974.8,953.3,953.3,237663970,102,205,39,2017-12-05,96.51806594947487,91.40625,0.7657258787173135,23.75,3.125,71.81423604558826
2017-12-06,950.21,953.3,932.64,947.64,225172150,110,192,44,2017-12-06,95.68953107188663,88.28125,0.7060397945364639,18.75,3.75,69.45783375257993
2017-12-07,950.23,954.24,932.68,938.65,162853390,141,150,56,2017-12-07,94.3048047480083,81.25,0.6211438024322332,18.75,3.125,67.31282674292538
2017-12-08,938.41,944.75,930.29,940.16,153106250,135,163,49,2017-12-08,94.31967350828508,67.96875,0.6142162299765597,20.0,3.125,65.05925075469047
2017-12-11,930.17,940.16,917.45,917.45,170105480,77,236,34,2017-12-11,85.91041555662684,79.6875,0.3905814190986011,24.375,3.125,61.6865465252962
2017-12-12,927.67,931.12,895.73,927.25,225246300,104,198,45,2017-12-12,86.15817012711707,82.8125,0.4573143601205248,26.875,3.75,57.6377228259689
2017-12-13,932.05,932.48,922.97,924.4,127047580,117,183,47,2017-12-13,85.6862828572103,85.15625,0.3929107075511686,28.749999999999996,4.375,53.78132225942723
2017-12-14,925.51,936.29,923.99,935.85,154262610,199,107,41,2017-12-14,86.01761857123577,85.15625,0.5037253542081744,26.875,4.375,49.956630535005495
2017-12-15,933.63,939.57,932.96,935.16,229584110,183,123,42,2017-12-15,85.88859187135631,85.15625,0.4575471573033268,24.375,4.375,46.644374553786655
2017-12-18,945.9,958.06,935.16,958.06,226365940,177,122,49,2017-12-18,86.60663880319932,85.9375,0.8159103242311236,26.875,3.125,44.73470235225039
2017-12-19,961.03,963.01,951.25,951.42,206933350,113,191,44,2017-12-19,85.2520588789616,85.9375,0.6772226817605423,26.875,3.75,43.22768608658124
2017-12-20,945.12,958.82,945.12,953.51,174376230,134,169,45,2017-12-20,85.32983590137209,82.8125,0.6968114422154665,29.375,3.125,41.31220559131586
2017-12-21,949.45,957.56,946.06,946.06,146788730,111,185,52,2017-12-21,83.6366248811326,71.09375,0.5431319474721965,31.874999999999996,3.75,39.53354513142658
2017-12-22,947.54,952.7,945.18,952.32,146008550,124,170,54,2017-12-22,83.92526503080937,68.75,0.6485394583874597,31.874999999999996,3.75,37.80180568352219
2017-12-25,954.28,958.57,952.32,958.31,116082960,112,190,46,2017-12-25,85.69852859009755,74.21875,0.7408492120030261,34.375,4.375,36.58549588431955
2017-12-26,960.32,965.93,957.24,965.93,134417650,155,139,54,2017-12-26,87.46534272209624,82.03125,0.8439508339036844,35.0,3.75,35.91100168680482
2017-12-27,969.72,972.6,965.18,968.46,177748110,139,161,48,2017-12-27,89.00456068750789,86.71875,0.8547999001117849,36.875,3.125,35.663287726113076
2017-12-28,970.63,978.65,967.73,976.72,143944680,160,134,54,2017-12-28,90.4690556453458,85.9375,0.9324238945362276,35.0,3.125,35.75343581507375
2017-12-29,978.39,990.1,976.33,984.24,180964800,160,131,57,2017-12-29,91.67469347963092,86.71875,0.9804631809375436,33.75,2.5,36.37382283990059
2018-01-02,986.05,996.18,984.24,995.77,173125210,0,0,348,2018-01-02,92.83829932690811,87.5,1.053217088667705,31.874999999999996,1.875,37.20299718613364
2018-01-03,999.86,1010.21,995.77,1005.67,212755670,142,162,44,2018-01-03,93.76541312545535,89.0625,1.0509430486480795,30.625000000000004,1.875,38.48124679882086
2018-01-04,1009.37,1019.75,1005.67,1019.75,235427380,198,111,40,2018-01-04,94.65874562610064,90.625,1.06326725474533,25.624999999999996,2.5,39.96023371734727
2018-01-05,1020.34,1020.6,1010.65,1012.65,267882440,122,180,48,2018-01-05,93.44842221498617,92.96875,0.9309304519194718,25.30864197530864,1.8518518518518516,41.35882850298648
2018-01-08,1011.36,1022.9,1004.89,1022.9,236387900,161,150,39,2018-01-08,94.29813356511474,94.53125,0.9444924263395074,26.543209876543212,2.4691358024691357,41.98003692214899
2018-01-09,1027.14,1033.56,1017.86,1033.56,290482980,164,134,52,2018-01-09,95.0805647425192,97.65625,0.9634195315125058,22.839506172839503,2.4691358024691357,42.93479602621925
2018-01-10,1034.64,1045.63,1033.01,1038.11,341600970,175,137,38,2018-01-10,95.74245867872614,96.875,0.9371252524621512,17.901234567901234,1.8518518518518516,44.18623351968198
2018-01-11,1037.03,1049.73,1031.13,1048.17,288550670,162,146,42,2018-01-11,96.30061482629104,97.65625,0.9500646313165432,17.901234567901234,2.4691358024691357,45.46174186844114
2018-01-12,1050.17,1057.88,1046.38,1050.11,320836070,129,173,48,2018-01-12,96.7412535486954,94.53125,0.9109234099143932,17.901234567901234,2.4691358024691357,46.86081133396558
2018-01-15,1049.91,1063.47,1043.15,1063.47,256567310,153,148,50,2018-01-15,97.13212826957964,94.53125,0.9421572979994656,19.875776397515526,2.484472049689441,48.297889832783426
2018-01-16,1059.36,1065.39,1052.43,1062.96,294792490,117,181,53,2018-01-16,97.06656980046256,90.625,0.8871130468953742,19.25465838509317,2.484472049689441,49.67955888954589
2018-01-17,1061.98,1064.77,1034.69,1034.69,294301610,69,236,46,2018-01-17,93.3071473819115,85.15625,0.691053284409021,22.36024844720497,2.484472049689441,48.9727069883373
2018-01-18,1028.76,1050.25,1020.01,1050.25,256859550,155,143,55,2018-01-18,93.4573486806184,80.46875,0.7638640662709615,21.472392638036812,3.6809815950920246,47.02847059395905
2018-01-19,1054.33,1067.21,1050.25,1062.07,279706010,159,152,42,2018-01-19,93.57530134507904,78.90625,0.8137572598725419,20.858895705521473,3.6809815950920246,45.99601682552987
2018-01-22,1066.86,1086.51,1062.07,1086.51,246215500,136,186,32,2018-01-22,94.32840185754812,79.6875,0.9310647853390712,22.699386503067483,3.6809815950920246,45.735243691727035
2018-01-23,1086.51,1086.51,1086.51,1086.51,0,0,0,0,2018-01-23,94.32840185754812,81.25,0.8935928032045711,22.699386503067483,4.294478527607362,45.49309721033869
2018-01-24,1086.51,1086.51,1086.51,1086.51,0,0,0,0,2018-01-24,94.32840185754812,78.90625,0.8616500204096198,22.085889570552148,4.294478527607362,45.26824690619237
2018-01-25,1098.44,1117.08,1087.42,1104.57,445940510,141,176,38,2018-01-25,95.0591858120264,81.25,0.9431403131390192,23.92638036809816,6.134969325153374,45.9770342817212
2018-01-26,1122.55,1122.6,1103.06,1115.64,261062660,155,158,42,2018-01-26,95.66389041758214,83.59375,0.9681383462620894,24.539877300613497,5.521472392638037,46.76810999368863
2018-01-29,1121.78,1130.1,1109.8,1109.8,263321700,118,198,39,2018-01-29,94.7751003542807,85.15625,0.8927663671508733,28.22085889570552,6.748466257668712,47.67840974955587
2018-01-30,1099.98,1110.56,1092.44,1110.56,287489730,153,157,45,2018-01-30,94.781894727777,85.9375,0.8649364800760928,29.447852760736197,6.134969325153374,47.1000397591183
2018-01-31,1112.23,1128.1,1104.98,1110.36,312880930,124,183,48,2018-01-31,94.74697764796969,84.375,0.8330693343918449,31.28834355828221,6.748466257668712,47.07949713187448
2018-02-01,1111.74,1111.74,1090.25,1099.67,233072190,80,228,47,2018-02-01,92.77955703614154,82.8125,0.7308532403888309,38.036809815950924,9.202453987730062,46.03619248422148
2018-02-02,1098.66,1105.04,1091.1,1105.04,172601930,145,151,59,2018-02-02,92.85976648475744,78.90625,0.7518208819440749,38.65030674846626,9.8159509202454,45.06740959711512
2018-02-05,1089.62,1105.04,1048.71,1048.71,248154720,50,289,16,2018-02-05,82.5060210831496,75.78125,0.2700117482838673,49.693251533742334,13.496932515337424,41.85503590634577
2018-02-06,1026.08,1048.71,983.06,1011.6,364437550,46,281,28,2018-02-06,67.5295631712876,90.625,-0.0055879220877689,62.57668711656442,19.6319018404908,40.94725468857687
2018-02-07,1040.53,1048.54,1011.6,1040.55,208749250,246,76,33,2018-02-07,69.20466534715175,97.65625,0.2257107056294618,59.50920245398773,15.337423312883436,40.104314986362894
2018-02-08,1031.46,1040.55,1023.25,1023.25,161025060,106,204,45,2018-02-08,66.98091283435375,100.0,0.1152608767408586,61.34969325153374,16.56441717791411,39.321585262878486
2018-02-09,991.09,1023.25,973.78,1003.94,199516810,106,201,48,2018-02-09,54.748432603309034,100.0,0.0306439240919974,65.03067484662577,20.245398773006137,39.68224212930016
2018-02-12,1011.64,1041.79,1003.94,1041.79,162098570,230,75,50,2018-02-12,57.57575282370276,100.0,0.3068669424556227,63.190184049079754,13.496932515337424,39.19419588270679
2018-02-13,1054.69,1060.48,1041.79,1059.73,157958690,228,91,36,2018-02-13,58.88693332842766,98.4375,0.4319805495242419,59.50920245398773,12.883435582822086,37.98443859295288
2018-02-21,1073.33,1092.65,1059.73,1087.15,165043220,206,109,40,2018-02-21,60.877185578329936,97.65625,0.6053210426957774,56.09756097560976,10.365853658536585,35.73666960376636
2018-02-22,1087.15,1091.62,1074.27,1076.03,185011630,90,212,53,2018-02-22,59.61675592731022,96.875,0.5180296029957804,56.70731707317073,10.975609756097562,33.649455542378874
2018-02-23,1086.81,1102.85,1076.03,1102.85,177049320,200,109,45,2018-02-23,61.677646295482695,96.09375,0.6919530024969935,57.3170731707317,9.75609756097561,31.334367209923844
2018-02-26,1115.9,1127.57,1102.85,1114.53,221574620,112,200,42,2018-02-26,68.75772525185333,96.09375,0.7570228873078279,56.09756097560976,7.317073170731707,29.767820250222417
2018-02-27,1124.03,1124.03,1106.77,1119.61,175305260,111,189,54,2018-02-27,74.13936550418379,96.875,0.7716311408941702,56.70731707317073,6.707317073170732,28.313169501928225
2018-02-28,1110.3,1129.89,1109.89,1124.87,213347390,0,0,0,2018-02-28,78.34010996829686,97.65625,0.7834551000902373,56.70731707317073,7.926829268292683,27.1441700273115
2018-03-01,1121.54,1128.38,1110.92,1115.79,207156270,126,185,43,2018-03-01,77.32446830282632,100.0,0.719373406211081,51.51515151515152,7.878787878787878,26.0586705151674
2018-03-02,1103.16,1121.91,1103.16,1121.21,188043270,148,146,60,2018-03-02,77.51188466914996,96.09375,0.7501252981004826,45.45454545454545,7.878787878787878,24.72006294493851
2018-03-05,1121.21,1132.69,1093.48,1093.48,252795970,125,193,36,2018-03-05,74.13580037768556,93.75,0.5821543327914134,47.878787878787875,8.484848484848486,23.86274018135037
2018-03-06,1093.48,1120.29,1091.67,1120.29,210241820,174,129,51,2018-03-06,75.25785490325993,89.84375,0.7464250258857335,46.3855421686747,9.036144578313252,22.98272687075127
2018-03-07,1121.99,1126.67,1103.29,1112.26,239942030,145,160,49,2018-03-07,74.21928649513532,68.75,0.6950648706315049,44.31137724550898,9.580838323353294,22.406075531640575
2018-03-08,1112.24,1126.35,1111.76,1124.15,186579760,158,142,54,2018-03-08,74.77439246727675,54.6875,0.7557054502689147,44.91017964071856,8.982035928143713,21.870613573894925
2018-03-09,1128.73,1135.02,1119.18,1123.41,205512360,143,155,57,2018-03-09,74.66663630824124,39.84375,0.7412147821322362,44.31137724550898,9.580838323353294,21.71737951074647
2018-03-12,1135.37,1135.48,1123.41,1126.29,197146780,130,189,36,2018-03-12,77.08229605329701,32.03125,0.7339472814043196,41.31736526946108,8.982035928143713,21.593572918960536
2018-03-13,1127.53,1133.31,1118.49,1133.31,208112910,155,143,57,2018-03-13,79.48341258352606,20.3125,0.7567674901545356,40.119760479041915,8.982035928143713,21.171807630436128
2018-03-14,1135.99,1142.88,1133.31,1138.09,222436340,148,156,51,2018-03-14,81.14064305617535,22.65625,0.761803905803951,40.7185628742515,8.982035928143713,21.200263203901045
2018-03-15,1134.51,1140.74,1129.66,1138.76,207105860,130,168,57,2018-03-15,82.67073266328794,25.78125,0.7501722689034528,39.52095808383233,7.784431137724551,20.98481373590329
2018-03-16,1144.54,1152.52,1138.76,1150.19,260196900,148,158,49,2018-03-16,84.37999621635824,32.8125,0.8569540506691915,39.52095808383233,10.179640718562874,21.300579407933384
2018-03-19,1160.74,1165.63,1150.19,1159.22,221555290,132,175,48,2018-03-19,86.09250384560744,44.53125,0.9384955270636572,37.72455089820359,8.383233532934131,22.103522171966578
2018-03-20,1154.48,1166.33,1154.48,1159.39,189756080,115,199,41,2018-03-20,87.56454319322532,50.0,0.9293333246245143,38.92215568862276,10.179640718562874,22.87547322281639
2018-03-21,1166.51,1172.31,1159.39,1169.36,212812970,149,148,58,2018-03-21,89.00713088194635,57.03125,0.9788222215535678,36.30952380952381,8.928571428571429,23.821924107402364
2018-03-22,1175.22,1180.44,1169.36,1172.36,215497530,116,183,56,2018-03-22,90.27066738247564,51.5625,0.9800569528645542,39.285714285714285,6.547619047619048,24.999890453921623
2018-03-23,1154.25,1172.36,1139.07,1153.59,237107530,76,246,33,2018-03-23,87.68782394428516,48.4375,0.7384999960732901,44.642857142857146,9.523809523809524,24.006389817685804
2018-03-26,1150.51,1176.95,1150.51,1171.22,175879690,147,154,54,2018-03-26,88.03413646783781,43.75,0.8936783875459089,45.83333333333333,11.30952380952381,23.2926005198836
2018-03-27,1187.42,1187.42,1169.58,1171.73,201305790,135,166,54,2018-03-27,88.04461256654892,40.625,0.8544561907210447,45.23809523809524,11.904761904761903,23.08867720152994
2018-03-28,1168.87,1179.18,1165.71,1172.24,165131520,121,173,61,2018-03-28,88.0558740238649,37.5,0.8219537081570129,49.404761904761905,14.285714285714285,22.650862043560853
2018-03-29,1174.73,1176.45,1164.12,1167.03,150321430,130,182,43,2018-03-29,87.1527152751134,28.90625,0.7423864356185625,49.404761904761905,14.285714285714285,22.13890955962094
2018-03-30,1169.29,1175.36,1158.49,1174.46,150318960,173,138,44,2018-03-30,88.1835948478892,24.21875,0.7886014570411146,50.595238095238095,12.5,21.28486110109417
2018-04-02,1180.26,1196.61,1174.46,1196.61,221037550,155,158,42,2018-04-02,89.47678977582257,28.125,0.9828874954108304,48.80952380952381,11.904761904761903,21.50067259646875
2018-04-03,1197.0,1199.93,1185.83,1188.29,217626820,122,185,48,2018-04-03,88.00218456354426,22.65625,0.8547869000656475,48.80952380952381,15.476190476190476,21.8404327627324
2018-04-04,1194.26,1200.71,1188.29,1191.54,194006930,168,143,44,2018-04-04,88.08479059678669,21.875,0.8617422499430247,48.80952380952381,14.285714285714285,22.19005359587411
2018-04-05,1197.76,1199.15,1186.75,1193.17,186567260,176,135,44,2018-04-05,88.12893627102174,24.21875,0.8468215792571946,45.83333333333333,12.5,22.391682206488245
2018-04-06,1194.15,1202.59,1193.17,1199.96,217719530,170,144,41,2018-04-06,89.3390258980241,25.78125,0.8892428052288717,42.857142857142854,10.714285714285714,22.748465553580903
2018-04-09,1202.44,1207.45,1197.44,1204.33,222920660,131,183,41,2018-04-09,90.4823178565799,29.6875,0.9054541532750716,42.857142857142854,10.714285714285714,23.318094124377435
2018-04-10,1207.62,1211.34,1192.22,1198.12,246566650,85,227,43,2018-04-10,89.22120439180804,32.8125,0.8080318794299381,45.23809523809524,11.30952380952381,23.37579393509481
2018-04-11,1201.51,1202.46,1167.11,1167.11,245785470,77,234,44,2018-04-11,83.00014768679728,23.4375,0.3929422356922287,49.404761904761905,13.690476190476192,21.820392759067012
2018-04-12,1162.48,1173.02,1153.64,1173.02,168958120,157,145,53,2018-04-12,83.23999813760142,21.875,0.4439855080907851,47.61904761904761,13.690476190476192,21.127659393760972
2018-04-13,1178.57,1181.52,1153.93,1157.14,156898440,116,188,51,2018-04-13,74.23374885194009,28.90625,0.1829527893729552,48.80952380952381,14.88095238095238,19.94186146380363
2018-04-16,1156.49,1159.45,1141.81,1148.49,138666630,123,171,61,2018-04-16,65.23881304313869,39.84375,0.0752163054786701,51.19047619047619,16.071428571428573,19.48332812622293
2018-04-17,1149.02,1156.7,1139.33,1153.28,139854490,161,137,57,2018-04-17,65.62361008876131,46.09375,0.1605603896877477,50.0,15.476190476190476,19.18319250181759
2018-04-18,1153.28,1160.32,1138.42,1138.53,152174130,103,203,49,2018-04-18,56.38921879715971,57.03125,0.0201371452349595,54.761904761904766,16.666666666666664,18.649357576129663
2018-04-19,1137.99,1138.53,1094.63,1094.63,183841740,72,235,49,2018-04-19,45.01606103926201,75.78125,-0.2328367246758717,58.57988165680473,17.75147928994083,19.96718204184212
2018-04-20,1095.84,1119.86,1078.01,1119.86,142780270,168,133,55,2018-04-20,47.63210712890982,80.46875,0.0630197124708014,59.171597633136095,17.159763313609467,21.6634253419817
2018-04-23,1124.33,1127.24,1076.78,1076.78,194901680,69,247,40,2018-04-23,37.83225242227431,90.625,-0.1276079786574392,66.86390532544378,19.526627218934912,22.746935162155435
2018-04-24,1064.86,1084.89,1048.68,1080.74,166004870,109,190,57,2018-04-24,38.25697675238749,95.3125,-0.0004021102662122,71.00591715976331,23.076923076923077,24.4936005652711
2018-04-26,1082.52,1082.52,1039.35,1044.86,184919930,59,261,37,2018-04-26,29.512769150622876,100.0,-0.0781361450543258,76.47058823529412,30.58823529411765,26.32457069665136
2018-04-27,1037.36,1054.94,1031.89,1050.26,152853910,191,120,46,2018-04-27,30.09542865995968,100.0,0.0333383912195935,76.47058823529412,21.764705882352946,28.187053185642775
2018-05-02,1053.26,1053.52,1024.75,1029.08,151711850,98,213,46,2018-05-02,23.536573566750015,100.0,0.0205122394305494,78.82352941176471,28.823529411764703,30.06900175070253
2018-05-03,1018.47,1029.08,1003.79,1026.46,170959320,125,181,50,2018-05-03,19.556970637525485,100.0,0.0729140127678575,80.0,28.235294117647054,32.21982805609653
2018-05-04,1032.12,1037.02,1022.14,1026.8,125862200,156,154,46,2018-05-04,19.59093704757039,99.21875,0.1236668015682304,80.0,29.411764705882355,33.665317702727755
2018-05-07,1034.64,1062.26,1026.8,1062.26,122128310,195,107,54,2018-05-07,23.231661973824192,96.875,0.284186435530433,79.41176470588235,24.705882352941178,33.464634593022254
2018-05-08,1061.12,1072.28,1057.24,1060.45,131146470,116,182,58,2018-05-08,23.17398425167433,92.1875,0.2986103071559574,80.0,23.52941176470588,32.74444407479743
2018-05-09,1058.33,1069.8,1051.79,1056.97,125896530,125,172,59,2018-05-09,23.05546550006412,82.03125,0.3050574514691027,81.17647058823529,20.588235294117645,32.25285861398855
2018-05-10,1058.22,1059.34,1025.75,1028.87,143626080,77,223,57,2018-05-10,22.073774689949698,67.1875,0.2105145338496174,83.52941176470588,24.11764705882353,32.552521148376805
2018-05-11,1026.34,1044.85,1014.3,1044.85,122737900,144,152,61,2018-05-11,24.054205608094147,63.28125,0.2984539889387375,82.94117647058825,23.52941176470588,33.11826938167993
2018-05-14,1051.69,1066.98,1042.31,1066.98,112785900,175,137,45,2018-05-14,26.827606442560356,40.625,0.423169390731008,80.58823529411765,21.764705882352946,32.47499448186612
2018-05-15,1072.25,1084.2,1066.98,1073.5,125232780,173,129,55,2018-05-15,27.665722050634397,39.0625,0.4798863134586503,80.0,17.647058823529413,31.0893779217177
2018-05-16,1073.5,1073.5,1052.18,1054.62,121268150,104,207,46,2018-05-16,26.711617575338582,26.5625,0.391798912480657,81.06508875739645,18.34319526627219,30.27487665024325
2018-05-17,1055.21,1057.84,1030.64,1030.64,107387050,110,195,53,2018-05-17,25.508334259452784,31.25,0.2584589636793363,81.17647058823529,17.647058823529413,30.129482487027648
2018-05-18,1033.33,1040.84,1013.57,1040.54,118092350,116,181,61,2018-05-18,26.970962592796205,31.25,0.338276907911366,80.58823529411765,18.235294117647054,30.421524978377818
2018-05-21,1043.82,1043.82,1014.98,1014.98,104031010,107,202,49,2018-05-21,23.974372426170365,39.0625,0.1261072154454832,80.58823529411765,20.588235294117645,30.544856933715103
2018-05-22,1006.18,1015.97,976.73,985.91,158542820,58,274,27,2018-05-22,20.332984661270963,53.90625,-0.0500322436953617,84.7953216374269,26.31578947368421,31.51100524163846
2018-05-23,974.8,995.25,965.92,988.94,126755700,152,147,60,2018-05-23,20.78123490538728,67.1875,-0.0057970387089624,85.38011695906432,25.730994152046783,32.61094733157661
2018-05-24,992.24,995.82,974.14,985.92,104772830,123,188,48,2018-05-24,20.65648294916879,78.90625,0.0354415965428362,84.7953216374269,27.485380116959064,33.60215907057548
2018-05-25,981.47,987.56,963.9,963.9,122933860,79,230,51,2018-05-25,16.731050431508784,83.59375,-0.057280222086839,86.54970760233918,32.748538011695906,34.72393367649396
2018-05-28,938.86,963.9,927.47,931.75,191197120,41,285,34,2018-05-28,13.229427457988116,95.3125,-0.1279243756278208,90.64327485380116,45.614035087719294,36.3736822348929
2018-05-29,925.89,958.96,916.0,952.18,155301290,234,88,38,2018-05-29,15.959442754920351,97.65625,0.0742030105062542,88.30409356725146,38.59649122807017,38.06790973058522
2018-05-30,953.41,953.41,932.26,948.5,117512290,119,178,63,2018-05-30,15.86263013992155,99.21875,0.1061521569514911,88.88888888888889,38.59649122807017,39.641120976585235
2018-05-31,947.96,975.51,945.29,971.25,140721200,215,109,36,2018-05-31,19.12871046591332,96.09375,0.2584827937856916,87.13450292397661,29.82456140350877,39.87320410679535
2018-06-01,973.67,995.06,971.25,992.87,160913600,180,129,51,2018-06-01,22.218803269388,85.9375,0.3890914553540801,87.13450292397661,27.485380116959064,39.14092620989125
2018-06-04,994.48,1013.78,992.01,1013.78,146895440,206,115,40,2018-06-04,25.195851460699473,77.34375,0.5196506332459483,84.30232558139535,19.186046511627907,37.65183605803074
2018-06-05,1013.59,1025.26,1011.59,1022.74,173096680,163,150,48,2018-06-05,26.494141891726468,75.78125,0.5850864809351922,81.97674418604652,12.790697674418606,35.80805830020061
2018-06-06,1020.97,1034.5,1012.98,1034.5,147456500,165,147,49,2018-06-06,28.254198591622057,75.0,0.6662776789007034,76.74418604651163,9.883720930232558,33.7352128041282
2018-06-07,1038.93,1043.71,1030.79,1036.69,151829230,147,156,58,2018-06-07,28.597078599998017,77.34375,0.6762046665233409,73.83720930232558,7.55813953488372,31.457756805709675
2018-06-08,1032.59,1039.07,1026.94,1039.01,124180340,118,180,63,2018-06-08,42.97217703158632,82.8125,0.6933229763312007,69.76744186046511,6.976744186046512,29.485922225488483
2018-06-11,1033.55,1045.6,1029.19,1039.02,133836660,129,188,44,2018-06-11,53.13412077877933,87.5,0.710748983586421,67.44186046511628,6.395348837209303,27.388580384719837
2018-06-12,1033.55,1039.02,1005.1,1020.76,169945710,79,240,42,2018-06-12,51.453341243314455,89.0625,0.6205118885254405,67.44186046511628,6.395348837209303,26.33168609423276
2018-06-13,1017.93,1030.53,1017.93,1030.53,94519770,172,126,62,2018-06-13,52.32236260725261,85.9375,0.7049559935885988,67.44186046511628,5.813953488372093,25.350284253066185
2018-06-14,1032.62,1033.32,1015.72,1015.72,135233070,122,187,51,2018-06-14,50.836788258991525,71.09375,0.6046151821292995,65.11627906976744,5.813953488372093,24.306347468915533
2018-06-15,1012.71,1018.95,1006.75,1016.51,144865820,140,165,56,2018-06-15,50.91684469188705,60.15625,0.6230100078614857,64.53488372093024,6.395348837209303,23.681396533121095
2018-06-18,1012.71,1018.98,986.88,987.34,145591940,78,238,45,2018-06-18,47.82040075687485,45.3125,0.4123056347496187,69.18604651162791,6.976744186046512,23.78960941273153
2018-06-19,972.38,987.34,941.57,962.16,203659510,48,281,32,2018-06-19,45.26160473982306,48.4375,0.237400802055082,76.16279069767442,13.953488372093023,25.059965298871276
2018-06-20,957.37,980.95,955.61,980.95,119730870,218,96,47,2018-06-20,47.51836561387763,52.34375,0.3797283566039225,76.0233918128655,10.526315789473683,26.23958147885818
2018-06-21,979.57,980.95,966.28,969.4,94237830,98,205,58,2018-06-21,46.255953911855926,58.59375,0.3036816137922226,78.94736842105263,13.450292397660816,27.334939360274593
2018-06-22,963.89,983.57,959.91,983.17,102746580,171,129,61,2018-06-22,48.028673162304386,63.28125,0.3943985966386055,78.94736842105263,10.526315789473683,28.506559157818145
2018-06-25,997.34,997.34,983.17,990.52,118181310,157,157,47,2018-06-25,48.99573485181746,60.15625,0.4181878889235479,78.3625730994152,11.11111111111111,28.7798307913055
2018-06-26,977.78,990.52,970.75,983.02,114881010,101,196,65,2018-06-26,48.01394979866294,55.46875,0.3328134239618396,77.32558139534885,12.209302325581394,29.379454215870968
2018-06-27,981.44,984.46,968.91,968.91,126510710,114,185,63,2018-06-27,46.140712193084255,53.90625,0.1795554791483942,77.32558139534885,14.534883720930234,29.986902089542216
2018-06-28,964.76,976.12,954.46,957.35,130318210,86,238,38,2018-06-28,37.11477192707307,50.0,0.0931134228564956,80.81395348837209,18.023255813953487,30.93761751029856
2018-06-29,955.64,962.93,950.48,960.78,110043130,143,148,73,2018-06-29,37.66627443758739,44.53125,0.1569956771463031,82.65895953757226,17.91907514450867,31.922481766189936
2018-07-02,955.18,960.78,932.66,947.15,142222740,63,273,28,2018-07-02,30.633220283835595,41.40625,0.0981786800934818,82.75862068965517,25.86206896551724,33.26472874858406
2018-07-03,945.87,947.15,906.01,906.01,161389340,0,0,0,2018-07-03,24.187548129796255,56.25,-0.0830646539678618,87.35632183908046,36.7816091954023,35.0340976481632
2018-07-04,904.34,914.99,890.83,914.99,115604640,164,150,50,2018-07-04,25.55839835868225,60.15625,0.0472285935664412,88.50574712643679,33.90804597701149,36.92742608740012
2018-07-05,914.48,921.85,892.67,899.4,127434590,73,250,41,2018-07-05,21.341472986670578,70.3125,0.0221404472367387,90.80459770114942,39.6551724137931,38.23483158013536
2018-07-06,895.7,921.75,891.92,917.51,141624520,209,111,43,2018-07-06,24.02450134040096,75.0,0.1646588439505883,89.65517241379311,36.206896551724135,39.46348947827812
2018-07-09,922.72,929.5,915.12,915.12,106167080,132,173,58,2018-07-09,23.908597536832417,75.78125,0.178215725566657,89.08045977011494,36.7816091954023,40.06621700357652
2018-07-10,919.44,921.96,911.12,911.12,93102100,120,187,56,2018-07-10,23.702494620703483,78.125,0.1848532619570268,87.93103448275862,35.63218390804598,40.723523538009445
2018-07-11,898.08,911.12,885.09,893.16,138119530,50,280,33,2018-07-11,19.33379321999728,79.6875,0.1065018106037478,89.65517241379311,42.5287356321839,41.896660655203696
2018-07-12,891.21,905.72,884.75,898.51,90464330,158,152,53,2018-07-12,20.204148401782795,69.53125,0.170690594098622,88.50574712643679,43.103448275862064,42.992674636238426
2018-07-13,904.8,912.53,898.51,909.72,121978590,207,96,60,2018-07-13,22.10074386993482,58.59375,0.2633395300305269,90.22988505747126,37.35632183908046,43.50601158207306
2018-07-16,914.22,917.63,905.27,911.11,110882460,155,140,68,2018-07-16,22.34720325890882,42.96875,0.2948567462861178,89.08045977011494,36.206896551724135,43.60773635074591
2018-07-17,905.32,921.27,902.02,921.27,136304660,176,135,52,2018-07-17,24.2341055109025,31.25,0.3838055848008209,83.9080459770115,32.18390804597701,43.431351549319274
2018-07-18,926.14,942.39,921.27,942.39,184648680,220,100,43,2018-07-18,28.142934476146305,23.4375,0.5571849261308613,79.3103448275862,21.26436781609195,41.85104485533002
2018-07-19,942.39,947.07,939.58,943.97,166922920,155,168,40,2018-07-19,28.440367284903665,22.65625,0.5817321862146521,72.98850574712644,18.39080459770115,40.10250660142771
2018-07-20,938.83,943.97,930.26,933.39,178891900,128,181,54,2018-07-20,27.616050345443615,25.0,0.5182813444341325,72.98850574712644,17.24137931034483,38.8628037403699
2018-07-23,931.52,949.14,930.25,936.74,190030610,0,0,0,2018-07-23,28.324442796359435,28.90625,0.5800244952181068,72.98850574712644,16.666666666666664,37.383673134614504
2018-07-24,938.66,939.07,926.3,934.08,169638570,107,211,46,2018-07-24,28.089373872469512,28.125,0.5898324433985449,71.26436781609196,14.942528735632186,36.1847579999454
2018-07-25,936.57,938.33,927.58,927.58,201884580,147,162,55,2018-07-25,27.489017039446836,28.90625,0.5445621053466513,67.81609195402298,14.367816091954024,35.071479660609796
2018-07-26,928.96,930.32,920.99,930.16,175235210,125,192,47,2018-07-26,28.145483441463163,29.6875,0.6025517904588068,66.47398843930635,13.294797687861273,34.34749978712483
2018-07-27,933.21,937.23,928.82,935.52,163302090,183,130,51,2018-07-27,29.572022590519097,28.90625,0.7179341429047675,65.3179190751445,9.826589595375722,33.15679581796072
2018-07-30,940.76,949.73,935.52,949.73,184174690,173,139,52,2018-07-30,42.53827215167096,19.53125,0.9299714295655986,60.69364161849711,8.670520231213873,31.196555681225146
2018-07-31,948.56,959.07,947.32,956.39,229774470,150,160,54,2018-07-31,52.22907647395704,15.625,0.9568408311729766,57.22543352601156,7.514450867052023,29.13116239277123
2018-08-01,957.35,960.05,949.89,952.77,180793930,125,192,48,2018-08-01,51.642461947790885,14.0625,0.8592349048287347,57.80346820809249,6.358381502890173,27.27243694719597
2018-08-02,952.75,953.55,942.39,953.55,197722680,111,190,63,2018-08-02,51.76816475293544,7.03125,0.8357650206737198,57.22543352601156,6.358381502890173,25.583064691387552
2018-08-03,957.92,966.1,953.55,959.6,166126830,146,162,58,2018-08-03,57.600829885430045,6.25,0.8686151926548109,54.59770114942529,5.747126436781609,24.276021687576236
2018-08-06,960.12,962.99,955.42,960.23,153665970,115,190,60,2018-08-06,61.83464256909414,12.5,0.8359977543546857,53.44827586206896,5.747126436781609,23.06233889832287
2018-08-07,957.7,962.02,953.71,956.79,138303880,121,188,56,2018-08-07,61.141897983780936,14.84375,0.765614491030384,54.285714285714285,6.857142857142858,21.809984148076857
2018-08-08,958.31,966.27,956.79,966.27,140667750,166,143,56,2018-08-08,65.78476065463688,17.96875,0.864271910170847,49.714285714285715,7.428571428571429,20.930155507467873
2018-08-09,968.57,972.52,963.5,963.5,156257390,138,176,51,2018-08-09,65.18426105351367,18.75,0.8149560540433375,50.28571428571429,6.857142857142858,20.515913354193973
2018-08-10,955.04,968.47,955.04,968.47,171440130,141,163,61,2018-08-10,69.59626939592684,19.53125,0.863755202287593,48.57142857142857,6.2857142857142865,19.446627032442468
2018-08-13,966.46,978.04,963.41,978.04,178091820,162,156,47,2018-08-13,73.97860904757783,17.1875,0.9760546682005308,45.714285714285715,4.571428571428571,19.074960195096697
2018-08-14,979.66,981.42,974.47,978.27,149752820,147,171,47,2018-08-14,77.33321745385317,10.15625,0.934762145204418,44.57142857142857,6.2857142857142865,18.937116193431876
2018-08-15,980.93,982.0,961.37,961.37,171025160,106,220,39,2018-08-15,73.7371036344001,0.78125,0.6462418186265932,47.42857142857143,4.571428571428571,17.77357739832434
2018-08-16,952.83,964.28,947.09,964.28,155986290,135,162,68,2018-08-16,73.96163244229743,0.78125,0.675843756545749,49.714285714285715,5.142857142857142,17.24500457935609
2018-08-17,971.4,975.52,964.28,968.88,136124710,137,166,63,2018-08-17,74.33515566770154,0.78125,0.7267142991669148,48.0,7.428571428571429,16.03767923521566
2018-08-20,970.81,973.57,966.46,969.62,159945460,129,178,60,2018-08-20,74.39877997856037,0.78125,0.7163476634636089,46.85714285714286,8.0,14.916591415656685
2018-08-21,968.46,979.21,968.45,979.21,166417760,171,129,68,2018-08-21,76.56799920929771,1.5625,0.8442861887728402,42.285714285714285,6.2857142857142865,14.256263623151916
2018-08-22,979.21,986.36,979.21,982.15,165152300,154,158,56,2018-08-22,78.506341244107,3.125,0.8767101399124738,43.42857142857143,5.714285714285714,14.1015608940231
2018-08-23,984.12,989.45,982.15,987.36,136864890,149,159,60,2018-08-23,80.59065369295614,5.46875,0.9542396413854868,41.714285714285715,4.571428571428571,14.150657700320236
2018-08-24,985.49,989.21,982.88,987.05,154534730,158,155,55,2018-08-24,80.5053970147649,4.6875,0.9325359312344164,40.57142857142857,4.571428571428571,14.19624759188186
2018-08-27,990.77,994.54,987.05,991.92,172686090,154,158,56,2018-08-27,82.47319571837465,8.59375,0.9724260416428776,38.857142857142854,4.0,14.590715640443172
2018-08-28,991.92,995.29,989.81,995.19,160331540,150,169,49,2018-08-28,84.35582965603945,11.71875,0.9649030175960732,36.0,2.857142857142857,15.006844668854932
2018-08-29,994.96,995.19,987.47,988.17,147774090,123,202,43,2018-08-29,82.37785012859354,10.9375,0.7999507759280778,37.714285714285715,3.428571428571429,15.149207812633948
2018-08-30,987.62,998.07,983.43,998.07,156100950,170,133,65,2018-08-30,84.43292372696061,19.53125,0.9407954196808196,37.142857142857146,3.428571428571429,14.862620201393296
2018-08-31,998.55,1003.06,989.54,989.54,163243740,129,174,65,2018-08-31,82.0382169010959,21.09375,0.7506656748467853,37.714285714285715,3.428571428571429,14.993149266423304
2018-09-04,990.79,1003.06,975.94,975.94,172128470,105,210,53,2018-09-04,78.22860553929114,10.15625,0.4679124009307649,37.142857142857146,2.2857142857142856,14.021885607712298
2018-09-05,975.05,978.78,964.8,968.44,161390790,99,220,50,2018-09-05,76.12907567709361,8.59375,0.28844490245079,39.20454545454545,5.113636363636364,13.967114797917866
2018-09-06,968.37,970.84,957.99,958.19,142238280,113,205,51,2018-09-06,65.98767657759086,20.3125,0.0928729825369806,42.61363636363637,6.25,14.370870078462708
2018-09-07,955.5,968.9,955.5,968.9,152617370,192,120,57,2018-09-07,67.24945991522699,21.09375,0.3064066308642341,42.04545454545455,5.681818181818182,14.907004585114771
2018-09-10,969.74,974.59,968.19,970.34,150338320,132,175,62,2018-09-10,67.4244437912956,25.78125,0.3341712347474168,44.88636363636363,5.113636363636364,14.842158565765702
2018-09-11,968.41,985.06,967.92,985.06,158843940,193,116,60,2018-09-11,69.23403354903198,26.5625,0.6420755444768507,44.31818181818182,5.113636363636364,13.857407426423991
2018-09-12,990.0,994.83,985.06,987.01,170858030,154,153,62,2018-09-12,69.47593702856156,26.5625,0.6720381569669176,42.04545454545455,4.545454545454546,13.531440428710145
2018-09-13,987.48,992.96,985.06,987.95,148842470,172,139,58,2018-09-13,69.60002301387485,28.125,0.6723258021275085,39.77272727272727,5.113636363636364,13.228756787975858
2018-09-14,987.95,995.55,987.95,991.34,149728940,159,147,63,2018-09-14,70.07252859777347,25.0,0.725155054381732,36.93181818181818,3.4090909090909087,13.145471708181054
2018-09-17,991.03,993.83,987.02,987.61,146741120,119,205,45,2018-09-17,68.80531594445455,18.75,0.6220408100695737,38.06818181818182,3.977272727272727,12.97475108117169
2018-09-18,983.43,993.49,981.89,993.49,171104330,184,123,62,2018-09-18,69.73450206150855,22.65625,0.7369687673736984,35.79545454545455,3.4090909090909087,12.30348621976118
2018-09-19,998.65,1001.83,993.49,995.54,206247050,172,138,59,2018-09-19,70.06923706291764,20.3125,0.7598756651265306,30.113636363636363,3.977272727272727,12.382052721387163
2018-09-20,995.54,1004.74,995.54,1004.74,179431950,189,117,63,2018-09-20,76.44101216561155,34.375,0.914192923194124,27.27272727272727,4.545454545454546,12.683134535583354
2018-09-21,1006.25,1009.1,1000.39,1002.97,273413180,128,180,61,2018-09-21,75.78041320679175,39.0625,0.8403142724798944,24.431818181818183,4.545454545454546,13.297314026763376
2018-09-24,1008.06,1011.29,1002.97,1011.29,169398920,148,165,56,2018-09-24,81.06663329233271,41.40625,0.94201004108666,20.454545454545457,4.545454545454546,14.033417930251538
2018-09-25,1011.84,1014.53,1008.67,1010.74,198241540,162,144,63,2018-09-25,80.86974611058476,34.375,0.8868756924845893,17.51412429378531,3.954802259887006,14.961803556803671
2018-09-26,1008.93,1014.86,1007.44,1009.61,219897580,178,139,53,2018-09-26,80.43749681931801,23.4375,0.8382049512463448,15.254237288135592,2.2598870056497176,15.660420157446223
2018-09-27,1012.57,1017.78,1009.61,1015.37,180962780,178,135,57,2018-09-27,84.0875107385992,9.375,0.8835808336747777,13.559322033898304,2.2598870056497176,16.545808729984852
2018-09-28,1019.34,1020.84,1015.37,1017.13,224567020,156,163,51,2018-09-28,86.07957878059275,14.0625,0.8730616755210728,11.864406779661016,2.824858757062147,17.611207790449726
2018-10-01,1020.11,1023.87,1012.88,1012.88,225044930,122,195,53,2018-10-01,84.56862914259699,8.59375,0.7834724721178852,11.299435028248588,2.2598870056497176,18.83574976250243
2018-10-02,1014.26,1021.51,1012.88,1018.79,203932870,120,202,48,2018-10-02,86.44804797956598,8.59375,0.8282122766735085,12.429378531073446,1.694915254237288,19.972824450837095
2018-10-03,1021.08,1024.59,1016.47,1020.4,160155660,146,164,61,2018-10-03,88.09073230562586,7.03125,0.8192884674671177,11.299435028248588,2.2598870056497176,21.278528032443468
2018-10-04,1024.68,1024.68,1020.4,1023.62,183870790,174,136,61,2018-10-04,89.58394571270372,4.6875,0.850763034571365,10.16949152542373,2.2598870056497176,22.498395394713015
2018-10-05,1020.21,1023.62,1008.39,1008.39,206650560,93,229,49,2018-10-05,84.74435044005034,0.78125,0.5975638007963217,12.994350282485875,2.824858757062147,21.705278976900217
2018-10-08,1003.31,1008.39,996.12,996.12,185949540,109,203,59,2018-10-08,80.95010337119656,0.78125,0.3427038257469118,13.559322033898304,2.824858757062147,20.745774236408685
2018-10-09,998.7,1001.87,996.12,996.19,178954450,128,184,59,2018-10-09,80.95534210327939,6.25,0.3237726071243698,18.64406779661017,2.824858757062147,19.85480554880941
2018-10-10,998.66,999.62,991.22,993.96,171846560,109,202,60,2018-10-10,71.92930306527556,10.15625,0.2604713470954954,22.033898305084744,3.389830508474576,19.522735715341103
2018-10-11,972.21,993.96,938.83,945.89,344023630,32,320,19,2018-10-11,54.712863436355434,57.03125,-0.3297360348012971,45.19774011299435,7.344632768361582,22.03283317168413
2018-10-12,939.2,970.08,933.35,970.08,203631780,250,80,42,2018-10-12,58.07591100251477,59.375,0.0721928603686018,42.3728813559322,3.954802259887006,24.524930544187757
2018-10-15,968.8,970.08,951.64,951.64,123102110,112,219,41,2018-10-15,54.73885432188146,65.625,-0.0627145925210977,48.58757062146893,6.214689265536723,26.839020961512553
2018-10-16,950.36,963.69,950.36,963.37,117735940,196,126,50,2018-10-16,56.452999408899046,71.09375,0.1178791852684897,47.45762711864407,6.214689265536723,29.02878335004123
2018-10-17,973.14,975.27,963.37,971.6,137768810,196,124,52,2018-10-17,57.66447180886221,67.96875,0.2296872786381529,45.19774011299435,5.084745762711865,29.77050845219196
2018-10-18,968.93,971.6,962.68,963.47,126109950,98,225,50,2018-10-18,56.006900541151346,70.3125,0.180338800845733,46.32768361581921,6.779661016949152,30.490904025156688
2018-10-19,949.94,963.47,945.83,958.36,132371320,106,202,65,2018-10-19,54.937965046446806,64.0625,0.1678819152851367,48.58757062146893,6.779661016949152,31.852841995380853
2018-10-22,958.36,963.79,953.51,953.51,133005070,111,215,47,2018-10-22,53.8867359829684,60.9375,0.1625590952265509,50.84745762711864,9.03954802259887,33.08237056790507
2018-10-23,950.12,953.51,925.38,939.68,181840880,80,261,32,2018-10-23,39.72057369407715,56.25,0.0938982181383289,60.451977401129945,14.689265536723164,35.08775703876678
2018-10-24,935.25,939.68,922.73,922.73,132105240,94,232,48,2018-10-24,30.8171570896753,57.8125,0.0294540763994418,72.31638418079096,20.33898305084746,37.01515107788698
2018-10-25,902.59,922.73,885.34,910.17,163619880,67,260,47,2018-10-25,24.804374354540755,64.84375,0.0148812501121271,76.27118644067797,23.16384180790961,39.51812644769681
2018-10-26,918.11,918.16,900.82,900.82,133621650,122,205,47,2018-10-26,20.1177567489233,73.4375,0.0247914912757937,77.40112994350282,28.24858757062147,41.84231786252022
2018-10-29,895.05,900.82,884.92,888.82,113424680,109,213,52,2018-10-29,16.4317513272089,78.125,0.0231450372124289,79.09604519774011,35.02824858757062,44.22986973325208
2018-10-30,881.32,894.8,880.85,888.69,119547410,143,178,53,2018-10-30,14.219280008755485,84.375,0.0772368732656391,78.53107344632768,37.28813559322034,46.50112772237031
2018-10-31,894.23,914.76,888.69,914.76,159222360,227,100,47,2018-10-31,17.9598603404394,81.25,0.2578601986359337,75.70621468926554,29.37853107344633,46.855605041626184
2018-11-01,915.52,918.84,888.69,907.96,121693330,100,224,50,2018-11-01,17.742531457545837,82.8125,0.2348558203644866,76.8361581920904,28.8135593220339,46.86233067662699
2018-11-02,911.35,927.62,888.69,924.86,209087970,201,121,52,2018-11-02,20.323065452427535,79.6875,0.3674789467534352,76.8361581920904,23.16384180790961,46.19044781492996
2018-11-05,920.87,925.53,915.77,925.53,121121310,129,173,72,2018-11-05,20.429641188918826,67.96875,0.3910947281935421,77.96610169491525,22.033898305084744,45.56655658621129
2018-11-06,931.0,931.27,921.93,922.05,120442560,142,167,65,2018-11-06,20.27792276767204,60.15625,0.3831078527007863,77.96610169491525,22.598870056497177,44.52874502685755
2018-11-07,922.03,924.6,915.41,922.16,126800490,111,200,63,2018-11-07,20.298071351710306,52.34375,0.4038426094204559,78.53107344632768,22.033898305084744,43.831239823618134
2018-11-08,928.69,932.86,922.16,926.28,136692720,182,137,55,2018-11-08,21.102373222984504,43.75,0.4518692288133619,77.40112994350282,20.33898305084746,42.522629544645454
2018-11-09,921.11,926.28,914.29,914.29,131109630,91,226,57,2018-11-09,20.45543094661305,39.0625,0.356403127849156,76.8361581920904,20.33898305084746,41.657667942506194
2018-11-12,909.36,918.99,903.95,918.12,109808760,123,191,61,2018-11-12,21.28557381367628,38.28125,0.4100246936666145,75.28089887640449,19.662921348314608,41.27791975705372
2018-11-13,904.35,918.12,903.48,907.99,132807600,0,0,0,2018-11-13,20.67110292636376,39.0625,0.3252135926105622,74.71910112359551,21.34831460674157,40.94417932167649
2018-11-14,904.16,910.58,898.83,900.93,125187850,127,183,65,2018-11-14,20.23272343012687,39.0625,0.2624561639940559,75.28089887640449,21.910112359550563,40.82614337083415
2018-11-15,901.13,903.83,892.5,897.15,134989500,123,188,64,2018-11-15,19.988304786881915,32.8125,0.2303837318794117,75.84269662921348,24.15730337078652,40.970143605902216
2018-11-16,901.44,903.21,894.14,898.19,142498160,175,133,67,2018-11-16,20.273674550149508,19.53125,0.2548523328402696,72.47191011235955,20.786516853932586,41.103858109893984
2018-11-19,902.65,916.06,898.19,916.06,123860310,192,120,63,2018-11-19,25.209681497936167,20.3125,0.5683382930694038,68.53932584269663,14.04494382022472,39.99318249161562
2018-11-20,909.76,919.02,909.76,919.02,126164590,130,179,66,2018-11-20,26.02664224175979,19.53125,0.6597049682676553,69.10112359550563,13.48314606741573,38.7004368372824
2018-11-21,909.83,922.56,907.47,922.56,119083100,149,165,61,2018-11-21,27.052908431244735,18.75,0.7335534554720652,66.29213483146067,11.797752808988765,37.18499697761938
2018-11-22,924.93,926.15,922.02,924.42,114412140,146,167,62,2018-11-22,27.62109512926992,18.75,0.7502170765811593,62.92134831460674,11.235955056179774,35.45879915028697
2018-11-23,923.91,925.59,916.87,917.97,111905790,114,212,49,2018-11-23,26.84036148403772,17.1875,0.6045119077499466,64.24581005586593,11.1731843575419,34.20053463996576
2018-11-26,915.67,921.96,914.43,921.03,90451440,143,184,48,2018-11-26,27.881846428042937,16.40625,0.6503258384318008,62.56983240223464,10.614525139664805,33.193663695644624
2018-11-27,925.31,930.37,921.03,923.12,109001530,127,197,51,2018-11-27,28.629175201756244,14.0625,0.6885665076824553,64.24581005586593,11.1731843575419,31.463506831577117
2018-11-28,922.29,930.2,922.18,930.2,96777710,131,177,68,2018-11-28,39.33489598735232,25.78125,0.8420289819249858,64.44444444444444,11.666666666666666,29.85693260065729
2018-11-29,934.88,937.75,926.79,926.79,117424890,122,195,59,2018-11-29,38.690041113710585,32.03125,0.7295434515693626,63.888888888888886,11.11111111111111,27.768555572953872
2018-11-30,924.49,928.92,921.08,926.54,128769250,147,161,69,2018-11-30,38.640027099204275,34.375,0.7192801278659455,66.11111111111111,11.11111111111111,26.22157479970095
2018-12-03,937.7,951.59,926.54,951.59,158946860,225,113,39,2018-12-03,52.91405665003483,52.34375,1.1610505469792087,53.888888888888886,6.111111111111111,25.597717801198137
2018-12-04,952.97,960.44,950.89,958.84,177097760,139,178,60,2018-12-04,63.32542588354008,54.6875,1.124983215797256,49.44444444444444,6.666666666666667,25.52235513327028
2018-12-05,950.34,960.87,946.97,957.14,153998080,144,170,63,2018-12-05,62.912594218381784,54.6875,1.0007677254769378,47.22222222222222,7.222222222222221,25.103767195465533
2018-12-06,957.14,959.58,948.44,954.82,145040180,120,198,59,2018-12-06,62.31553833786451,57.8125,0.911553720016138,48.333333333333336,6.111111111111111,24.715078396075416
2018-12-07,956.49,962.39,954.82,958.59,151647570,179,133,65,2018-12-07,62.93117469357458,60.15625,0.903435946284758,43.888888888888886,4.444444444444445,24.535206349364064
2018-12-10,955.06,958.59,951.5,955.89,129252710,119,199,60,2018-12-10,62.14811120544282,64.0625,0.8301817578541021,44.19889502762431,4.41988950276243,24.031307370236217
2018-12-11,955.93,957.97,949.4,954.58,126821330,118,206,54,2018-12-11,61.74665627551251,62.5,0.7837104884280739,46.96132596685083,3.867403314917127,23.34843489500924
2018-12-12,956.32,961.28,954.58,961.28,143971260,182,129,67,2018-12-12,68.8994875106134,58.59375,0.8304067101417574,41.988950276243095,4.41988950276243,22.96891932057444
2018-12-13,961.28,966.83,960.1,960.25,145835490,145,171,62,2018-12-13,68.57110241956731,53.90625,0.7956445195227565,40.331491712707184,3.867403314917127,23.026225774287973
2018-12-14,958.78,960.25,951.04,952.04,131393080,105,220,53,2018-12-14,65.87594036504856,45.3125,0.6750722183206991,43.0939226519337,4.41988950276243,22.110932452694023
2018-12-17,948.09,952.04,933.65,933.65,143135290,68,266,44,2018-12-17,60.170962473870105,42.1875,0.3984178605208987,48.06629834254144,4.972375690607735,21.25565779644568
2018-12-18,933.65,933.65,917.03,927.25,155653890,86,243,49,2018-12-18,58.27938123377214,42.1875,0.2920170856240241,55.80110497237569,7.734806629834254,21.486481264258288
2018-12-19,926.35,927.25,914.66,919.24,119410210,109,214,55,2018-12-19,47.67678109689574,52.34375,0.1768792153548539,57.4585635359116,13.812154696132598,21.82992358805876
2018-12-20,915.5,921.79,914.18,918.24,107806880,144,173,61,2018-12-20,39.7113949822969,63.28125,0.1737997832583053,59.11602209944752,14.3646408839779,22.17617703059915
2018-12-21,911.57,918.24,907.88,912.26,131219760,132,179,67,2018-12-21,32.95768596356173,71.875,0.1004788745493231,62.98342541436463,14.917127071823206,22.85587579580754
2018-12-24,912.9,916.41,908.56,908.56,109246400,102,221,55,2018-12-24,27.534117346531637,75.78125,0.0785824341315594,67.40331491712708,15.469613259668508,23.48702464921533
2018-12-25,893.53,908.56,882.17,897.94,168379500,57,265,56,2018-12-25,22.700693379032355,82.03125,0.0037399783363516,70.71823204419888,20.994475138121548,25.289886201164222
2018-12-26,896.63,899.49,890.86,891.75,104065930,138,173,67,2018-12-26,18.799415146889785,84.375,0.0107755539493989,71.8232044198895,24.30939226519337,26.96397192797391
2018-12-27,904.8,918.24,882.17,900.81,112522140,213,113,52,2018-12-27,20.71154941485244,84.375,0.1443206526661703,69.06077348066299,19.337016574585636,26.70755366780664
2018-12-28,903.79,906.63,891.75,892.54,123558630,119,196,63,2018-12-28,20.242957083438935,84.375,0.1051115699195755,68.33333333333333,21.11111111111111,26.469450997651315
2019-01-02,903.79,906.63,891.1,891.75,91857070,105,226,47,2019-01-02,20.195951097836794,80.46875,0.1431745546104373,72.22222222222221,22.22222222222222,26.28561210062267
2019-01-03,889.78,892.21,872.12,878.22,135125060,63,257,58,2019-01-03,16.032825006257248,76.5625,0.078751704679184,75.0,31.11111111111111,27.073344445184222
2019-01-04,872.69,881.48,861.85,880.9,117664070,141,172,65,2019-01-04,16.637431914918196,71.875,0.1449191772634095,75.55555555555556,32.22222222222222,28.221979855294904
2019-01-07,890.47,896.63,880.9,889.64,87417130,195,129,54,2019-01-07,18.693558458244407,63.28125,0.2459142071803203,76.66666666666667,28.333333333333332,27.97023425814756
2019-01-08,891.37,891.87,883.67,887.44,92128530,119,190,69,2019-01-08,18.56940106597635,56.25,0.2514289972068439,75.55555555555556,27.77777777777778,27.73647048936788
2019-01-09,890.26,897.25,887.44,896.99,121796320,177,133,68,2019-01-09,21.02159237672328,42.96875,0.3543052905806014,73.88888888888889,25.0,27.070297627138046
2019-01-10,897.85,899.47,895.17,898.3,102404440,129,194,55,2019-01-10,21.371376425762698,16.40625,0.3851628943838564,73.33333333333333,20.555555555555554,26.26635034964793
2019-01-11,899.1,904.37,898.3,902.71,107782500,157,150,71,2019-01-11,22.613905428066015,10.9375,0.4516994955511518,71.66666666666667,20.555555555555554,25.110226096794793
2019-01-14,903.83,903.83,897.18,901.8,102797710,123,192,64,2019-01-14,22.53477081320649,7.03125,0.4688837611988494,74.03314917127072,22.099447513812155,24.11402063824376
2019-01-15,901.21,909.68,898.92,909.68,106149230,189,124,67,2019-01-15,31.463958425960296,12.5,0.6303523320596797,68.68131868131869,19.78021978021978,22.68528158686831
2019-01-16,911.32,912.48,906.39,908.7,107555090,132,179,69,2019-01-16,31.342760712665775,21.09375,0.6546039014114223,67.58241758241759,19.78021978021978,21.123136088535976
2019-01-17,908.48,909.06,901.89,901.89,117379940,100,216,64,2019-01-17,30.46458376098979,22.65625,0.5536823765157866,66.48351648351648,18.13186813186813,20.040642156481873
2019-01-18,902.7,906.35,900.64,902.3,98216800,127,199,54,2019-01-18,30.590674746238975,25.0,0.5892018496668038,70.32967032967034,20.87912087912088,19.13825766913494
2019-01-21,905.25,911.74,902.3,911.05,119012350,161,171,48,2019-01-21,39.97647272241373,32.8125,0.8296694311595345,65.93406593406593,21.978021978021975,17.791290812023217
2019-01-22,912.73,913.37,906.55,906.55,122327990,122,206,52,2019-01-22,39.19412350808682,13.28125,0.7294554490170554,65.93406593406593,20.32967032967033,16.651939990212615
2019-01-23,905.73,910.12,905.12,908.02,103749070,116,201,63,2019-01-23,39.60989191935825,3.90625,0.7704289338336213,64.83516483516483,16.483516483516482,15.473580012604968
2019-01-24,908.56,910.59,906.59,908.79,93576170,141,188,51,2019-01-24,39.841929276694074,0.78125,0.7676159888104223,64.28571428571429,16.483516483516482,14.406528916813528
2019-01-25,908.86,911.59,907.96,908.88,94869510,134,195,51,2019-01-25,39.87101048698571,0.78125,0.7443984290947236,63.73626373626373,14.835164835164836,13.526067730178108
2019-01-28,912.53,913.43,908.88,912.18,105335970,135,184,61,2019-01-28,44.727553224778575,0.78125,0.8016720850754475,61.53846153846154,13.736263736263735,12.91737527702355
2019-01-29,913.67,915.93,907.09,915.93,97050250,125,185,70,2019-01-29,49.79585119342645,1.5625,0.8499103164753102,59.34065934065934,14.285714285714285,12.63625268946924
2019-01-30,914.08,917.8,913.48,915.84,101720060,140,180,60,2019-01-30,49.770761080749466,3.125,0.812070608032862,57.692307692307686,14.835164835164836,12.587322044723726
2019-01-31,919.51,920.36,910.38,910.65,110220270,145,177,58,2019-01-31,48.26063902307398,0.78125,0.6793273428947846,54.94505494505495,14.835164835164836,12.101754725874184
2019-02-01,911.98,912.81,907.52,908.67,101242400,182,136,62,2019-02-01,47.66643855519644,1.5625,0.609180817376381,51.64835164835166,14.285714285714285,11.259072972176323
2019-02-11,916.98,926.1,908.67,926.1,105483580,214,128,38,2019-02-11,54.967416938458214,5.46875,1.084445055782699,46.15384615384615,9.34065934065934,11.9436555002626
2019-02-12,930.37,938.64,926.1,937.54,172197210,180,146,54,2019-02-12,63.12531876626418,21.09375,1.2455967028702326,39.56043956043956,7.6923076923076925,13.558086078232282
2019-02-13,937.61,945.25,937.34,945.25,176159810,194,131,55,2019-02-13,70.14290140536087,56.25,1.2020725983658738,31.868131868131865,7.142857142857142,15.475513831262914
2019-02-14,946.21,953.66,945.25,952.34,156655320,144,185,51,2019-02-14,75.49684131141271,71.875,1.1522089436659515,30.21978021978022,3.296703296703297,17.72087351435533
2019-02-15,951.9,955.4,948.26,950.89,145322500,142,184,54,2019-02-15,75.03797199306796,77.34375,1.0203629483397447,26.923076923076923,2.7472527472527473,19.895929720423
2019-02-18,954.85,961.3,950.89,961.3,169171360,175,160,45,2019-02-18,79.87768024006576,80.46875,1.0553093592787408,24.725274725274726,3.296703296703297,22.21111633649201
2019-02-19,962.84,971.92,961.3,964.35,195093270,97,224,59,2019-02-19,83.48195339102378,83.59375,0.9985188759720398,25.82417582417583,3.296703296703297,24.817386119075135
2019-02-20,964.37,972.75,964.35,970.58,145267490,137,185,58,2019-02-20,86.39907402038475,85.15625,0.983634053112824,28.021978021978025,2.197802197802198,27.270392992285423
2019-02-21,972.82,987.57,970.31,987.57,162918220,124,198,58,2019-02-21,89.05252242880411,92.1875,1.0487795738137335,28.57142857142857,4.395604395604396,30.063287630731203
2019-02-22,983.99,993.05,982.86,988.91,199234030,145,176,59,2019-02-22,90.97984633084222,96.09375,0.979566070034248,27.47252747252747,3.8461538461538463,32.81449558145427
2019-02-25,996.06,999.9,988.91,994.43,192681550,181,147,52,2019-02-25,92.49968846965672,96.875,0.953233285366628,25.274725274725274,2.7472527472527473,35.551537522539626
2019-02-26,991.63,996.44,979.24,987.06,209790990,133,187,61,2019-02-26,91.07941434978828,93.75,0.8510762588623627,23.626373626373624,3.296703296703297,36.74916043641781
2019-02-27,990.06,994.46,987.06,990.27,204616980,165,168,48,2019-02-27,91.1432011639714,80.46875,0.8376290245711554,22.52747252747253,3.296703296703297,37.86123885644755
2019-02-28,989.84,990.27,965.47,965.47,197428310,99,244,38,2019-02-28,86.02526465692894,72.65625,0.6267765645379164,25.82417582417583,3.8461538461538463,36.48292513053348
2019-03-01,971.05,980.82,965.47,979.63,147716480,238,97,46,2019-03-01,86.49167520744776,67.1875,0.718399099251792,22.52747252747253,2.7472527472527473,35.20306238504185
2019-03-04,983.5,994.46,979.63,993.99,209754090,230,108,43,2019-03-04,86.96674090484237,60.15625,0.806627144252364,19.78021978021978,2.197802197802198,34.827144937673275
2019-03-05,990.08,1000.25,987.92,992.45,243416220,159,165,57,2019-03-05,86.61494080701914,57.8125,0.7679225339906061,18.13186813186813,2.197802197802198,34.77845139095199
2019-03-06,993.01,994.49,985.51,994.49,189551540,175,146,60,2019-03-06,88.0845554258389,44.53125,0.7620593663687497,18.13186813186813,3.296703296703297,34.482186000045836
2019-03-07,995.65,1004.55,994.03,994.03,187770040,148,180,53,2019-03-07,87.97480719784505,28.125,0.7417174524173608,17.582417582417584,3.8461538461538463,34.7291899477656
2019-03-08,987.89,994.03,984.48,985.25,176347260,117,223,41,2019-03-08,85.77798475598911,11.71875,0.6415655642377022,20.32967032967033,3.296703296703297,34.00038090637102
2019-03-11,982.94,987.11,981.34,984.6,142651930,158,174,49,2019-03-11,85.60755232571627,9.375,0.6159066412270238,19.230769230769234,3.296703296703297,33.027542780637475
2019-03-12,991.14,1001.32,984.6,1001.32,179893460,0,0,0,2019-03-12,87.1267837957366,11.71875,0.8259896285449807,17.582417582417584,2.7472527472527473,32.91803585402895
2019-03-13,1003.75,1009.77,1001.32,1005.41,197620220,169,153,59,2019-03-13,88.57386299193551,17.1875,0.864212363364297,18.13186813186813,2.7472527472527473,33.21786917905862
2019-03-14,1006.37,1011.39,1002.09,1009.56,170460340,0,0,0,2019-03-14,89.92080201271267,32.03125,0.8974032407190269,17.032967032967033,3.296703296703297,33.57111464890306
2019-03-15,1008.44,1008.44,1001.1,1004.12,207003710,133,201,47,2019-03-15,88.53403893917584,36.71875,0.7992181909898777,18.68131868131868,2.7472527472527473,33.79210246541979
2019-03-18,1004.12,1013.29,1004.12,1011.86,188364570,175,159,47,2019-03-18,89.95649125110504,46.875,0.9087486365751972,18.68131868131868,3.296703296703297,34.24213716123587
2019-03-19,1013.75,1014.51,1004.22,1006.59,198984160,130,202,49,2019-03-19,88.61159515285792,19.53125,0.7916456373433428,18.68131868131868,2.197802197802198,34.72185463995396
2019-03-20,1002.86,1006.59,992.02,1002.3,180045630,120,211,50,2019-03-20,87.46522986166946,11.71875,0.6856942524042597,21.978021978021975,2.7472527472527473,33.81158111783205
2019-03-21,1005.12,1006.37,981.78,981.78,182708030,95,230,56,2019-03-21,82.0006766722378,17.1875,0.2406340341602601,25.274725274725274,3.296703296703297,32.02094713875983
2019-03-22,984.9,990.07,981.3,988.71,151811080,155,162,64,2019-03-22,82.40058280440351,20.3125,0.3919874104909214,25.82417582417583,2.7472527472527473,30.31590212379017
2019-03-25,976.53,988.71,964.76,970.07,177632670,78,260,43,2019-03-25,72.01044725307388,43.75,0.0567350005712026,41.75824175824176,4.395604395604396,28.86736113681176
2019-03-26,970.07,978.99,966.9,969.79,139645020,144,169,68,2019-03-26,63.350314848812374,55.46875,0.0983221331970987,43.95604395604395,4.395604395604396,27.52228736318895
2019-03-27,976.67,979.32,969.79,975.91,112974060,199,119,63,2019-03-27,64.028044772453,58.59375,0.2331221343281333,42.857142857142854,3.296703296703297,26.242825788006243
2019-03-28,973.44,983.18,972.6,982.98,122202110,157,175,49,2019-03-28,64.83700095258602,58.59375,0.3293755672680674,41.75824175824176,4.395604395604396,24.690283828133985
2019-03-29,985.35,988.24,980.76,980.76,131921800,153,169,59,2019-03-29,64.3476595612053,59.375,0.2841412562142701,44.505494505494504,4.945054945054945,23.065071552019788
2019-04-01,980.76,988.53,980.76,988.53,137258330,153,180,48,2019-04-01,65.33382038296173,56.25,0.4414641189868468,42.857142857142854,4.945054945054945,21.58250441616083
2019-04-02,994.87,996.41,985.48,985.81,139423310,142,172,67,2019-04-02,64.659564040018,48.4375,0.3952968139174557,42.857142857142854,4.945054945054945,20.902736586665213
2019-04-03,984.74,985.81,980.3,984.46,128758900,140,183,58,2019-04-03,64.30484846877457,46.09375,0.3793588217796015,45.05494505494506,6.593406593406594,19.742944584258908
2019-04-04,987.47,989.08,982.94,986.91,131989370,178,145,58,2019-04-04,64.6835020875724,25.0,0.4336848811340935,45.604395604395606,4.945054945054945,18.958556749750883
2019-04-05,986.91,990.38,986.39,989.26,129755950,159,155,67,2019-04-05,65.06629509027157,11.71875,0.4751914664333611,42.857142857142854,4.395604395604396,18.347905932917815
2019-04-08,989.26,997.56,989.26,997.56,146953600,0,0,0,2019-04-08,66.44948087563859,8.59375,0.6237946618152407,41.2087912087912,5.4945054945054945,18.40166256582279
2019-04-09,999.89,1000.02,987.82,988.48,152345600,112,224,45,2019-04-09,63.487928182652,9.375,0.4592761889634268,44.505494505494504,4.945054945054945,18.65126659099794
2019-04-10,984.79,988.48,976.83,981.91,136497840,113,216,52,2019-04-10,61.35705984307006,8.59375,0.3483540504096444,48.61878453038674,6.077348066298343,17.641826192774772
2019-04-11,984.46,985.95,981.06,985.95,117588860,163,171,47,2019-04-11,62.19727260788488,5.46875,0.4507296070131918,48.61878453038674,7.734806629834254,16.704488680138972
2019-04-12,984.66,985.95,980.26,982.9,111898230,147,186,48,2019-04-12,61.11687549752977,5.46875,0.4018056225629619,50.82872928176796,5.524861878453039,15.745323033889514
2019-04-16,970.87,982.9,963.06,977.17,130941660,108,217,56,2019-04-16,59.04190511814757,3.90625,0.2778635964560003,56.9060773480663,6.077348066298343,15.979292204847347
2019-04-17,977.17,980.71,972.1,972.1,148469420,112,219,50,2019-04-17,50.790601387732494,7.03125,0.1496582064096373,62.637362637362635,9.34065934065934,16.196549292165336
2019-04-18,969.5,973.73,962.05,962.3,137181210,74,246,60,2019-04-18,42.03006221088884,16.40625,-0.0800473443334659,67.03296703296702,13.186813186813188,17.136531886815522
2019-04-19,968.27,971.73,962.3,966.21,96080150,185,144,51,2019-04-19,43.200032151125725,21.09375,0.093793515222531,65.93406593406593,10.989010989010987,18.009372867562124
2019-04-22,963.78,966.69,959.33,965.86,115805120,102,227,51,2019-04-22,43.116146480975814,28.125,0.131824235393024,68.13186813186813,12.637362637362637,19.031346546152815
2019-04-23,964.84,970.98,964.35,968.0,112653940,157,155,68,2019-04-23,43.83428041358451,34.375,0.1952636678432044,69.61325966850829,11.60220994475138,19.40187275796675
2019-04-24,969.66,978.71,968.0,976.92,121107830,192,123,65,2019-04-24,46.84648320808223,32.03125,0.4171758236871569,69.06077348066299,11.049723756906078,18.804032094457035
2019-04-25,976.34,976.92,971.92,974.13,112382890,110,199,71,2019-04-25,46.01522027112908,25.78125,0.3453452587151105,68.50828729281768,12.70718232044199,18.24889433548373
2019-04-26,972.86,979.64,970.73,979.64,107350700,153,158,69,2019-04-26,47.978474693404536,14.0625,0.4972357720040233,66.85082872928176,9.94475138121547,17.404097522303292
2019-05-02,978.81,979.93,975.51,978.5,123917210,107,210,63,2019-05-02,47.59283232827595,10.15625,0.46967635188038,66.85082872928176,11.049723756906078,16.58357408431684
2019-05-03,976.77,978.5,971.75,974.14,127740220,118,208,54,2019-05-03,46.067721669561806,9.375,0.3696123713817325,69.06077348066299,12.70718232044199,16.239233089412437
2019-05-06,964.37,974.14,955.41,957.97,133510960,85,268,27,2019-05-06,37.7151289339364,11.71875,0.0165701389712203,73.48066298342542,20.994475138121548,17.339400871834098
2019-05-07,961.31,965.61,955.42,957.56,121330080,152,171,58,2019-05-07,32.0479335352495,12.5,0.0729276040101299,72.52747252747253,21.428571428571427,18.36098524122564
2019-05-08,950.1,957.56,947.86,951.22,118717980,113,199,69,2019-05-08,27.124995096955068,21.875,0.0140551821087066,71.42857142857143,20.32967032967033,19.83619772772355
2019-05-09,950.45,953.66,944.91,947.01,114863670,115,214,52,2019-05-09,22.79538331540898,35.9375,0.008537712241971,72.52747252747253,24.175824175824175,21.394903629496348
2019-05-10,950.37,953.92,947.01,952.55,114647770,181,137,63,2019-05-10,24.984689842730077,46.09375,0.1392786797941837,68.68131868131869,22.52747252747253,22.80080506177404
2019-05-13,952.11,958.54,951.76,958.54,124693720,163,158,59,2019-05-13,27.382454782734087,47.65625,0.2837515511824878,65.38461538461539,19.78021978021978,23.373466716256942
2019-05-14,957.74,965.34,955.79,965.34,135189670,146,169,65,2019-05-14,30.113426593338605,47.65625,0.4469509888260141,65.38461538461539,20.32967032967033,22.93944533637952
2019-05-15,967.95,977.65,965.34,975.64,154156590,199,129,53,2019-05-15,34.1529048050354,50.78125,0.7022232507758489,62.637362637362635,12.637362637362637,21.470504021460016
2019-05-16,976.19,981.22,975.64,975.69,129973620,123,190,68,2019-05-16,34.17279570332253,50.78125,0.7217170117672391,59.34065934065934,12.637362637362637,20.45354994348899
2019-05-17,977.85,980.04,974.91,976.48,120457430,125,197,59,2019-05-17,34.50941454304612,53.125,0.743224014242555,61.53846153846154,12.087912087912088,19.426197184651745
2019-05-20,981.92,987.13,981.91,987.13,134337940,173,142,65,2019-05-20,48.82243115855122,57.03125,0.9491136700761416,59.11602209944752,10.497237569060774,19.15552507286109
2019-05-21,989.67,992.84,986.07,986.29,124573780,130,197,53,2019-05-21,48.58302248652725,63.28125,0.8783848235727061,56.353591160220994,9.392265193370166,19.39326189605363
2019-05-22,986.97,992.26,982.68,983.78,127215170,132,196,52,2019-05-22,47.8283047053088,68.75,0.7937981708892264,55.24861878453039,8.83977900552486,19.182420397995603
2019-05-23,982.0,984.57,977.17,982.71,107963620,135,176,68,2019-05-23,47.489621624964215,70.3125,0.7477758819702135,53.591160220994475,7.18232044198895,18.325528412310863
2019-05-24,976.43,983.14,970.03,970.03,128053180,112,215,52,2019-05-24,43.55363943736632,67.1875,0.4891960188045385,54.14364640883977,8.287292817679557,17.267734769133593
2019-05-27,970.73,975.4,970.03,975.14,95899120,141,171,67,2019-05-27,45.51351952612505,60.9375,0.5948033954444689,50.82872928176796,10.497237569060774,16.2854978147547
2019-05-28,977.02,978.8,969.51,972.0,120728740,148,172,59,2019-05-28,44.49125879107821,32.03125,0.5332275163769256,51.66666666666667,11.666666666666666,15.257496772016337
2019-05-29,972.75,974.96,969.55,971.54,120297710,134,196,50,2019-05-29,44.334160083742795,17.96875,0.5326118099283048,51.38121546961326,9.94475138121547,14.302924375187857
2019-05-30,971.04,974.56,967.21,969.34,105520020,129,191,61,2019-05-30,43.542281438904624,9.375,0.496539741941973,50.82872928176796,11.049723756906078,13.437482745247747
2019-05-31,968.84,969.94,959.88,959.88,114110930,91,230,60,2019-05-31,40.215906871147546,14.0625,0.3151798087523376,55.24861878453039,12.154696132596683,13.465337570812652
2019-06-03,953.58,959.88,940.28,946.47,141641430,73,267,41,2019-06-03,29.710178758745705,46.875,0.0767943089790247,62.430939226519335,16.574585635359114,15.06221395876482
2019-06-04,945.62,951.42,943.21,951.16,102807600,160,157,64,2019-06-04,31.919412843345658,60.15625,0.1830316713781759,64.08839779005525,16.022099447513813,16.545027747577546
2019-06-05,956.46,958.39,951.16,951.41,95438950,181,140,60,2019-06-05,32.04202726679707,65.625,0.1872885149458593,62.98342541436463,16.574585635359114,16.997954259243244
2019-06-06,951.41,951.41,939.35,948.21,100777880,110,192,79,2019-06-06,31.265811210638923,67.1875,0.1226959686575273,62.295081967213115,19.12568306010929,18.234050205397654
2019-06-07,951.64,958.28,948.21,958.28,97844860,210,121,51,2019-06-07,36.48056089388502,60.9375,0.3051351972924639,60.10928961748634,14.207650273224044,18.567601621338156
2019-06-10,963.78,966.9,958.28,962.9,118770610,161,164,57,2019-06-10,38.77556073391208,47.65625,0.3899617916084789,59.01639344262295,12.568306010928962,17.974058243932003
2019-06-11,962.43,964.81,959.98,962.07,95697370,143,185,54,2019-06-11,38.50638890949154,32.03125,0.3774124702026751,59.01639344262295,14.207650273224044,17.42291082205486
2019-06-12,960.6,962.07,953.83,954.17,100019840,110,215,57,2019-06-12,35.948476421139745,28.90625,0.2482381706218746,60.65573770491803,12.568306010928962,17.414053169261113
2019-06-13,951.26,954.17,946.29,950.08,98544550,116,200,66,2019-06-13,34.66460923685156,25.0,0.2027962141751479,59.01639344262295,13.114754098360656,17.960313125300367
2019-06-14,948.65,954.7,948.65,953.61,115323520,146,165,71,2019-06-14,36.763751103694275,18.75,0.290774548418106,59.01639344262295,12.568306010928962,18.404528910567116
2019-06-17,953.97,955.18,944.47,946.95,104932990,119,203,60,2019-06-17,34.51089366464883,11.71875,0.1918887181259679,61.20218579234973,16.39344262295082,19.12320455972069
2019-06-18,945.73,947.3,938.95,944.01,108309080,113,209,60,2019-06-18,27.586826388396275,7.8125,0.1598742604785935,63.934426229508205,20.21857923497268,20.170802710171607
2019-06-19,948.92,950.04,944.01,949.69,113819830,172,145,65,2019-06-19,30.93318390938662,7.03125,0.2926250254329418,60.65573770491803,19.12568306010929,20.77794384328452
2019-06-20,949.48,962.33,948.97,959.18,129261230,136,107,139,2019-06-20,36.23516931646201,7.8125,0.5353522082247715,58.46994535519126,14.207650273224044,19.90809769911411
2019-06-21,962.69,964.52,959.12,959.2,172955940,172,145,65,2019-06-21,36.246276990074506,9.375,0.5520748653426514,57.92349726775956,14.754098360655735,18.874932487978313
2019-06-24,949.48,967.11,962.63,962.85,113476250,115,200,67,2019-06-24,38.35672733675655,10.9375,0.684254312854834,57.377049180327866,14.207650273224044,17.646722456550393
2019-06-25,949.48,963.23,960.06,960.13,120760130,104,228,50,2019-06-25,37.36410310621994,10.9375,0.6329965704989651,58.46994535519126,15.300546448087433,16.764277029699226
2019-06-26,949.48,962.7,958.49,959.13,119422620,144,191,47,2019-06-26,36.98514911940182,11.71875,0.6360059657629724,56.830601092896174,15.300546448087433,16.104524807705737
2019-06-27,949.48,958.07,943.11,943.11,122886150,92,237,53,2019-06-27,30.411578177631476,15.625,0.0756970985920492,60.65573770491803,15.846994535519126,16.808664113197427
2019-06-28,944.53,949.94,939.12,949.94,119513470,175,149,58,2019-06-28,34.723682127014435,13.28125,0.3560889448882793,61.20218579234973,14.754098360655735,17.741512381461085
2019-07-01,958.92,965.61,949.94,965.61,123426860,216,126,50,2019-07-01,46.48762614468103,21.09375,0.9112086430578898,57.377049180327866,11.475409836065571,16.915458275891183
2019-07-02,964.77,966.76,959.8,961.98,107519450,124,209,59,2019-07-02,45.07621503114533,23.4375,0.7502644693377695,60.65573770491803,12.021857923497269,16.04061473097609
2019-07-03,960.44,961.98,956.91,960.39,113731280,139,192,61,2019-07-03,44.43976675220439,25.78125,0.6748518233300047,57.377049180327866,9.836065573770492,15.48048906859071
2019-07-04,961.78,973.04,960.39,973.04,135119630,192,142,58,2019-07-04,56.8036966218162,34.375,1.0281232846225452,53.551912568306015,7.650273224043716,14.812679048361836
2019-07-05,973.04,975.34,970.16,975.34,117184620,153,185,54,2019-07-05,65.6645165610074,36.71875,1.0062048086357107,50.81967213114754,6.0109289617486334,14.38571337193168
2019-07-08,972.83,975.34,963.84,966.35,119061500,108,225,59,2019-07-08,61.85321199274506,32.8125,0.7398387464218541,55.73770491803278,6.0109289617486334,13.378619842396564
2019-07-09,965.24,969.05,963.05,969.05,126456270,163,175,54,2019-07-09,62.55614226426785,36.71875,0.7958622241017592,51.91256830601093,6.557377049180328,12.477497190074988
2019-07-10,971.19,974.96,969.05,973.65,124519570,145,183,64,2019-07-10,63.78068311171905,41.40625,0.8716801670016815,48.08743169398907,2.73224043715847,12.091293316054418
2019-07-11,976.95,980.02,973.65,978.63,133659820,170,162,61,2019-07-11,71.524623117754,50.78125,0.9331557700336536,46.99453551912568,4.918032786885246,12.176656757657264
2019-07-12,980.11,982.1,974.32,975.4,133003920,118,216,65,2019-07-12,70.0577512940942,56.25,0.81828105918602,44.80874316939891,4.371584699453552,12.43404739362807
2019-07-15,975.57,975.66,970.93,972.53,117696750,150,186,63,2019-07-15,68.70935814349026,54.6875,0.7289790583035735,47.540983606557376,6.557377049180328,12.275673495864046
2019-07-16,975.05,982.11,972.53,982.11,142076680,156,181,62,2019-07-16,75.58587981907755,34.375,0.919248183683286,47.540983606557376,5.46448087431694,12.703427300308444
2019-07-17,981.49,985.59,979.05,982.57,142317410,129,200,70,2019-07-17,79.62113874723622,18.75,0.8876654401455852,46.99453551912568,6.0109289617486334,13.38962948202514
2019-07-18,979.16,982.57,975.01,976.05,127216580,116,218,65,2019-07-18,76.8865263721014,16.40625,0.7087485315009665,47.8021978021978,6.043956043956044,13.517650362333502
2019-07-19,978.12,986.12,976.05,982.34,160649510,0,0,0,2019-07-19,77.68285753105883,12.5,0.821854849259658,46.15384615384615,6.593406593406594,13.953193702838728
2019-07-22,981.17,985.13,980.08,982.04,135292770,118,228,54,2019-07-22,77.54563004352042,7.03125,0.7840787615181714,48.9010989010989,7.142857142857142,14.357626804736435
2019-07-23,981.38,990.39,980.22,989.46,134713850,161,176,63,2019-07-23,80.4156703983771,11.71875,0.8962940388216618,52.19780219780221,7.142857142857142,15.20638853567432
2019-07-24,993.01,994.85,986.34,988.41,132814770,131,217,52,2019-07-24,79.91587274453676,19.53125,0.8346640371942152,52.19780219780221,8.241758241758241,16.363270210057618
2019-07-25,986.85,997.49,986.85,994.95,141192240,159,176,65,2019-07-25,83.01283461706731,24.21875,0.960151831160629,51.64835164835166,8.241758241758241,17.646789807143172
2019-07-26,994.8,998.52,992.97,993.35,118055590,106,230,65,2019-07-26,82.24873365382156,24.21875,0.9102195437313446,52.459016393442624,9.289617486338798,18.92131861747021
2019-07-29,994.23,997.94,988.29,997.94,113384890,110,234,57,2019-07-29,84.6631446030733,33.59375,0.956178008511009,55.73770491803278,10.382513661202186,19.33627212658074
2019-07-30,1001.46,1002.77,986.02,986.02,133259450,90,242,69,2019-07-30,79.21972918888162,29.6875,0.6535665704862857,59.56284153005464,15.846994535519126,20.157627759200768
2019-07-31,986.0,993.4,982.64,991.66,130600410,151,199,51,2019-07-31,79.87892699349302,25.78125,0.7808844804340503,58.46994535519126,16.39344262295082,20.38201568376268
2019-08-01,993.25,997.39,990.88,997.39,135015390,149,203,48,2019-08-01,80.55385623246326,17.1875,0.8878452790512984,60.65573770491803,15.846994535519126,20.964184562104354
2019-08-02,987.55,997.39,985.69,991.1,144127640,144,206,50,2019-08-02,77.48140294536256,14.84375,0.7000604979172487,58.46994535519126,15.846994535519126,20.703835004729378
2019-08-05,988.6,991.1,973.15,973.15,148292430,118,234,48,2019-08-05,66.6858859994092,30.46875,0.1979386903570863,61.20218579234973,18.0327868852459,19.538227269164608
2019-08-06,960.29,973.15,958.39,964.61,170231190,101,242,57,2019-08-06,55.491164867179045,50.0,-0.0110007190690462,63.934426229508205,22.404371584699454,19.75323300085159
2019-08-07,967.18,971.96,961.64,965.93,133866380,167,180,53,2019-08-07,55.80757507614547,64.84375,0.0619193183449436,62.295081967213115,22.950819672131143,19.952881180275217
2019-08-08,965.93,975.83,964.21,975.24,157756080,192,150,58,2019-08-08,58.07155933810137,68.75,0.3034721544976509,62.295081967213115,20.21857923497268,19.66024764863089
2019-08-09,976.41,978.69,974.33,974.34,133550890,158,170,72,2019-08-09,57.763484332633226,71.875,0.2833158637273412,60.65573770491803,17.48633879781421,19.04383217357514
2019-08-12,975.38,977.63,973.22,975.31,125710330,147,192,61,2019-08-12,58.02196554669062,72.65625,0.301303438631946,59.56284153005464,17.48633879781421,18.58018667799032
2019-08-13,972.7,975.31,964.03,966.83,142686780,110,237,53,2019-08-13,54.861043630534695,72.65625,0.1312737417474951,62.295081967213115,20.76502732240437,18.976470872350973
2019-08-14,975.88,975.99,966.83,968.91,125458400,172,169,59,2019-08-14,55.50139725389059,71.875,0.2082338138347019,59.56284153005464,18.579234972677597,19.25190416634999
2019-08-15,958.05,979.38,955.76,979.38,131135680,142,201,57,2019-08-15,58.679051695269585,57.8125,0.441988189878769,59.56284153005464,19.672131147540984,20.360287898661007
2019-08-16,974.88,985.61,974.88,980.0,156459560,162,181,57,2019-08-16,58.86637292089851,53.90625,0.4588632055258326,57.92349726775956,19.12568306010929,20.56437409741199
2019-08-19,984.04,985.48,979.17,981.03,107980080,144,180,76,2019-08-19,59.19730266478721,46.09375,0.4835447558985417,56.830601092896174,18.579234972677597,20.7538827105379
2019-08-20,983.94,985.35,981.03,984.67,121108870,161,178,61,2019-08-20,60.4095143559939,29.6875,0.5729866053228246,54.644808743169406,16.939890710382514,20.929854994154823
2019-08-21,984.36,995.44,983.3,994.38,146223360,138,202,60,2019-08-21,63.52276465989527,35.9375,0.7831305391435787,53.00546448087432,15.846994535519126,19.79273343175397
2019-08-22,996.41,998.67,993.23,997.26,128389760,142,190,68,2019-08-22,71.6076402049908,53.90625,0.8406434981855483,54.09836065573771,15.846994535519126,18.384674498295844
2019-08-23,998.21,998.21,990.83,992.45,119796120,139,203,58,2019-08-23,69.1751661923847,53.90625,0.7357679978246094,55.73770491803278,14.754098360655735,17.332693522027544
2019-08-26,983.8,992.45,977.0,982.88,151649840,102,237,61,2019-08-26,64.48186947235854,46.09375,0.5415032386883131,57.377049180327866,17.48633879781421,17.65045651975151
2019-08-27,986.33,988.49,976.79,976.79,150855300,0,0,0,2019-08-27,61.61691459185746,46.09375,0.4080413519486218,55.73770491803278,18.0327868852459,17.962656762167146
2019-08-28,977.1,981.35,976.79,977.26,117235850,122,225,53,2019-08-28,61.758130793887034,45.3125,0.4343897311409103,56.830601092896174,17.48633879781421,18.252556987267376
2019-08-29,978.17,978.78,973.34,978.59,119663520,136,192,72,2019-08-29,62.18214461001792,42.96875,0.4889180627899541,56.284153005464475,18.0327868852459,18.829250456736716
2019-08-30,980.25,984.87,978.59,984.06,126012110,185,163,52,2019-08-30,63.95240658487306,30.46875,0.6498338244342095,55.73770491803278,14.754098360655735,18.5077066195882
2019-09-03,984.79,985.21,978.62,979.36,126148070,85,247,72,2019-09-03,61.29732786624673,13.28125,0.5110889330582769,58.46994535519126,16.939890710382514,18.162760485362742
2019-09-04,977.97,979.91,973.37,977.63,121831910,130,224,50,2019-09-04,60.30488406128472,14.84375,0.440045021129602,60.10928961748634,15.846994535519126,18.37441749748591
2019-09-05,979.83,981.67,976.79,976.79,113824610,132,204,66,2019-09-05,59.79862426347414,18.75,0.3901594707579648,60.65573770491803,18.0327868852459,18.30960917682375
2019-09-06,977.83,978.73,973.87,974.08,108569600,116,214,71,2019-09-06,47.85871960515315,25.78125,0.3047759978350693,61.20218579234973,20.21857923497268,18.551309380129332
2019-09-09,974.53,975.03,972.47,974.12,104287810,112,226,62,2019-09-09,47.878059828391905,33.59375,0.3066506833756531,63.934426229508205,21.85792349726776,18.919824336826416
2019-09-10,974.62,977.44,968.36,970.26,128339460,107,232,60,2019-09-10,37.71024550069901,26.5625,0.1992776673678835,67.75956284153006,25.683060109289617,19.67237574150256
2019-09-11,969.59,973.13,967.14,969.31,95091710,157,167,74,2019-09-11,30.491354120526506,4.6875,0.1570945563213847,68.13186813186813,24.175824175824175,20.48962316034652
2019-09-12,972.39,976.07,969.31,976.07,123174240,200,141,57,2019-09-12,33.79252307647094,0.78125,0.3561649721975629,65.38461538461539,20.87912087912088,20.710010306377335
2019-09-13,976.07,987.22,975.95,987.22,145895070,163,167,67,2019-09-13,38.94332587486575,1.5625,0.7158788097113127,66.48351648351648,19.78021978021978,19.23601014194548
2019-09-16,987.07,992.6,986.72,989.86,138035800,159,181,57,2019-09-16,47.110291062248464,6.25,0.7772000243742941,65.38461538461539,17.032967032967033,18.49958061619012
2019-09-17,990.06,996.74,986.96,996.74,142601060,137,203,57,2019-09-17,55.639729040915064,41.40625,0.9316069179374706,64.83516483516483,14.835164835164836,18.26695676365002
2019-09-18,995.75,998.4,993.94,995.15,140571130,151,186,60,2019-09-18,55.08517993294442,52.34375,0.8500502959200562,64.28571428571429,12.637362637362637,18.226996738103267
2019-09-19,995.49,997.2,990.55,997.1,140440060,138,184,76,2019-09-19,62.180154745554546,64.0625,0.8913501802182057,61.20218579234973,10.92896174863388,17.684517442186735
2019-09-20,997.6,998.56,990.36,990.36,167884480,140,201,57,2019-09-20,59.71632714755293,65.625,0.7295331003533946,62.841530054644814,9.836065573770492,17.342363277620127
2019-09-23,991.75,993.98,987.54,987.54,121610650,94,248,56,2019-09-23,58.66886082719403,64.0625,0.6604447175570418,62.841530054644814,9.836065573770492,16.593242623637654
2019-09-24,986.33,991.36,984.94,988.13,119577920,144,200,54,2019-09-24,58.8315650867428,62.5,0.6679349926909672,61.74863387978142,9.836065573770492,15.512649889425674
2019-09-25,985.96,989.18,983.06,987.3,121420880,143,174,81,2019-09-25,58.482778073625695,57.8125,0.6292643920246941,61.20218579234973,11.475409836065571,14.573869080895143
2019-09-26,988.7,991.66,986.35,990.75,133043610,157,179,62,2019-09-26,59.556096668892984,53.90625,0.7081942744351576,57.92349726775956,9.289617486338798,13.736193637796426
2019-09-27,992.26,998.34,990.75,997.84,152087820,148,180,72,2019-09-27,67.12500752206684,42.96875,0.8645691957809737,56.830601092896174,8.19672131147541,13.851965231942238
2019-09-30,999.92,1004.17,996.51,996.56,157737220,145,198,59,2019-09-30,66.52349006799341,4.6875,0.7998731174085563,57.92349726775956,7.650273224043716,14.612208617384164
2019-10-01,997.87,999.72,996.2,999.59,141547280,163,185,54,2019-10-01,71.56567569244473,1.5625,0.8378231014401326,55.73770491803278,8.743169398907105,15.26350971110667
2019-10-02,999.18,1000.93,989.63,991.19,155632190,96,255,51,2019-10-02,67.64687610903977,1.5625,0.6118076259432955,56.284153005464475,9.836065573770492,14.781312686814449
2019-10-03,985.65,992.45,983.35,992.45,156298020,142,197,63,2019-10-03,67.93054764693511,0.78125,0.6267656485870123,56.830601092896174,10.382513661202186,13.98847828559574
2019-10-04,993.69,994.81,987.59,987.59,153634840,137,200,65,2019-10-04,65.54340193669577,3.125,0.4816140914104304,55.19125683060109,10.92896174863388,13.048489626333454
2019-10-07,989.45,990.34,983.09,983.09,150412170,124,216,62,2019-10-07,58.08097534113117,5.46875,0.3354856277364903,57.92349726775956,12.021857923497269,12.647852202610247
2019-10-08,983.62,988.51,981.89,988.22,153446780,159,176,67,2019-10-08,59.620307029765954,4.6875,0.4529772878452877,57.377049180327866,12.021857923497269,12.42794572783441
2019-10-09,987.82,992.0,986.74,987.83,143783620,138,198,66,2019-10-09,59.441599253267384,5.46875,0.3800678137784104,54.644808743169406,11.475409836065571,11.697679380693929
2019-10-10,988.81,990.89,986.93,987.38,137745810,123,202,77,2019-10-10,59.22102351461929,6.25,0.2965563096445458,56.830601092896174,12.568306010928962,11.019574915492054
2019-10-11,988.57,991.84,987.38,991.84,140671790,168,167,69,2019-10-11,60.77463106140176,5.46875,0.5287485397695211,59.01639344262295,11.475409836065571,10.238211892682097
2019-10-14,994.61,997.25,991.84,993.57,171969840,177,164,63,2019-10-14,61.38911520783101,4.6875,0.6147184484204168,58.46994535519126,12.021857923497269,10.309173300970306
2019-10-15,993.55,994.75,990.74,993.05,131330520,133,206,65,2019-10-15,61.07938736924349,5.46875,0.5994173567927799,56.284153005464475,12.021857923497269,10.18317316524335
2019-10-16,995.75,997.41,993.05,994.46,157875510,134,198,72,2019-10-16,61.64447686027728,3.90625,0.6839887823819961,57.92349726775956,11.475409836065571,10.452735206305274
2019-10-17,995.04,995.81,989.82,989.82,157134910,123,219,62,2019-10-17,58.62782695302564,0.78125,0.4322753110108721,56.284153005464475,12.021857923497269,10.118401813138172
2019-10-18,992.0,993.03,988.56,989.2,153487520,146,197,61,2019-10-18,58.21786326213769,0.78125,0.3983383056308905,56.284153005464475,12.568306010928962,9.586659606367403
2019-10-21,988.18,989.2,983.56,983.56,162867090,136,206,62,2019-10-21,54.48541369939185,1.5625,0.092719315080567,58.46994535519126,12.568306010928962,9.526759260147372
2019-10-22,983.52,987.59,983.52,987.19,200609660,151,186,67,2019-10-22,56.421916020674914,1.5625,0.3048267902090215,62.295081967213115,11.475409836065571,9.47737854843325
2019-10-23,987.04,989.61,985.52,987.79,154015230,141,201,64,2019-10-23,56.74947395604291,1.5625,0.3368620581214124,61.74863387978142,11.475409836065571,9.046742901592014
2019-10-24,988.85,993.6,987.65,993.6,141378830,179,170,65,2019-10-24,59.89321932077981,1.5625,0.6585197696908283,60.10928961748634,9.836065573770492,8.858108381732817
2019-10-25,993.91,996.67,992.91,996.57,136700300,159,204,56,2019-10-25,65.8748123761103,4.6875,0.8371944503503679,58.46994535519126,8.743169398907105,9.172027946281233
2019-10-28,998.27,999.56,996.48,996.48,150002350,159,199,69,2019-10-28,65.80170081188379,5.46875,0.8326638770088856,57.377049180327866,8.743169398907105,9.891342436772248
2019-10-29,997.77,999.88,995.87,995.87,177823330,129,224,66,2019-10-29,65.27292477370175,6.25,0.8339622964846987,60.65573770491803,9.836065573770492,10.427667402019942
2019-10-30,996.83,1003.4,994.86,1000.89,160171570,169,184,70,2019-10-30,72.12602349602287,14.0625,1.0344422811358096,60.10928961748634,10.382513661202186,11.442594176799034
2019-10-31,1000.89,1004.4,998.58,998.82,189105090,112,251,60,2019-10-31,70.34043934291688,19.53125,0.8793637005379593,58.46994535519126,10.92896174863388,12.52554985856418
2019-11-01,998.82,1015.88,998.82,1015.59,200048280,165,189,69,2019-11-01,79.00258443666466,53.125,1.288846452637025,56.830601092896174,13.114754098360656,14.81028565303293
2019-11-04,1019.0,1023.92,1015.59,1022.43,208479560,146,215,62,2019-11-04,84.8030172071647,81.25,1.2311383411527994,55.19125683060109,14.754098360655735,17.547828900429195
2019-11-05,1022.77,1025.19,1021.63,1024.34,172233290,162,201,60,2019-11-05,88.41793176899144,94.53125,1.1091489068917977,56.284153005464475,13.114754098360656,20.176056144963233
2019-11-06,1023.43,1028.97,1023.42,1024.91,183325470,174,186,63,2019-11-06,90.80604980293076,98.4375,1.0161532975265968,55.19125683060109,13.114754098360656,22.86527180111634
2019-11-07,1023.49,1028.45,1022.61,1024.03,166863590,144,205,74,2019-11-07,90.37895055671234,97.65625,0.9321490520009044,54.644808743169406,14.754098360655735,25.167425833340378
2019-11-08,1026.98,1027.39,1021.11,1022.49,157942420,144,198,81,2019-11-08,89.58485756911537,94.53125,0.858061140158809,52.459016393442624,15.300546448087433,26.935767296752314
2019-11-11,1023.32,1024.77,1016.35,1016.75,170775110,0,0,0,2019-11-11,86.53301750559248,89.0625,0.7351940296311743,55.73770491803278,15.846994535519126,27.482393943600385
2019-11-12,1016.97,1021.84,1015.97,1018.33,180969830,185,185,53,2019-11-12,86.66765425200663,84.375,0.7374243622237162,57.377049180327866,14.754098360655735,27.906170871313332
2019-11-13,1019.07,1020.09,1010.8,1012.77,182266340,105,231,83,2019-11-13,83.50390197883927,79.6875,0.629516075790646,55.73770491803278,16.39344262295082,27.220346183065075
2019-11-14,1013.85,1016.71,1010.6,1012.3,191447680,129,221,69,2019-11-14,83.22732304137554,68.75,0.6053123913750286,58.46994535519126,14.754098360655735,26.54382355843281
2019-11-15,1012.93,1015.16,1005.1,1010.03,180804630,134,215,70,2019-11-15,81.81779797495534,54.6875,0.550075894674549,59.01639344262295,15.300546448087433,24.888675945246316
2019-11-18,1010.03,1012.09,1002.63,1002.91,165225780,132,229,60,2019-11-18,77.39055209690187,53.125,0.3969326132249444,64.48087431693989,16.939890710382514,23.281786514378492
2019-11-19,1002.89,1008.35,1001.35,1008.35,158028030,180,168,73,2019-11-19,78.35429497290627,32.8125,0.4807546380572657,63.387978142076506,15.846994535519126,22.00008478880832
2019-11-20,1009.21,1009.21,1000.56,1000.56,182924030,130,221,70,2019-11-20,73.52139085659863,53.90625,0.2866400919219975,63.387978142076506,15.300546448087433,20.649143422530216
2019-11-21,999.37,1000.56,987.89,987.89,171731790,114,231,76,2019-11-21,55.88146377802228,81.25,0.0258631016206603,63.387978142076506,18.0327868852459,21.14745539778317
2019-11-22,992.73,993.7,971.03,977.78,196749440,90,273,58,2019-11-22,42.049361645219086,96.09375,-0.0844149748334374,70.49180327868852,21.311475409836063,22.986561709309537
2019-11-25,977.85,979.6,971.24,976.35,148285630,131,215,75,2019-11-25,32.988837097163795,100.0,-0.0269531671955216,70.49180327868852,21.311475409836063,24.6943032842983
2019-11-26,976.35,981.96,976.35,976.79,148016090,191,162,68,2019-11-26,33.129437831928826,100.0,0.0384009787835004,71.58469945355192,21.85792349726776,25.845343744825747
2019-11-27,978.98,982.76,976.79,978.17,157478720,139,207,75,2019-11-27,33.60000279740978,100.0,0.1059677717338015,70.49180327868852,24.043715846994537,26.764310545631535
2019-11-28,977.66,979.17,967.68,970.39,154471660,0,0,0,2019-11-28,26.597809268741347,100.0,0.0569512120652094,74.31693989071039,26.229508196721312,28.293968908846537
2019-11-29,971.1,972.89,968.03,970.75,138896550,171,175,75,2019-11-29,26.721307762496764,99.21875,0.1150361591799123,73.224043715847,25.136612021857925,29.714365960403317
2019-12-02,971.42,972.91,958.3,959.31,180421680,114,255,52,2019-12-02,21.05583408887423,100.0,0.0463046054654379,76.92307692307693,31.868131868131865,31.627866481882535
2019-12-03,957.4,960.82,950.96,953.43,176408390,129,225,67,2019-12-03,16.825331920307157,100.0,0.0475383730238039,78.57142857142857,36.26373626373626,33.76332105042927
2019-12-04,952.51,965.9,950.13,965.9,162142410,210,147,64,2019-12-04,20.470397810386448,97.65625,0.2117067290127163,77.47252747252747,30.76923076923077,34.83225515410061
2019-12-05,969.0,969.53,962.16,963.27,159548260,144,219,58,2019-12-05,20.26864803198633,94.53125,0.2109849205455878,74.72527472527473,31.868131868131865,35.2144227687878
2019-12-06,962.38,965.41,960.99,963.56,139312750,156,190,74,2019-12-06,20.361852099951975,88.28125,0.2383942654840299,76.37362637362637,31.868131868131865,35.65284251935384
2019-12-09,963.91,967.57,962.59,966.06,183348640,183,188,54,2019-12-09,21.2168514158424,67.1875,0.2885712663957132,76.92307692307693,29.67032967032967,35.68210554771867
2019-12-10,965.92,966.58,955.14,960.3,170738810,131,242,50,2019-12-10,20.666328869205504,53.90625,0.2413885586433727,77.04918032786885,31.147540983606557,36.26662371021354
2019-12-11,960.59,961.78,954.56,961.78,158554160,163,193,67,2019-12-11,21.23187572752868,44.53125,0.2802728701025299,77.04918032786885,30.601092896174865,36.85000078206626
2019-12-12,963.39,968.39,961.78,968.17,154590800,204,158,61,2019-12-12,23.75898227940565,37.5,0.3842531277532585,75.95628415300546,25.136612021857925,36.25107171640268
2019-12-13,969.43,971.84,965.93,966.18,172536910,147,213,62,2019-12-13,23.506058441467033,25.78125,0.373346863368927,73.224043715847,23.49726775956284,35.15803833539505
2019-12-16,966.0,966.18,960.39,961.47,202440060,142,217,62,2019-12-16,22.88509342552664,17.96875,0.3128224313380051,73.224043715847,21.85792349726776,34.66190574000685
2019-12-17,962.49,962.79,954.03,954.03,239321700,115,250,56,2019-12-17,21.900887993184146,21.09375,0.1692660972380866,71.58469945355192,22.404371584699454,34.72428997155984
2019-12-18,951.52,954.18,949.86,951.13,183063780,114,250,57,2019-12-18,19.517141682990225,22.65625,0.087699844101177,74.31693989071039,23.49726775956284,35.091600488624174
2019-12-19,950.61,955.85,946.74,952.26,178790140,148,210,63,2019-12-19,20.056830965548105,24.21875,0.1293409946290698,73.77049180327869,25.136612021857925,35.65326895788399
2019-12-20,953.55,957.52,952.26,956.41,183446480,195,167,59,2019-12-20,22.122249810439705,23.4375,0.2728811383718951,72.1311475409836,24.59016393442623,35.88121930018594
2019-12-23,959.55,960.71,956.41,959.43,190141650,142,206,73,2019-12-23,23.66778245985947,23.4375,0.3846428442361065,68.85245901639344,22.404371584699454,35.53904493523607
2019-12-24,959.43,959.43,953.29,958.88,173207590,141,206,77,2019-12-24,23.576017756059866,23.4375,0.3855588301869362,68.85245901639344,25.683060109289617,35.494750750548874
2019-12-25,958.18,962.83,957.5,960.92,195453740,0,0,0,2019-12-25,24.741553267743104,22.65625,0.4886829999108574,68.85245901639344,22.950819672131143,34.86377836435748
2019-12-26,960.67,962.11,957.43,958.59,160431180,141,226,56,2019-12-26,24.285976206781022,21.09375,0.4069130967329042,67.21311475409836,21.85792349726776,34.284974674815885
2019-12-27,957.7,963.51,954.19,963.51,126605420,164,203,53,2019-12-27,27.32889603617116,22.65625,0.6682030534864629,66.66666666666666,21.311475409836063,34.07854276613664
2019-12-30,962.89,967.52,962.47,965.03,147816130,163,201,56,2019-12-30,28.28778972439917,24.21875,0.7263790855353159,64.48087431693989,20.76502732240437,33.15686476798208
2019-12-31,965.71,965.71,958.23,960.99,144441990,137,228,55,2019-12-31,27.258281923451666,17.1875,0.5051347391637946,62.841530054644814,21.85792349726776,32.75911389095555
2020-01-02,960.26,966.67,959.67,966.67,131579530,202,148,40,2020-01-02,31.057293436532657,18.75,0.8023500205652138,62.295081967213115,19.12568306010929,32.21249383400102
2020-01-03,968.72,970.88,965.14,965.14,149095370,172,173,45,2020-01-03,30.593795091928335,23.4375,0.7138086034773085,61.20218579234973,16.39344262295082,30.953030348409424
2020-01-06,962.79,963.2,955.59,955.79,141000200,90,251,41,2020-01-06,27.85767983255654,21.875,0.2531203883401243,63.387978142076506,18.579234972677597,30.823820760322786
2020-01-07,955.79,959.46,953.19,958.88,130272030,169,161,57,2020-01-07,30.08311356368344,8.59375,0.4264333062194524,63.934426229508205,19.12568306010929,30.9270808765304
2020-01-08,954.13,955.84,945.28,948.98,179374340,78,263,39,2020-01-08,25.27597616992114,19.53125,0.0013572922036584,69.94535519125684,20.76502732240437,31.677848601054663
2020-01-09,960.01,960.73,952.16,960.15,132370320,224,113,46,2020-01-09,32.59975545559823,16.40625,0.524230687996282,67.3913043478261,20.652173913043477,31.53979585601808
2020-01-10,961.17,969.71,961.17,968.54,163058830,163,162,50,2020-01-10,43.11405478669736,28.90625,0.91226856364224,66.30434782608695,21.73913043478261,30.1093345356212
2020-01-13,966.89,968.63,964.79,965.84,117952020,123,205,57,2020-01-13,42.13690510317421,30.46875,0.7889954135121946,66.30434782608695,23.91304347826087,28.781049023824092
2020-01-14,966.26,968.85,965.76,967.0,127784380,155,163,63,2020-01-14,42.7373765704723,35.15625,0.8161849464941738,64.67391304347827,22.82608695652174,27.51596566472015
2020-01-15,967.69,967.69,964.84,967.56,112455450,125,188,70,2020-01-15,43.044660524716605,35.9375,0.8071992422760909,64.67391304347827,23.369565217391305,26.45300498993207
2020-01-16,967.2,974.7,967.17,974.31,146756870,154,174,63,2020-01-16,54.84740927077759,43.75,1.0234698200387795,63.58695652173913,21.195652173913043,24.676014766257488
2020-01-17,976.28,980.02,973.79,978.96,117216880,148,162,79,2020-01-17,64.28189529445851,57.8125,1.09181650127102,63.04347826086957,21.195652173913043,23.68307945218808
2020-01-20,978.23,979.85,975.93,978.63,102398830,143,163,72,2020-01-20,64.12307102006514,64.84375,0.9908360068857124,61.41304347826087,21.73913043478261,22.761068089123633
2020-01-21,978.82,986.37,978.82,986.37,128887950,199,117,60,2020-01-21,72.43368529079063,78.125,1.0939870626723125,59.78260869565217,17.391304347826086,22.652330846385787
2020-01-22,986.52,991.46,983.92,991.46,128966880,231,95,69,2020-01-22,78.52121727019835,87.5,1.0868028325645565,53.80434782608695,15.217391304347828,23.05626022754564
2020-01-30,975.15,977.72,954.0,959.58,181385230,80,274,44,2020-01-30,66.6294299961059,85.15625,0.319201721900519,57.608695652173914,16.304347826086957,22.70782798744257
2020-01-31,959.58,960.96,936.62,936.62,210630210,73,281,43,2020-01-31,52.031526394521315,92.96875,-0.0959472742772257,66.30434782608695,25.0,23.464131821812224
2020-02-03,916.6,930.37,891.85,928.14,246408370,58,297,36,2020-02-03,40.8915129238784,99.21875,-0.1032340483949785,75.54347826086956,32.608695652173914,25.78097603487824
2020-02-04,929.42,934.91,919.33,929.09,178000400,148,187,61,2020-02-04,41.09528122229745,100.0,0.0064613935421386,74.45652173913044,33.69565217391305,27.534937564792987
2020-02-05,934.75,936.33,921.89,925.91,163682070,180,151,67,2020-02-05,32.71486356850207,100.0,0.0367830819788048,73.91304347826086,31.521739130434785,29.036070003978622
2020-02-06,926.66,938.54,925.21,938.54,206129040,264,83,52,2020-02-06,35.44641516902689,100.0,0.2319595498293191,71.73913043478261,23.91304347826087,30.222866463773254
2020-02-07,938.61,943.48,935.94,940.75,165020480,185,161,58,2020-02-07,35.93650367276545,100.0,0.2805602228511772,71.19565217391305,21.73913043478261,30.857992731869597
2020-02-10,934.38,935.87,926.61,930.73,129573270,122,220,60,2020-02-10,34.651979360382555,100.0,0.1842223637487047,72.28260869565217,22.282608695652172,31.811521163622917
2020-02-11,930.73,936.04,930.73,934.67,159265510,198,135,70,2020-02-11,35.626358036354375,99.21875,0.2534558062774605,70.1086956521739,18.478260869565215,32.68006171321797
2020-02-12,940.72,943.11,937.34,937.68,187439280,242,107,57,2020-02-12,36.406481153154445,96.875,0.298745452330698,65.76086956521739,13.043478260869565,32.78345126605415
2020-02-13,937.19,939.1,934.47,938.24,153479610,146,185,76,2020-02-13,36.56051668732404,95.3125,0.3202955173882607,65.76086956521739,11.956521739130435,33.01601156094849
2020-02-14,939.28,940.65,936.47,937.45,172195600,160,177,70,2020-02-14,36.42647221074223,92.1875,0.3291442316178705,65.21739130434783,13.043478260869565,33.07066015573089
2020-02-17,938.52,938.52,931.66,934.77,149349950,133,222,63,2020-02-17,35.94500410606366,57.8125,0.3170599671201918,64.13043478260869,13.043478260869565,33.37000625153399
2020-02-18,934.47,934.98,926.01,927.93,164327840,162,175,67,2020-02-18,34.684926821639,27.34375,0.2637649059703585,65.21739130434783,13.043478260869565,33.92734537945654
2020-02-19,926.41,931.66,925.86,928.76,161003900,202,152,64,2020-02-19,34.9827741808777,30.46875,0.2947930431370479,64.67391304347827,11.41304347826087,34.45235085544746
2020-02-20,933.69,938.13,930.41,938.13,183636850,228,125,64,2020-02-20,38.39801419656193,28.90625,0.4177218769329579,60.32608695652174,9.239130434782608,34.16950164833834
2020-02-21,938.13,940.53,932.32,933.09,179503790,130,222,62,2020-02-21,37.26415354280702,25.0,0.3772034152737789,60.32608695652174,9.239130434782608,33.631021404737716
2020-02-24,917.49,917.49,903.34,903.34,255965410,42,330,39,2020-02-24,30.14792083470702,70.3125,0.0493085660702841,66.30434782608695,12.5,34.58731503715969
2020-02-25,893.95,909.67,893.95,909.67,186008510,218,142,50,2020-02-25,32.49692152977868,77.34375,0.1340543921306789,68.47826086956522,10.326086956521738,35.80981879677947
2020-02-26,901.51,903.27,894.25,895.97,131173700,109,247,57,2020-02-26,25.86935044530516,85.15625,-0.116491996693066,70.65217391304348,14.673913043478262,36.945000859283546
2020-02-27,892.15,899.34,889.14,898.44,135468580,251,104,56,2020-02-27,26.756665455583935,90.625,-0.0184094321263146,67.93478260869566,14.673913043478262,38.18139237751971
2020-02-28,885.47,887.07,872.46,882.19,184315860,81,294,42,2020-02-28,20.70129320401702,93.75,-0.1234014977287266,70.1086956521739,20.10869565217391,39.84134139972266
2020-03-02,878.43,886.45,877.31,884.43,173927240,167,172,70,2020-03-02,21.466224481471503,95.3125,0.0052550153535905,70.1086956521739,20.10869565217391,41.3827226346254
2020-03-03,895.39,896.39,890.06,890.61,176373200,216,127,77,2020-03-03,23.65431826361892,95.3125,0.1333417666949909,67.93478260869566,16.304347826086957,41.6876218230167
2020-03-04,887.85,889.85,882.83,889.37,195439390,188,166,58,2020-03-04,23.512761382552277,93.75,0.158918475685084,66.30434782608695,14.673913043478262,42.246691889957155
2020-03-05,892.71,898.43,891.2,893.31,209158850,167,179,73,2020-03-05,25.04760898801027,92.1875,0.233238697791647,66.30434782608695,12.5,41.876433708485195
2020-03-06,888.96,891.44,882.71,891.44,175600680,148,199,61,2020-03-06,24.793312187584597,89.84375,0.2388690865722241,65.21739130434783,13.043478260869565,41.899056163323166
2020-03-09,875.8,875.8,834.67,835.49,273180820,34,368,14,2020-03-09,15.494708323028805,100.0,-0.1720421955866559,77.59562841530054,23.49726775956284,43.29035479642027
2020-03-10,813.83,843.28,806.63,837.5,242825240,204,164,44,2020-03-10,16.15785511809463,100.0,-0.038334705085383,77.04918032786885,23.49726775956284,45.05843507277622
2020-03-11,843.52,844.94,794.54,811.35,278303370,77,296,41,2020-03-11,10.687430841607956,100.0,-0.0966975180803412,80.87431693989072,33.87978142076503,46.86958767244509
2020-03-12,778.06,778.06,762.12,769.25,311344630,53,344,26,2020-03-12,7.523445642299151,100.0,-0.1673279024923888,88.52459016393442,45.90163934426229,48.92427462504282
2020-03-13,735.6,764.69,723.42,761.78,289011560,147,236,40,2020-03-13,5.632246366262208,100.0,-0.0736562468583284,90.7103825136612,48.08743169398907,51.1539887386925
2020-03-16,758.28,758.59,737.58,747.86,222784370,133,239,45,2020-03-16,4.415250680135152,100.0,-0.0318077536640255,92.34972677595628,54.644808743169406,53.224437558510054
2020-03-17,724.07,750.03,721.84,745.78,202420360,211,154,60,2020-03-17,3.5724636203187004,100.0,0.0364430044939697,91.84782608695652,52.71739130434783,55.26079412729251
2020-03-18,747.4,752.65,742.12,747.66,205460100,229,131,63,2020-03-18,3.815954560478638,100.0,0.0984982317486659,90.7608695652174,49.45652173913043,56.9676734404384
2020-03-19,732.35,733.43,714.02,725.94,308921920,69,313,44,2020-03-19,3.072191687673594,100.0,0.0735294764745113,93.47826086956522,54.34782608695651,58.7621064941716
2020-03-20,728.55,729.35,709.73,709.73,197474500,124,211,83,2020-03-20,2.497247895199166,100.0,0.0716950082237627,94.56521739130434,56.52173913043478,60.45729099425941
2020-03-23,694.77,694.77,664.23,666.59,223310850,40,363,21,2020-03-23,1.999556703307512,100.0,0.0086428809386144,97.82608695652172,65.76086956521739,62.28802613381762
2020-03-24,666.59,666.59,652.27,659.21,212661260,158,196,65,2020-03-24,1.63681727578723,100.0,0.0525074029001182,97.82608695652172,67.3913043478261,64.04256104921409
2020-03-25,669.76,690.25,667.58,690.25,209923920,301,84,39,2020-03-25,4.120475836133444,96.875,0.1819470338691766,97.28260869565216,60.32608695652174,64.27397977259935
2020-03-26,689.0,700.76,680.1,694.21,171216480,108,265,46,2020-03-26,4.451942104647777,94.53125,0.222278745286709,97.82608695652172,62.5,63.918785845091186
2020-03-27,692.54,703.22,682.52,696.06,212339560,105,241,69,2020-03-27,4.617840370568324,92.96875,0.2532981764133544,98.91304347826086,63.04347826086957,63.453745669995335
2020-03-30,663.91,665.56,657.36,662.26,194282800,47,339,36,2020-03-30,4.465294741415434,91.40625,0.1836454841402871,98.36956521739133,69.56521739130434,63.37403323241335
2020-03-31,669.74,678.64,649.1,662.53,227893260,152,214,65,2020-03-31,4.49243602405145,90.625,0.2108144309947891,98.36956521739133,71.19565217391305,62.59436774892617
2020-04-01,658.8,684.96,657.41,680.23,203313080,287,86,50,2020-04-01,6.370354624541868,89.0625,0.2855475451488881,97.82608695652172,64.13043478260869,61.53613985770999
2020-04-03,687.92,701.8,687.92,701.8,197918250,297,90,41,2020-04-03,8.7256707622455,88.28125,0.3759060944879734,97.28260869565216,55.97826086956522,59.69905044500491
2020-04-06,716.22,736.75,715.39,736.75,304964360,330,59,42,2020-04-06,12.563708806453562,87.5,0.5434270298649344,93.47826086956522,40.21739130434783,56.50691947899021
2020-04-07,744.97,749.13,730.28,746.69,276556810,200,153,68,2020-04-07,13.675488259621574,86.71875,0.6210649666715751,92.3913043478261,35.32608695652174,53.08920601959251
2020-04-08,740.03,748.36,730.12,748.02,203416250,170,184,62,2020-04-08,23.085599244544152,88.28125,0.6767764365448601,89.67391304347827,32.608695652173914,49.92062508110944
2020-04-09,751.08,765.87,751.08,760.33,271131720,238,121,69,2020-04-09,32.1542584721947,89.84375,0.7976369402854001,85.86956521739131,22.282608695652172,46.37590520337765
2020-04-10,759.08,764.36,751.59,757.94,295263430,165,187,62,2020-04-10,32.05804895546936,90.625,0.7914866939210481,83.69565217391305,23.369565217391305,43.0843796026267
2020-04-13,762.99,774.62,762.53,765.79,200195470,230,119,70,2020-04-13,40.59435107279626,89.84375,0.8409329340990558,77.17391304347827,16.847826086956523,40.408177652100385
2020-04-14,769.01,769.53,753.85,767.41,229143390,167,191,68,2020-04-14,47.59051390494857,91.40625,0.8349127106971282,74.45652173913044,14.673913043478262,37.57320665117425
2020-04-15,768.05,779.52,768.01,777.22,255468260,263,100,57,2020-04-15,53.97270467447491,91.40625,0.8706010747721848,61.95652173913043,5.978260869565218,35.32626724125648
2020-04-16,773.11,781.06,770.91,780.7,217009350,185,172,64,2020-04-16,59.451343562827546,92.1875,0.8644553274616629,53.80434782608695,4.3478260869565215,33.299805860141745
2020-04-17,786.96,790.95,783.74,789.6,268469130,281,87,51,2020-04-17,64.3628161870889,86.71875,0.8733114337400562,45.108695652173914,1.0869565217391304,31.805272545191738
2020-04-20,796.17,797.49,786.73,794.97,304592700,212,154,55,2020-04-20,68.62004148411454,82.03125,0.8580991953565986,36.95652173913043,1.6304347826086956,30.666812106144825
2020-04-21,794.97,794.97,761.96,766.84,368523950,56,312,37,2020-04-21,66.79487844943154,78.125,0.6893922554820339,41.30434782608695,2.717391304347826,28.499741367481544
2020-04-22,752.8,774.94,749.97,768.92,223471930,223,123,59,2020-04-22,66.8650587427872,67.96875,0.68138963957946,39.130434782608695,1.0869565217391304,26.970957580026695
2020-04-23,774.23,785.6,768.92,773.91,189376840,195,143,70,2020-04-23,67.04500929858517,64.0625,0.6893579402288417,38.58695652173913,1.0869565217391304,25.084327327636583
2020-04-24,777.28,778.3,767.31,776.66,226072090,177,159,73,2020-04-24,67.15088771974419,57.03125,0.6849833524589322,36.95652173913043,1.0869565217391304,23.402297925491652
2020-04-27,774.63,785.74,770.77,770.77,256843490,186,175,55,2020-04-27,66.65691975080205,48.4375,0.6316863466244681,36.41304347826087,1.0869565217391304,21.95933290443009
2020-04-28,773.31,776.13,763.66,767.21,197231630,152,185,65,2020-04-28,66.3392783086606,46.875,0.5893291363169654,35.32608695652174,1.6304347826086956,20.499878367015977
2020-04-29,768.59,772.62,768.19,769.11,210867100,207,146,58,2020-04-29,66.43122069118719,41.40625,0.5823992965021854,33.15217391304348,1.6304347826086956,19.1446705822743
2020-05-04,766.14,769.73,761.64,762.47,253967720,110,251,48,2020-05-04,65.75525915232346,42.96875,0.4790336865486458,34.78260869565217,1.6304347826086956,18.214471627807143
2020-05-05,763.22,767.03,760.04,764.16,168997250,182,159,67,2020-05-05,65.85050309649078,43.75,0.4433878417961021,33.15217391304348,1.6304347826086956,17.432028722756034
2020-05-06,767.3,782.59,765.37,782.59,209914330,247,104,60,2020-05-06,66.9306732068696,45.3125,0.7687221525218747,33.69565217391305,1.0869565217391304,16.53164285929866
2020-05-07,785.08,796.54,785.08,796.54,214433830,215,130,68,2020-05-07,68.88971337044029,51.5625,0.9980160347592992,31.521739130434785,1.0869565217391304,16.362622468388597
2020-05-08,800.32,825.72,800.2,813.73,340156270,228,140,49,2020-05-08,71.61434650962246,64.0625,1.177464469002364,26.6304347826087,1.0869565217391304,17.315548055928506
2020-05-11,818.26,828.33,812.48,828.33,268927930,246,119,55,2020-05-11,74.68234604560158,75.78125,1.1882804514747458,21.73913043478261,0.5434782608695652,18.286462544464424
2020-05-12,827.29,835.95,819.66,835.32,290069940,232,131,62,2020-05-12,77.57019458448426,77.34375,1.1181969817101225,14.673913043478262,0.5434782608695652,19.44035916846764
2020-05-13,835.32,839.59,815.13,834.21,338667310,222,148,55,2020-05-13,77.42528008428914,78.90625,1.0056999994659466,13.586956521739127,0.5434782608695652,20.207452000690385
2020-05-14,830.97,836.19,826.17,832.4,273950180,161,206,47,2020-05-14,77.17210696093835,78.90625,0.922466364234721,13.586956521739127,0.5434782608695652,20.91975248775436
2020-05-15,835.42,838.47,824.59,827.03,258289700,100,248,64,2020-05-15,76.37418249213184,78.90625,0.8303647561727927,13.043478260869565,0.5434782608695652,21.671771422516592
2020-05-18,827.49,837.61,823.08,837.01,224260950,206,156,56,2020-05-18,79.536977177215,78.90625,0.8738497145912082,12.5,0.5434782608695652,22.24998048761959
2020-05-19,852.14,854.25,844.15,845.92,293801450,231,135,63,2020-05-19,82.38074046955185,77.34375,0.8969188749073479,11.41304347826087,0.5434782608695652,23.44803448059978
2020-05-20,845.99,852.91,842.21,852.91,235672860,183,175,65,2020-05-20,84.83969496083083,75.78125,0.8989583868477264,10.869565217391305,0.5434782608695652,24.39887441769837
2020-05-21,854.93,862.73,854.04,862.73,301190730,176,172,80,2020-05-21,87.0048797652655,73.4375,0.914428069272099,10.326086956521738,0.5434782608695652,25.64994846901973
2020-05-22,859.29,860.65,852.08,852.74,265002610,124,236,68,2020-05-22,85.6916282901847,69.53125,0.8083881713413552,11.41304347826087,1.0869565217391304,26.637140154226557
2020-05-25,852.9,860.45,849.12,859.04,259643410,218,145,67,2020-05-25,85.83681436966864,60.15625,0.8171493215535807,9.239130434782608,1.0869565217391304,27.282468185879015
2020-05-26,861.47,869.65,860.22,869.13,306464080,277,105,52,2020-05-26,87.42066226475676,54.6875,0.8461552163389517,7.608695652173914,0.5434782608695652,28.265617973869496
2020-05-27,869.13,875.35,857.48,857.48,354487370,127,258,47,2020-05-27,85.76303650936913,46.875,0.7427080624058475,8.152173913043478,0.5434782608695652,29.40090208861316
2020-05-28,858.97,866.17,856.48,861.39,261439230,162,206,60,2020-05-28,85.859944374696,43.75,0.7473455644575394,8.152173913043478,0.5434782608695652,30.35337871726624
2020-05-29,861.59,866.95,859.26,864.47,281746500,180,176,71,2020-05-29,85.94112471668682,43.75,0.7489179958084806,9.239130434782608,0.5434782608695652,31.271481770576752
2020-06-01,868.97,878.67,868.97,878.67,418333970,286,99,49,2020-06-01,87.26161257547224,49.21875,0.8426325411581284,7.608695652173914,0.5434782608695652,32.600719094585806
2020-06-02,879.23,882.73,874.53,874.8,442308030,129,249,52,2020-06-02,86.6051095013045,46.09375,0.8100429479585638,8.152173913043478,0.5434782608695652,33.98536458026462
2020-06-03,876.73,881.17,874.01,881.17,320477690,203,157,65,2020-06-03,87.96879613942426,37.5,0.8680681666022275,10.326086956521738,0.5434782608695652,35.2085800064521
2020-06-04,885.13,888.32,883.22,883.9,394395400,209,145,72,2020-06-04,89.01215697028557,36.71875,0.8881107103185611,10.869565217391305,0.5434782608695652,36.61884756708734
2020-06-05,883.4,886.59,878.5,886.22,451411820,231,132,63,2020-06-05,89.82858222853947,36.71875,0.8885521804995935,9.782608695652174,0.5434782608695652,37.3427615708123
2020-06-08,888.7,905.65,888.7,899.92,495328980,313,77,47,2020-06-08,90.69981306325523,42.1875,0.9903570350395114,8.695652173913043,0.5434782608695652,38.726400301958904
2020-06-09,902.26,904.89,898.87,899.43,441465130,182,203,42,2020-06-09,90.6130039939062,50.0,0.9252073545877916,8.695652173913043,0.5434782608695652,40.01120769516647
2020-06-10,898.78,902.69,890.3,900.0,504626710,220,164,46,2020-06-10,91.46180715560163,49.21875,0.8864017918703708,6.521739130434782,0.5434782608695652,40.20939573778225
2020-06-11,900.48,903.7,867.37,867.37,654053870,82,312,37,2020-06-11,85.69986948651945,46.875,0.4914129898994928,10.869565217391305,1.0869565217391304,38.31409828120513
2020-06-12,841.85,863.52,841.44,863.52,572679010,125,257,45,2020-06-12,85.01929662921195,48.4375,0.4109818498359041,13.043478260869565,0.5434782608695652,36.215578689177946
2020-06-15,867.52,868.16,832.47,832.47,459678640,96,291,45,2020-06-15,73.92929228336803,58.59375,-0.0066096127954573,26.6304347826087,1.0869565217391304,34.7156889346075
2020-06-16,848.86,858.7,844.67,856.13,353019210,307,94,41,2020-06-16,75.15222989725001,60.15625,0.3026637218430113,22.282608695652172,0.5434782608695652,33.32293416250637
2020-06-17,861.05,861.05,852.27,854.44,303643220,147,220,70,2020-06-17,74.88202965311756,61.71875,0.2769025331586991,22.82608695652174,0.5434782608695652,31.86069916957969
2020-06-18,850.92,858.03,847.49,855.27,229136470,186,176,69,2020-06-18,74.9297034134241,63.28125,0.2966718580853907,23.369565217391305,0.5434782608695652,30.770809649678053
2020-06-19,857.77,868.56,857.77,868.56,367478040,298,103,32,2020-06-19,75.72421408700751,63.28125,0.469887449956192,22.282608695652172,0.5434782608695652,28.98718279545568
2020-06-22,871.56,872.94,867.37,869.05,324563290,177,188,52,2020-06-22,75.75472275180856,61.71875,0.4693735708662257,21.195652173913043,0.5434782608695652,27.02984092440324
2020-06-23,871.7,873.2,864.02,868.2,394462580,190,198,42,2020-06-23,75.57728390276364,60.9375,0.4577802536675701,19.565217391304348,0.5434782608695652,25.435689172934556
2020-06-24,868.2,873.13,857.58,859.71,334410870,99,268,60,2020-06-24,73.71991874475437,58.59375,0.3327136006368505,21.62162162162162,0.5405405405405406,24.375527476516304
2020-06-25,851.09,856.23,849.65,854.59,278753260,129,243,51,2020-06-25,72.56177919877118,50.0,0.266975942053283,25.405405405405407,1.6216216216216215,23.8742717748788
2020-06-26,857.29,857.43,850.66,851.98,252034180,124,253,58,2020-06-26,71.94132503169254,43.75,0.2452742417624195,29.72972972972973,1.6216216216216215,23.30672074126959
2020-06-29,846.26,846.53,826.0,829.36,328226980,53,358,28,2020-06-29,57.58863160402435,32.03125,0.019563973397729,42.7027027027027,2.1621621621621623,24.054698121706828
2020-06-30,836.72,840.31,821.92,825.11,304132700,138,237,54,2020-06-30,50.79957954203893,41.40625,0.0445080807075614,47.02702702702703,2.702702702702702,24.92166674412122
2020-07-01,827.67,844.26,826.38,843.49,247253260,306,81,39,2020-07-01,53.28065115014551,39.84375,0.2759160164201598,45.94594594594595,3.243243243243243,25.3705382207443
2020-07-02,845.66,845.66,838.48,842.38,187693160,168,210,47,2020-07-02,53.10647842638504,35.15625,0.2860669120441755,44.86486486486487,3.243243243243243,25.658181639085637
2020-07-03,845.26,848.16,843.25,847.61,169175010,197,167,68,2020-07-03,53.87162072116313,35.15625,0.3630365162302255,43.78378378378379,3.243243243243243,25.686631994332103
2020-07-06,851.47,861.85,850.04,861.16,187498750,251,116,66,2020-07-06,55.880183224133305,35.9375,0.5473373562511852,39.45945945945946,2.1621621621621623,24.523205535030694
2020-07-07,865.46,870.63,863.42,863.42,278262510,185,192,60,2020-07-07,56.22257333399161,38.28125,0.6152216468523974,40.54054054054054,2.702702702702702,22.789328377114295
2020-07-08,861.75,865.58,859.98,864.5,179303820,156,196,75,2020-07-08,56.396716607656145,34.375,0.6979568120063032,39.45945945945946,2.1621621621621623,21.4221690579252
2020-07-09,867.66,878.36,867.45,876.46,254182330,288,92,51,2020-07-09,63.77515403257168,42.1875,0.8947883805899937,33.513513513513516,2.1621621621621623,20.519860542069683
2020-07-10,873.7,878.53,867.59,871.21,247699010,131,258,45,2020-07-10,62.608658335796086,44.53125,0.786595900350679,35.13513513513514,2.1621621621621623,19.693183875640607
2020-07-13,874.85,876.83,866.99,868.72,198111450,149,230,54,2020-07-13,62.02915992233265,46.09375,0.7223476472008821,37.83783783783784,2.702702702702702,18.87512160321305
2020-07-14,865.01,868.11,860.28,868.11,198600790,181,178,83,2020-07-14,61.878058100284285,46.875,0.6967669293076028,36.75675675675676,2.1621621621621623,17.555715914144294
2020-07-15,872.8,876.69,869.91,869.91,218679640,223,156,57,2020-07-15,62.1708959510816,47.65625,0.7111528093534737,34.5945945945946,1.6216216216216215,16.97553076838101
2020-07-16,871.81,876.83,869.25,876.83,215558200,165,193,72,2020-07-16,69.43588163802934,42.1875,0.8015720740307095,29.72972972972973,1.6216216216216215,16.37851800766226
2020-07-17,873.48,875.07,871.89,872.02,234247910,162,190,77,2020-07-17,68.12552411170488,18.75,0.7152045069925758,29.72972972972973,1.6216216216216215,15.824149015566285
2020-07-20,870.66,871.64,861.4,861.4,250555310,112,282,35,2020-07-20,65.19991044380428,10.9375,0.5439710604982798,33.15217391304348,2.717391304347826,15.015618890082422
2020-07-21,863.94,864.7,856.94,861.69,210821910,164,196,66,2020-07-21,65.2438036723247,8.59375,0.5549636905216531,33.15217391304348,1.6304347826086956,14.622376267879329
2020-07-22,862.8,864.0,854.97,855.08,202616770,103,266,57,2020-07-22,63.28449601716835,5.46875,0.4457051541486023,36.41304347826087,2.1739130434782608,14.414460237450433
2020-07-23,854.92,857.22,851.97,856.75,214187240,145,227,61,2020-07-23,63.582058689150365,5.46875,0.4724071916298917,39.67391304347826,3.804347826086957,14.463337410989228
2020-07-24,854.23,854.57,816.65,829.16,426554030,32,368,26,2020-07-24,50.90069326216286,20.3125,0.0598755781952497,59.78260869565217,9.782608695652174,16.493270925142568
2020-07-27,794.14,808.74,780.64,785.17,365261320,33,377,20,2020-07-27,36.02311894776378,70.3125,-0.295899185063184,76.08695652173914,18.478260869565215,19.45662853591933
2020-07-28,786.72,814.4,786.67,813.36,303573030,360,49,27,2020-07-28,41.669901296756464,71.875,0.0520341280648851,70.43010752688173,9.13978494623656,21.725048429896297
2020-07-29,795.03,800.39,779.82,790.84,301569650,59,352,22,2020-07-29,38.72905152731573,75.78125,-0.0661682541133985,77.95698924731182,16.129032258064516,24.015662610251056
2020-07-30,796.22,802.97,794.88,801.13,157092430,256,104,66,2020-07-30,40.78546464512005,78.90625,0.0833470518260657,76.34408602150538,13.440860215053762,25.91204307730496
2020-07-31,787.78,803.55,786.98,798.39,213294400,115,255,60,2020-07-31,40.39666917928847,78.90625,0.1101465690055843,78.49462365591397,12.903225806451612,27.901586817741265
2020-08-03,796.86,814.84,796.47,814.65,234882030,339,64,33,2020-08-03,43.81928163902685,78.125,0.2631823541071649,75.80645161290323,7.526881720430108,28.75376169077793
2020-08-04,822.86,827.57,820.2,827.57,243436640,326,68,48,2020-08-04,46.450571503464296,71.875,0.3778822601414859,73.65591397849462,4.301075268817205,28.55499568568735
2020-08-05,827.54,839.52,820.74,837.8,254370680,300,78,62,2020-08-05,48.50706278837078,68.75,0.4681607918092546,70.96774193548387,3.763440860215054,27.550870584570394
2020-08-06,838.01,844.16,833.56,840.04,222988820,167,199,74,2020-08-06,48.96919002213251,65.625,0.5003984265972617,70.96774193548387,3.763440860215054,26.318411174538856
2020-08-07,840.65,844.33,836.84,841.46,221256020,185,177,71,2020-08-07,49.27994537602354,63.28125,0.5250169628076592,66.66666666666666,3.225806451612903,25.162596293269942
2020-08-10,845.11,849.52,843.2,843.2,268468910,274,117,61,2020-08-10,49.68427492446656,61.71875,0.5520110296205163,63.97849462365591,2.6881720430107525,23.73242150113786
2020-08-11,847.61,847.61,840.35,843.08,220702180,154,222,65,2020-08-11,49.654875803223646,58.59375,0.5638340777608734,59.13978494623656,2.6881720430107525,22.58144608072355
2020-08-12,844.19,848.54,842.88,846.92,229773600,205,180,62,2020-08-12,50.66097458109701,60.15625,0.6128054889823199,56.451612903225815,2.6881720430107525,21.44274087286566
2020-08-13,849.96,855.19,849.86,855.05,227436170,259,115,64,2020-08-13,64.54618658284878,57.8125,0.7096775256311018,42.473118279569896,2.1505376344086025,19.935611954502736
2020-08-14,854.29,860.32,848.38,850.74,274499020,145,239,63,2020-08-14,63.36178652624142,58.59375,0.6871215488870089,43.01075268817204,2.1505376344086025,18.903374684594684
2020-08-17,848.08,852.05,841.62,850.15,208147190,153,233,57,2020-08-17,63.19084741769674,49.21875,0.6914416111926039,38.17204301075269,2.1505376344086025,17.675392086464253
2020-08-18,850.15,851.06,845.0,846.43,178404950,197,186,59,2020-08-18,62.05410992848671,39.0625,0.6654974899859183,35.483870967741936,2.1505376344086025,16.535122531057425
2020-08-19,847.19,853.15,846.22,851.21,208475560,242,146,65,2020-08-19,62.97575116897147,10.9375,0.7219899519389955,33.33333333333333,1.0752688172043012,15.405249785705053
2020-08-20,851.21,856.99,847.44,848.21,226149990,136,261,63,2020-08-20,61.958620068703745,3.90625,0.6972897431988789,30.270270270270274,1.0810810810810811,14.676001811606902
2020-08-21,849.99,856.45,849.69,854.78,256184180,302,84,66,2020-08-21,63.354515368885586,1.5625,0.7498039656444654,25.945945945945947,0.5405405405405406,13.998842978515762
2020-08-24,860.35,868.68,860.35,868.68,335603410,332,84,44,2020-08-24,69.09470323562185,3.90625,0.8803147553291288,18.91891891891892,0.5405405405405406,14.33726966267779
2020-08-25,870.92,877.57,870.92,874.12,330333470,209,179,77,2020-08-25,73.94533313335802,5.46875,0.8921721784635035,16.756756756756758,0.5405405405405406,15.23526258256718
2020-08-26,873.62,876.97,871.78,873.47,312823030,182,209,66,2020-08-26,73.70771661266218,9.375,0.8693806341188792,13.513513513513514,0.0,16.069113151035896
2020-08-27,872.38,875.71,871.93,874.71,272376220,241,147,67,2020-08-27,77.49714723154719,13.28125,0.8651219694761112,12.972972972972974,0.0,16.843402964613993
2020-08-28,881.54,885.86,877.7,878.98,317005440,225,180,58,2020-08-28,80.8676448812626,16.40625,0.923800133684922,10.81081081081081,0.0,18.21718160079821
2020-08-31,882.13,888.44,879.26,881.65,323244390,159,255,45,2020-08-31,83.48163059922095,20.3125,0.9405915668696172,13.440860215053762,0.0,19.64439247997168
2020-09-01,882.15,892.51,880.79,891.73,274394650,276,129,55,2020-09-01,86.11022471027198,35.15625,1.025422252337788,10.75268817204301,0.0,21.205304086454863
2020-09-03,898.25,904.32,896.26,903.97,311653630,235,170,60,2020-09-03,88.59321936743865,44.53125,1.079928571117238,9.13978494623656,0.0,23.252131682842236
2020-09-04,896.02,903.11,893.86,901.54,303593880,146,267,52,2020-09-04,87.87874686319728,48.4375,0.9702882350340932,9.67741935483871,0.0,24.828006758404037
2020-09-07,903.85,905.8,888.25,888.25,370574490,135,273,57,2020-09-07,83.89383715167222,44.53125,0.7750090804591955,10.75268817204301,0.0,25.55486692614321
2020-09-08,891.61,894.58,884.88,890.14,256864330,249,160,64,2020-09-08,84.00491886874289,39.84375,0.7707041516553098,9.67741935483871,0.0,25.80660983714519
2020-09-09,883.68,892.4,881.57,889.32,272622260,202,185,74,2020-09-09,83.7350860928363,21.09375,0.7365892562356811,10.75268817204301,0.5376344086021506,25.631364244557226
2020-09-10,895.29,896.78,888.82,888.82,276905000,221,179,72,2020-09-10,83.5588384918527,8.59375,0.708260969314256,10.21505376344086,0.0,25.79415586680717
2020-09-11,888.82,890.98,884.67,888.97,262104080,196,197,72,2020-09-11,83.5700112127063,5.46875,0.6896310808080018,10.75268817204301,0.0,25.422721575451707
2020-09-14,891.89,895.31,891.89,894.57,310427650,270,140,56,2020-09-14,84.00696821591205,5.46875,0.7404158971496401,10.75268817204301,0.5376344086021506,25.420339057061756
2020-09-15,898.52,898.74,894.66,896.26,332459520,209,201,51,2020-09-15,84.14401787067676,5.46875,0.7407812383752743,10.75268817204301,0.5376344086021506,25.67922812166437
2020-09-16,897.43,897.58,894.63,897.47,255058370,183,198,68,2020-09-16,84.24809696973627,3.125,0.7403863242069779,9.67741935483871,0.5376344086021506,25.9153734320185
2020-09-17,897.47,899.41,890.93,894.04,360663950,158,236,66,2020-09-17,82.59306124449414,1.5625,0.6703635689574482,9.67741935483871,0.0,25.602786370785225
2020-09-18,896.08,902.11,895.82,900.95,292809860,245,148,70,2020-09-18,83.30462223991267,0.78125,0.7847788914352187,9.13978494623656,0.0,25.555743043264652
2020-09-21,904.5,909.78,904.5,907.94,337085180,220,184,61,2020-09-21,85.16548915778142,3.125,0.923490355809916,9.67741935483871,0.0,26.140407821158256
2020-09-22,905.9,909.69,902.47,906.19,355442560,150,246,57,2020-09-22,84.26650699871257,4.6875,0.857788713581225,9.67741935483871,0.0,26.374498432657298
2020-09-23,908.97,913.52,908.97,912.5,309473980,250,161,53,2020-09-23,86.40762734411848,9.375,0.9524799894916623,8.60215053763441,0.0,26.902600153215815
2020-09-24,910.53,914.51,907.32,908.58,343099440,133,271,70,2020-09-24,84.40795737188313,10.15625,0.8364689195836008,9.13978494623656,0.0,27.12735630795301
2020-09-25,910.78,911.3,905.56,908.27,313418660,162,239,71,2020-09-25,84.24192421193692,11.71875,0.8106203650839934,11.29032258064516,0.0,27.048593851878152
2020-09-28,911.2,913.6,910.04,912.5,365358700,247,159,69,2020-09-28,84.68461721269597,12.5,0.8906037721450983,11.827956989247312,0.5376344086021506,27.19597804254349
2020-09-29,916.63,917.49,903.98,903.98,438172690,129,294,43,2020-09-29,79.82056551894782,7.03125,0.6398190522171219,11.827956989247312,0.5376344086021506,26.356375331594297
2020-09-30,904.34,907.0,900.44,905.21,294760200,222,175,75,2020-09-30,79.99916980467191,3.125,0.6583101172002785,11.827956989247312,1.0752688172043012,25.061800238334246
2020-10-01,910.13,914.09,909.13,914.09,317058100,305,108,63,2020-10-01,82.68886129914958,3.125,0.8858641926702538,11.29032258064516,0.5376344086021506,24.63779564871507
2020-10-02,914.09,916.67,897.72,909.91,483638030,106,294,65,2020-10-02,80.26543617976259,2.34375,0.7485027921202695,14.516129032258066,0.5376344086021506,22.963692207104177
2020-10-05,913.77,915.55,910.96,914.68,407208880,304,120,53,2020-10-05,82.9263301408764,1.5625,0.8441404217274889,13.440860215053762,0.5376344086021506,21.40916758275121
2020-10-06,918.11,918.93,912.77,915.67,456944920,212,174,91,2020-10-06,85.18130410318814,0.78125,0.8359674944045775,10.75268817204301,1.0752688172043012,20.19448071227001
2020-10-07,913.62,923.57,912.69,919.72,480384680,187,217,65,2020-10-07,86.80937216167953,1.5625,0.9037155525473318,11.29032258064516,1.0752688172043012,19.58325331481475
2020-10-08,922.08,922.08,913.89,918.84,426417410,158,253,61,2020-10-08,86.33048868515797,2.34375,0.8515652699490073,12.365591397849462,1.6129032258064515,19.015685017177724
2020-10-09,919.48,924.0,917.7,924.0,327564900,188,197,85,2020-10-09,87.95801296672471,4.6875,0.9589205258181503,12.834224598930485,1.6042780748663104,18.709826023370137
2020-10-12,930.78,933.13,923.28,925.83,395923540,127,295,52,2020-10-12,89.43631143942599,10.9375,0.955131416858619,20.32085561497326,1.6042780748663104,19.352447623990244
2020-10-13,926.76,930.96,923.78,929.86,307905690,185,203,84,2020-10-13,90.86651543281016,15.625,0.9955826256082522,20.32085561497326,2.13903743315508,19.94916768170892
2020-10-14,931.89,940.18,931.89,940.18,366740820,216,189,58,2020-10-14,92.41369783254572,23.4375,1.1219333548704071,21.92513368983957,2.6737967914438503,21.28425033068865
2020-10-15,945.28,945.93,938.7,942.76,418039070,184,223,66,2020-10-15,93.65390802638174,31.25,1.0807421518932148,23.52941176470588,4.27807486631016,22.92811179398372
2020-10-16,944.03,946.23,935.98,943.3,376214380,170,235,68,2020-10-16,94.61514329748309,32.8125,1.005484106680801,24.598930481283425,5.347593582887701,23.99210801139849
2020-10-19,945.01,946.29,941.92,943.69,337193640,205,197,66,2020-10-19,95.35642317167364,32.8125,0.9424127148773224,24.598930481283425,5.88235294117647,24.984833039001156
2020-10-20,941.0,944.54,937.32,944.42,365067740,200,189,81,2020-10-20,95.90135584928812,36.71875,0.901191738950213,25.66844919786097,6.417112299465241,25.11078719865217
2020-10-21,947.16,948.2,939.0,939.03,353904170,166,240,72,2020-10-21,94.0450285635766,28.125,0.7753581715945086,27.807486631016044,5.88235294117647,25.566554725137895
2020-10-22,938.06,949.9,933.78,949.9,298972610,250,152,75,2020-10-22,94.75892533464516,28.125,0.9078318556754807,30.481283422459892,5.347593582887701,25.14013477648036
2020-10-23,953.45,961.26,953.14,961.26,370461040,249,161,59,2020-10-23,95.50938370636118,35.15625,1.004134897565141,31.016042780748663,5.88235294117647,25.748775631747957
2020-10-26,967.52,970.15,950.8,950.8,379914380,137,286,49,2020-10-26,92.24576457371596,31.25,0.8106441366635649,37.096774193548384,8.60215053763441,26.92274133472745
2020-10-27,950.8,954.72,946.28,946.47,387034170,102,319,61,2020-10-27,90.86164089433755,24.21875,0.7252402992068091,45.16129032258064,9.13978494623656,27.34534875737783
2020-10-28,942.82,946.91,921.05,921.05,407659250,66,365,46,2020-10-28,82.9889853207977,25.78125,0.3052774613415523,54.3010752688172,11.827956989247312,25.73358961157217
2020-10-29,918.56,925.84,914.33,919.08,336614810,202,208,70,2020-10-29,71.86248422837264,28.90625,0.2639026684887481,55.376344086021504,12.903225806451612,24.747939236380866
2020-10-30,925.41,926.32,911.2,925.47,280753410,225,181,79,2020-10-30,72.46477438533019,33.59375,0.3497820161271885,56.75675675675676,12.432432432432432,24.06113749207844
2020-11-02,926.09,933.68,924.14,933.68,260733400,304,127,59,2020-11-02,73.25683744790491,35.15625,0.4795949729069383,53.51351351351351,11.891891891891891,22.730790491652737
2020-11-03,936.73,937.57,932.18,935.41,281735400,266,157,69,2020-11-03,73.43027606132489,35.15625,0.4933559155922429,52.972972972972975,10.27027027027027,21.150962317128126
2020-11-04,935.41,943.56,933.86,939.76,310903070,297,119,70,2020-11-04,73.88882664859676,34.375,0.564246132144992,52.43243243243243,5.9459459459459465,20.10310057276082
2020-11-05,940.32,945.51,937.75,937.75,254777110,148,276,68,2020-11-05,73.25967306886334,33.59375,0.5014809632104056,50.27027027027027,5.405405405405405,19.291225547242853
2020-11-06,939.73,941.2,934.63,938.29,232768190,170,226,84,2020-11-06,73.32538714591686,32.03125,0.4973901664311774,51.35135135135135,5.9459459459459465,18.227388247509875
2020-11-09,942.15,951.99,942.15,951.99,352182900,318,117,60,2020-11-09,75.00372172140717,39.0625,0.7932694119004624,44.086021505376344,4.838709677419355,18.123150386555093
2020-11-10,962.68,963.47,951.9,951.9,398473090,227,203,63,2020-11-10,74.9703501558178,42.96875,0.7630835577824949,42.780748663101605,4.81283422459893,18.793978805013825
2020-11-11,954.46,956.65,947.61,952.22,334146980,179,226,82,2020-11-11,75.01291993803096,28.90625,0.7492584828392276,39.037433155080215,5.347593582887701,18.96698969170064
2020-11-12,953.97,959.28,953.62,959.28,301718780,254,170,72,2020-11-12,75.98342355726834,39.84375,0.8687363652537505,34.22459893048128,4.81283422459893,19.305364303232853
2020-11-13,959.56,966.29,959.13,966.29,398286010,279,146,68,2020-11-13,81.23268097244366,52.34375,0.9491529995598452,32.62032085561498,4.27807486631016,20.072533791837454
2020-11-16,970.11,972.98,950.5,950.79,449713430,146,305,50,2020-11-16,75.40532972917129,47.65625,0.6370654414324688,32.62032085561498,3.2085561497326207,19.862891895981605
2020-11-17,955.52,968.9,953.22,968.9,352793810,320,104,74,2020-11-17,80.29765241327681,47.65625,0.9263434091667644,26.737967914438503,2.13903743315508,19.668224421258312
2020-11-18,969.48,974.3,966.32,973.53,419396590,244,176,77,2020-11-18,83.67188404337227,48.4375,0.9377689084993112,24.598930481283425,2.13903743315508,19.88515098587926
2020-11-19,975.32,983.26,974.33,983.26,442256890,254,176,67,2020-11-19,86.28197652997291,55.46875,1.0022191958903468,21.92513368983957,1.6042780748663104,20.67840656858362
2020-11-20,984.71,990.0,980.72,990.0,443915920,255,169,75,2020-11-20,88.46783451153918,67.96875,1.014144227054358,17.11229946524064,2.13903743315508,21.808842604303525
2020-11-23,991.87,995.9,985.38,994.19,418883570,243,188,69,2020-11-23,90.20551729437057,76.5625,0.981376306140009,14.43850267379679,2.13903743315508,23.176217289870355
2020-11-24,996.55,997.99,984.92,995.76,474679040,169,263,64,2020-11-24,91.60558934788844,77.34375,0.9313282841453858,14.97326203208556,2.6737967914438503,24.55569230319207
2020-11-25,1000.39,1002.31,996.8,999.94,412154600,205,221,71,2020-11-25,92.78582903013226,76.5625,0.9214839598219844,15.508021390374331,2.13903743315508,26.061587867053813
2020-11-26,999.24,1005.97,994.91,1005.97,385966160,203,216,76,2020-11-26,93.64683023730224,78.125,0.9321898762324228,12.834224598930485,2.13903743315508,27.644694856216148
2020-11-27,1006.68,1010.22,1004.0,1010.22,357083210,251,167,72,2020-11-27,94.41935192930754,78.90625,0.923337626042367,11.76470588235294,2.13903743315508,29.32243328117724
2020-11-30,1011.82,1012.5,1002.61,1003.08,418685700,182,247,65,2020-11-30,92.95690855334028,75.78125,0.820076128329577,12.834224598930485,2.13903743315508,30.990035758184625
2020-12-01,988.71,1008.87,988.71,1008.87,506748910,221,199,76,2020-12-01,93.05090497702506,71.09375,0.8410768334365311,12.834224598930485,2.13903743315508,30.673240517296858
2020-12-02,1008.77,1015.86,1007.91,1014.32,452902730,234,199,65,2020-12-02,93.9975017507603,70.3125,0.8556628795552887,13.978494623655912,2.1505376344086025,30.82383743185883
2020-12-03,1016.73,1020.35,1014.06,1019.8,470284130,267,146,84,2020-12-03,94.82253556627948,51.5625,0.8717913851956802,12.365591397849462,2.1505376344086025,31.229662610283864
2020-12-04,1019.8,1025.17,1018.67,1021.49,499369940,197,246,59,2020-12-04,95.34736101890395,47.65625,0.8576346604968935,10.21505376344086,2.1505376344086025,31.879480798797584
2020-12-07,1024.34,1030.41,1022.14,1029.98,443253830,275,149,75,2020-12-07,95.83536178472734,39.0625,0.8962635253733475,10.21505376344086,2.1505376344086025,32.76347009771732
2020-12-08,1029.98,1032.58,1025.63,1029.26,473258150,240,203,63,2020-12-08,95.6974901484764,33.59375,0.8538553722210583,9.67741935483871,2.1505376344086025,33.697881111898944
2020-12-09,1029.26,1039.55,1029.26,1039.13,528189450,288,157,65,2020-12-09,96.1088535673648,47.65625,0.9101406256159764,9.090909090909092,1.6042780748663104,34.912900211061306
2020-12-10,1041.65,1044.1,1030.91,1030.91,521392980,123,326,52,2020-12-10,94.48121120644356,39.84375,0.8009416442433723,10.6951871657754,1.6042780748663104,36.2501992189409
2020-12-11,1033.19,1045.96,1030.06,1045.96,388403650,313,124,69,2020-12-11,95.0342974672155,51.5625,0.9084721040295142,9.62566844919786,1.6042780748663104,37.57634509454075
2020-12-14,1048.97,1064.09,1048.97,1064.09,473127510,343,112,53,2020-12-14,95.63615784909872,63.28125,1.0413813848275848,8.02139037433155,0.53475935828877,39.48872727252678
2020-12-15,1062.02,1067.45,1052.01,1055.27,581187020,181,262,56,2020-12-15,93.9501135784783,69.53125,0.9110924523507256,7.4866310160427805,0.0,41.367410722210465
2020-12-16,1058.34,1066.99,1057.21,1066.99,531052590,296,134,62,2020-12-16,94.68175770265958,79.6875,0.9756797753741104,6.417112299465241,0.0,43.11190249691675
2020-12-17,1065.85,1065.85,1051.42,1051.77,599499660,148,290,47,2020-12-17,91.8334679267835,71.09375,0.7934948600964149,7.4866310160427805,0.0,43.84689385368266
2020-12-18,1055.75,1068.56,1055.75,1067.46,529285330,301,129,62,2020-12-18,92.73900739258596,68.75,0.9091249811380868,8.02139037433155,0.0,44.65020051164776
2020-12-21,1071.62,1081.6,1070.86,1081.08,628141660,292,138,62,2020-12-21,93.60864826456606,75.0,0.9768109747391543,9.090909090909092,0.0,45.90394295274436
2020-12-22,1081.85,1084.23,1077.06,1083.45,662913420,269,167,57,2020-12-22,94.3085450720231,80.46875,0.9410345525825088,8.60215053763441,0.5376344086021506,47.15788252854345
2020-12-23,1087.89,1094.09,1077.92,1078.9,713217250,224,215,57,2020-12-23,93.52014953279,74.21875,0.8592037292423328,5.347593582887701,0.53475935828877,48.631115434835856
2020-12-24,1083.83,1084.76,1046.89,1067.52,659391590,88,367,35,2020-12-24,91.46073696514568,64.0625,0.7297645076811237,6.951871657754011,0.53475935828877,46.56854448528211
2020-12-25,1068.83,1084.42,1061.83,1084.42,565373760,339,120,44,2020-12-25,92.34111717267784,58.59375,0.8518478062715991,5.88235294117647,0.53475935828877,44.65330003212506
2020-12-28,1094.37,1096.11,1083.9,1091.33,635313770,240,194,64,2020-12-28,93.1715647481591,59.375,0.8810247410254983,5.319148936170213,0.5319148936170213,43.51203375681579
2020-12-29,1090.49,1102.79,1087.93,1099.49,586339480,275,174,55,2020-12-29,93.97069162305102,54.6875,0.91491326417367,5.319148936170213,1.0638297872340423,42.77849000431023
2020-12-30,1099.78,1108.83,1094.91,1097.54,588541630,228,212,61,2020-12-30,93.63514317576931,52.34375,0.8617716060289381,4.787234042553192,1.0638297872340423,42.377194738598874
2020-12-31,1098.25,1105.33,1096.27,1103.87,473541170,290,160,67,2020-12-31,94.2281573679996,57.03125,0.8838603328524255,3.723404255319149,1.0638297872340423,42.00456342043833
2021-01-04,1113.77,1126.43,1113.59,1120.47,670280100,380,75,44,2021-01-04,94.90257784462294,64.0625,0.9823583626246964,3.1914893617021276,1.0638297872340423,42.52080116815842
2021-01-05,1116.96,1134.45,1116.49,1132.55,673728400,277,166,54,2021-01-05,95.5595870069434,84.375,1.0126667184487994,3.723404255319149,1.5957446808510638,43.26452409650499
2021-01-06,1139.12,1152.85,1133.7,1143.21,688438500,244,197,64,2021-01-06,96.1625379387277,86.71875,1.02303521710186,3.7037037037037033,1.5873015873015872,44.46824893311014
2021-01-07,1147.26,1156.49,1143.44,1156.49,685553900,302,142,53,2021-01-07,96.64081289409222,88.28125,1.0338329539073228,3.1746031746031744,1.058201058201058,45.675709155836
2021-01-08,1164.1,1176.33,1160.48,1167.69,726084300,311,137,55,2021-01-08,97.0815430967948,92.1875,1.0335018452175084,3.684210526315789,1.0526315789473684,47.227380998102554
2021-01-11,1176.47,1186.45,1175.0,1184.89,737563100,313,134,55,2021-01-11,97.49607998622166,95.3125,1.0478667003262383,2.1052631578947367,1.0526315789473684,48.852033560834634
2021-01-12,1190.38,1192.28,1179.24,1192.28,643621500,269,178,54,2021-01-12,97.84627023917176,96.09375,1.0007307346214445,1.5789473684210529,0.5263157894736842,50.460772646578135
2021-01-13,1197.32,1200.82,1183.18,1186.05,710219700,193,254,37,2021-01-13,97.11585286530632,95.3125,0.9097381147042812,1.0526315789473684,0.5263157894736842,52.0948592200131
2021-01-14,1189.48,1190.5,1178.84,1187.4,709253600,258,173,58,2021-01-14,97.120868417313,94.53125,0.8704947238005405,1.0526315789473684,0.5263157894736842,53.1642277836625
2021-01-15,1188.84,1197.74,1188.84,1194.2,715687900,320,134,40,2021-01-15,97.48042574404045,92.1875,0.8680706985867666,1.5789473684210529,0.5263157894736842,54.30079758728434
2021-01-18,1198.79,1200.85,1190.33,1191.94,677474100,273,201,31,2021-01-18,97.19325042092528,89.84375,0.8217103277797908,1.5789473684210529,0.5263157894736842,55.41683938796754
2021-01-19,1189.91,1189.91,1117.17,1131.0,888174700,44,437,19,2021-01-19,89.53383569234326,85.9375,0.4791659868787987,6.315789473684211,0.5263157894736842,51.47358659498852
2021-01-20,1136.5,1142.48,1098.05,1134.68,769795300,209,235,52,2021-01-20,89.58720075537559,81.25,0.4848472643563465,7.894736842105263,1.0526315789473684,48.52276549459233
2021-01-21,1146.86,1164.21,1132.66,1164.21,639454800,425,42,41,2021-01-21,90.02665206230455,78.125,0.6372329118239861,7.368421052631578,1.0526315789473684,45.215816750343016
2021-01-22,1166.77,1175.72,1161.43,1166.78,691689100,211,233,57,2021-01-22,90.06594587283509,70.3125,0.6343181602349294,7.894736842105263,1.0526315789473684,42.56604918851285
2021-01-25,1164.2,1172.18,1162.8,1166.05,639736600,236,219,50,2021-01-25,89.9575294394429,63.28125,0.6105008573828701,8.421052631578947,0.5263157894736842,40.10555073824198
2021-01-26,1164.97,1164.97,1121.03,1136.12,719767100,78,395,23,2021-01-26,85.41758706060503,74.21875,0.3704471140712425,17.36842105263158,0.5263157894736842,38.22370407399667
2021-01-27,1122.41,1132.99,1088.86,1097.17,719150000,51,413,34,2021-01-27,72.62187955795888,86.71875,0.0723666097490024,34.73684210526316,2.631578947368421,37.361576621923575
2021-01-28,1041.71,1052.16,1022.77,1023.94,669631000,20,478,12,2021-01-28,56.59967639928176,100.0,-0.2469419422751651,53.92670157068062,6.282722513089005,37.833577619481694
2021-01-29,998.33,1076.11,998.33,1056.61,714102800,375,90,35,2021-01-29,58.49205142597821,100.0,0.0074011413851696,52.879581151832454,4.18848167539267,38.62268001154198
2021-02-01,1056.61,1074.52,1035.51,1035.51,565564800,90,369,37,2021-02-01,56.770365478427635,100.0,-0.0158735338544721,64.3979057591623,5.2356020942408374,39.35541794702653
2021-02-02,1036.95,1075.53,1029.36,1075.53,529632600,331,130,30,2021-02-02,59.2220350782014,99.21875,0.2029859079233388,63.35078534031413,7.853403141361256,40.12689486013233
2021-02-03,1084.87,1113.24,1082.95,1111.29,609128600,414,56,26,2021-02-03,61.33228547626994,98.4375,0.3770111433024193,57.59162303664922,4.18848167539267,39.32649786196074
2021-02-04,1112.97,1117.88,1098.85,1112.19,449954100,209,220,61,2021-02-04,61.386445383099854,96.875,0.3915771251943753,57.59162303664922,3.664921465968586,38.4138834550894
2021-02-05,1114.79,1126.91,1112.19,1126.91,438884200,297,134,58,2021-02-05,62.316128414073674,96.09375,0.4683255973977028,54.973821989528794,1.5706806282722512,37.23091322525574
2021-02-08,1127.06,1127.06,1075.1,1083.18,613138900,69,385,24,2021-02-08,57.85931207535033,95.3125,0.2879312714653756,58.1151832460733,2.6178010471204187,36.91972043286825
2021-02-09,1090.88,1114.93,1078.98,1114.93,462098700,396,57,41,2021-02-09,60.091051546339074,93.75,0.4521838856678205,54.973821989528794,1.5706806282722512,36.63075569707987
2021-02-17,1127.46,1155.78,1127.46,1155.78,484219600,425,43,28,2021-02-17,62.81934993696581,92.96875,0.6623758306684395,45.54973821989529,0.0,34.91359549327131
2021-02-18,1157.1,1174.38,1148.66,1174.38,562444200,277,166,55,2021-02-18,70.74992260271972,92.96875,0.7627283930084306,42.93193717277487,0.0,32.75902701324958
2021-02-19,1160.65,1178.18,1157.6,1173.5,522199200,203,230,57,2021-02-19,70.65498584084722,96.09375,0.7711417246849224,40.83769633507853,0.0,30.645444624687116
2021-02-22,1173.57,1182.67,1169.12,1175.04,544725500,199,231,72,2021-02-22,76.4887690768049,97.65625,0.7907195159410356,40.31413612565445,0.0,28.543990100939276
2021-02-23,1174.57,1184.32,1168.32,1177.64,547654100,233,201,66,2021-02-23,80.69330436147789,92.96875,0.7820430992681464,34.55497382198953,0.0,26.53912671408909
2021-02-24,1184.32,1185.58,1154.36,1162.01,547876300,93,357,44,2021-02-24,79.14332218249602,89.84375,0.6913230571508173,35.07853403141361,0.0,25.126567061806263
2021-02-25,1169.97,1169.97,1155.74,1165.43,470045900,220,214,66,2021-02-25,79.2372998901765,84.375,0.7082041939290933,32.460732984293195,0.0,23.81490452754364
2021-02-26,1148.88,1169.28,1148.88,1168.47,508201200,216,209,73,2021-02-26,79.32647147464036,82.03125,0.722884821967868,31.93717277486911,0.0,22.8283770805964
2021-03-01,1176.93,1186.82,1174.45,1186.17,575763900,358,85,60,2021-03-01,82.12703492718799,81.25,0.8010298156452402,25.654450261780102,0.0,21.226087524708163
2021-03-02,1196.16,1196.16,1181.99,1186.61,513786800,227,190,78,2021-03-02,84.41098054218165,79.6875,0.7806794914640705,20.94240837696335,0.0,20.023654838986268
2021-03-03,1184.73,1189.18,1180.25,1186.95,565135800,270,168,64,2021-03-03,86.30223068963991,78.125,0.7556169055670026,17.801047120418847,0.0,18.83643633890624
2021-03-04,1191.78,1191.9,1159.48,1168.52,614464500,95,362,41,2021-03-04,84.3450629688021,50.78125,0.6523315694347784,20.418848167539267,0.0,18.05009915645897
2021-03-05,1164.19,1169.56,1155.6,1168.69,539078500,264,169,67,2021-03-05,84.34858885095694,11.71875,0.6346917183208299,17.277486910994764,0.0,17.460703963056208
2021-03-08,1180.33,1181.25,1164.02,1168.27,610284000,274,183,56,2021-03-08,84.29807398879711,7.03125,0.6164979109595132,16.75392670157068,0.5235602094240838,16.404595323517782
2021-03-09,1160.96,1166.42,1150.94,1161.97,577091500,187,266,59,2021-03-09,83.4903673263264,11.71875,0.5468371684100779,14.136125654450264,1.5706806282722512,15.927973334979374
2021-03-10,1163.86,1170.59,1154.89,1170.08,548935700,279,177,59,2021-03-10,83.70679240900233,12.5,0.5962545587097587,14.136125654450264,1.5706806282722512,15.29501754915165
2021-03-11,1170.08,1183.73,1170.08,1181.73,569875500,297,165,53,2021-03-11,84.03064495275467,13.28125,0.6819776372676575,12.041884816753926,1.0471204188481675,14.280110631503698
2021-03-12,1185.21,1186.52,1178.14,1181.56,572921600,182,280,55,2021-03-12,84.0044057602862,14.84375,0.6610266359360911,12.041884816753926,1.0471204188481675,13.458613059852333
2021-03-15,1183.89,1186.06,1178.8,1184.56,618373300,270,195,50,2021-03-15,84.09876850080593,13.28125,0.7191431476812674,12.56544502617801,0.5235602094240838,12.695793886176064
2021-03-16,1184.91,1184.91,1171.76,1179.9,609049000,162,297,56,2021-03-16,83.27695298160373,10.9375,0.6653315426703098,12.56544502617801,0.5235602094240838,11.94058494351282
2021-03-17,1178.64,1186.09,1176.26,1186.09,629310900,257,190,68,2021-03-17,83.5075005761305,12.5,0.8165320288949236,12.56544502617801,0.5235602094240838,11.1770557059756
2021-03-18,1196.6,1200.94,1191.94,1200.94,555529500,250,178,85,2021-03-18,84.91727443588346,21.09375,1.0939228426714918,10.471204188481677,0.0,11.039220699534594
2021-03-19,1195.47,1199.67,1191.96,1194.05,583286900,193,251,61,2021-03-19,83.55733041594841,25.0,0.8751347540159139,9.947643979057592,0.0,10.911231050696518
2021-03-22,1200.05,1200.21,1189.31,1194.43,608555500,180,274,60,2021-03-22,83.5729558995161,25.0,0.8428130624679513,12.041884816753926,0.0,10.628445570785548
2021-03-23,1190.28,1191.47,1177.1,1183.45,626594800,110,359,41,2021-03-23,81.17260868902443,24.21875,0.5967530219779653,15.18324607329843,0.5235602094240838,10.09386959520189
2021-03-24,1169.42,1174.2,1154.22,1161.81,633107300,75,408,26,2021-03-24,73.1133151933804,25.0,0.1276060149019351,22.395833333333336,1.5625,10.704549552490054
2021-03-25,1164.41,1170.76,1154.44,1163.1,592884200,205,245,64,2021-03-25,73.20775630687886,25.0,0.1626364191853201,29.6875,1.5625,11.271609512829064
2021-03-26,1162.71,1165.76,1137.9,1162.21,612775600,122,339,47,2021-03-26,73.01719533025181,24.21875,0.1610569587703861,33.85416666666667,2.083333333333333,12.485578321300844
2021-03-29,1169.65,1175.77,1165.78,1175.68,576722900,392,83,34,2021-03-29,74.11539349343207,23.4375,0.450772187693775,33.33333333333333,2.083333333333333,12.95703867972042
2021-03-30,1179.64,1187.29,1172.85,1186.36,682885100,270,165,69,2021-03-30,74.98472853172068,23.4375,0.6748954986132156,34.89583333333333,2.083333333333333,12.701710073282472
2021-03-31,1186.36,1196.45,1186.36,1191.44,652432200,222,207,63,2021-03-31,75.40780613320467,25.0,0.7717365122251307,34.031413612565444,1.5706806282722512,11.95502291522594
2021-04-01,1194.59,1217.26,1192.83,1216.1,617974300,334,106,47,2021-04-01,79.41473851838205,42.96875,1.109269131571471,28.79581151832461,1.5706806282722512,11.94558388997266
2021-04-02,1225.76,1228.29,1221.07,1224.45,590027100,274,142,67,2021-04-02,82.88065753437573,56.25,1.0949935599650575,27.74869109947644,2.094240837696335,12.395534851267868
2021-04-05,1245.28,1245.28,1228.18,1236.05,614658300,226,201,62,2021-04-05,85.90882637639527,71.875,1.101486586016842,26.5625,2.083333333333333,13.442811332337332
2021-04-06,1233.37,1244.63,1231.14,1239.96,636394100,190,248,47,2021-04-06,88.26249130523308,75.78125,1.0404101776229775,27.083333333333332,1.5625,14.415282350473264
2021-04-07,1237.39,1242.38,1232.52,1242.38,658286800,267,155,59,2021-04-07,90.09868828234973,77.34375,0.981132742062624,27.083333333333332,2.083333333333333,15.318291153028058
2021-04-08,1242.38,1246.4,1232.26,1234.89,617808800,167,233,74,2021-04-08,88.70935669951291,78.90625,0.859669377294556,27.604166666666668,2.083333333333333,16.317643777438235
2021-04-09,1231.51,1234.98,1227.6,1231.66,638997900,213,206,54,2021-04-09,88.0785980402018,79.6875,0.7959951143706614,26.5625,1.5625,16.902865035874726
2021-04-12,1236.79,1252.45,1232.35,1252.45,830823700,301,134,48,2021-04-12,90.18717678448776,77.34375,0.921981143327394,23.4375,1.5625,18.148862109146982
2021-04-13,1262.44,1268.02,1247.66,1248.33,950518900,113,312,46,2021-04-13,89.41302647719633,73.4375,0.8443520597938013,25.654450261780102,2.094240837696335,19.827137557277233
2021-04-14,1240.9,1255.87,1233.01,1255.87,788216400,263,153,61,2021-04-14,91.25149417841648,70.3125,0.8596271558714159,23.56020942408377,2.094240837696335,20.36131220862439
2021-04-15,1262.25,1265.87,1247.25,1247.25,741312300,141,294,41,2021-04-15,89.70748228530104,53.125,0.7661126038076511,33.50785340314136,2.6178010471204187,21.216973172365773
2021-04-16,1245.06,1254.61,1227.14,1238.71,920678200,81,355,36,2021-04-16,88.11672366267028,37.5,0.683314853601743,42.1875,5.208333333333334,20.7785228209038
2021-04-19,1243.58,1260.58,1233.77,1260.58,741859400,297,126,52,2021-04-19,89.70795550513847,10.15625,0.8117674719148746,42.70833333333333,6.25,20.614212517357096
2021-04-20,1267.74,1286.32,1261.28,1268.28,746192400,187,227,62,2021-04-20,90.71812104233618,10.15625,0.8293863733654803,45.3125,7.291666666666667,21.374333897617948
2021-04-22,1264.31,1271.98,1227.82,1227.82,699782600,80,365,30,2021-04-22,83.84616192003321,8.59375,0.5204691707114775,57.291666666666664,9.895833333333332,20.393147620292034
2021-04-23,1227.18,1248.53,1216.15,1248.53,652051800,305,115,44,2021-04-23,84.49365462189856,8.59375,0.6638510319625649,56.25,8.333333333333332,18.99531302294642
2021-04-26,1251.25,1251.25,1214.14,1215.77,661919500,91,340,27,2021-04-26,76.15831877048748,20.3125,0.3346700227771839,63.541666666666664,12.5,17.808131750933207
2021-04-27,1213.84,1220.96,1204.14,1219.75,522912500,190,221,48,2021-04-27,76.34876769266668,24.21875,0.3275966531360086,64.0625,19.270833333333336,16.792952031417745
2021-04-28,1220.26,1230.91,1217.49,1229.55,566130400,280,128,46,2021-04-28,76.83935906108289,27.34375,0.4033378016727328,61.979166666666664,17.1875,15.771842558685554
2021-04-29,1234.91,1239.39,1231.25,1239.39,591216700,220,167,53,2021-04-29,77.3474448312445,23.4375,0.5086551108011884,60.73298429319372,16.230366492146597,15.180370700059251
2021-05-04,1222.08,1242.8,1212.56,1242.2,687879600,154,263,35,2021-05-04,77.4992474996235,22.65625,0.5372560219867333,63.87434554973822,22.5130890052356,14.393183326063047
2021-05-05,1244.69,1265.93,1244.69,1256.43,656695400,330,93,33,2021-05-05,78.29257724237365,25.0,0.7731904844553262,61.25654450261781,14.659685863874344,14.007075876693609
2021-05-06,1255.42,1261.49,1246.64,1250.57,643017200,148,262,48,2021-05-06,77.08721809879437,22.65625,0.6495375792721104,63.541666666666664,13.541666666666666,13.648547530850555
2021-05-07,1245.48,1250.5,1231.92,1241.81,718314800,118,307,41,2021-05-07,75.22282833685892,21.875,0.485109871542108,62.5,19.270833333333336,12.695122243429456
2021-05-10,1239.96,1259.58,1236.85,1259.58,701147100,214,207,43,2021-05-10,76.46623653166084,31.25,0.7882229188263175,62.5,20.3125,12.150722760802664
2021-05-11,1265.11,1272.55,1256.04,1256.04,678077300,261,164,40,2021-05-11,75.65175448157665,24.21875,0.7042648379670428,61.458333333333336,18.229166666666664,12.161513104586607
2021-05-12,1251.97,1269.09,1249.18,1269.09,636352400,309,102,51,2021-05-12,79.23879245168462,27.34375,0.8843254394722675,58.333333333333336,13.541666666666666,11.8380799165307
2021-05-13,1262.98,1273.49,1261.99,1261.99,654225600,163,254,43,2021-05-13,77.59941247633589,29.6875,0.749961773883113,57.8125,14.0625,11.721903094417582
2021-05-14,1266.43,1271.45,1259.97,1266.36,648712400,190,220,48,2021-05-14,77.90244811803564,36.71875,0.7952887730951864,56.770833333333336,13.541666666666666,11.50686655557642
2021-05-17,1272.55,1277.83,1258.5,1258.7,674186900,141,278,41,2021-05-17,75.96260691908597,19.53125,0.670346230308654,57.8125,14.0625,11.59573369814595
2021-05-18,1259.57,1262.22,1249.02,1252.68,635896900,143,274,46,2021-05-18,74.39473819185743,8.59375,0.5707734377925607,60.416666666666664,17.1875,11.145684498575909
2021-05-19,1254.78,1262.71,1250.58,1262.49,625623500,183,235,48,2021-05-19,75.28978064954222,2.34375,0.7048650710353314,63.020833333333336,18.229166666666664,10.752590407968048
2021-05-20,1264.62,1278.22,1255.78,1278.22,683043500,163,252,41,2021-05-20,78.4942240168117,7.03125,0.9088253049880493,61.979166666666664,25.0,11.13652180088797
2021-05-21,1272.84,1289.03,1268.46,1283.93,626704900,257,162,43,2021-05-21,81.32351037897435,9.375,0.9497061308324696,55.729166666666664,16.666666666666664,11.954241128223478
2021-05-24,1287.5,1299.83,1287.36,1297.98,641854700,259,158,46,2021-05-24,84.29147052293855,23.4375,1.036958110567276,52.604166666666664,11.979166666666668,13.136542655146531
2021-05-25,1299.19,1308.58,1297.23,1308.58,617120500,212,193,60,2021-05-25,86.94691698380373,42.96875,1.04341147745595,51.041666666666664,9.895833333333332,14.553900598938208
2021-05-26,1308.04,1317.3,1304.68,1316.7,660896200,166,244,54,2021-05-26,89.16025702399823,49.21875,1.0447225823157844,50.0,9.895833333333332,16.17124205590914
2021-05-27,1318.42,1319.67,1299.99,1303.57,666986400,101,322,34,2021-05-27,86.39429826208092,50.0,0.8786365319672452,47.91666666666667,10.9375,17.328455935418628
2021-05-28,1307.79,1323.09,1300.06,1320.46,704736300,290,124,47,2021-05-28,88.39562369517382,56.25,0.9829868396077917,45.3125,9.375,18.53282172967821
2021-05-31,1326.65,1328.05,1307.56,1328.05,686089600,158,261,41,2021-05-31,90.1335771008298,67.96875,0.9800137231943103,40.625,9.895833333333332,19.840510171106494
2021-06-01,1329.47,1346.34,1328.84,1337.78,585998900,169,244,37,2021-06-01,91.65354409313736,71.09375,0.987776837893489,40.10416666666667,9.375,21.67692110771139
2021-06-02,1337.78,1344.98,1330.82,1340.78,743586200,228,187,49,2021-06-02,92.87695212031883,71.875,0.9423856635979568,33.85416666666667,6.770833333333333,23.38215983455879
2021-06-03,1345.21,1366.0,1345.21,1364.28,842889800,339,75,47,2021-06-03,94.063926765523,73.4375,1.0243227364229164,30.208333333333332,3.125,25.569468325656032
2021-06-04,1367.06,1374.05,1360.42,1374.05,874131500,224,193,44,2021-06-04,95.0332707235008,74.21875,1.0078229138793446,26.5625,3.125,27.79826317879633
2021-06-07,1374.59,1375.74,1347.21,1358.78,828123200,157,265,37,2021-06-07,92.97613699974076,69.53125,0.8619170119841865,22.395833333333336,2.604166666666667,28.79137345885372
2021-06-08,1355.36,1364.48,1318.11,1319.88,859332400,94,321,40,2021-06-08,87.76419619326876,64.0625,0.5968767935605035,26.5625,2.604166666666667,27.833927410810485
2021-06-09,1323.52,1339.14,1312.08,1332.9,752808200,222,170,58,2021-06-09,88.00653267539838,50.78125,0.664076028208717,27.604166666666668,2.604166666666667,26.61690628283214
2021-06-10,1332.9,1336.71,1317.49,1323.58,667770700,162,236,49,2021-06-10,86.68307452557897,44.53125,0.5844537547623001,26.5625,3.125,25.486815235423677
2021-06-11,1326.79,1352.47,1322.08,1351.74,696720700,293,104,46,2021-06-11,87.30430561630246,43.75,0.7554369522802608,23.958333333333336,1.5625,25.12325915210816
2021-06-14,1352.73,1368.53,1352.73,1361.72,706965800,202,184,56,2021-06-14,87.52639297814265,43.75,0.8005860639853627,21.354166666666664,1.0416666666666663,25.386340490441597
2021-06-15,1361.58,1372.72,1356.59,1367.36,696896400,183,198,63,2021-06-15,87.65779240737525,39.84375,0.8241583867781257,19.270833333333336,0.5208333333333333,25.777217901046686
2021-06-16,1363.85,1370.14,1350.73,1356.52,733597200,176,222,43,2021-06-16,85.78728595322173,34.375,0.7234757801190221,16.145833333333336,0.5208333333333333,25.75124743737595
2021-06-17,1341.06,1364.55,1337.49,1359.92,705807300,219,165,57,2021-06-17,85.88899531664943,28.125,0.7365225284014643,14.583333333333334,0.0,24.903557109679287
2021-06-18,1366.19,1377.77,1363.52,1377.77,743046800,249,138,54,2021-06-18,87.52583024420954,35.9375,0.8836971586244939,11.458333333333332,0.0,24.66980524644333
2021-06-21,1373.59,1381.74,1367.85,1372.63,724919500,173,232,39,2021-06-21,86.56568492277819,36.71875,0.8069722406457137,10.9375,0.0,24.61101212537229
2021-06-22,1380.84,1385.98,1375.0,1379.97,686837800,189,204,50,2021-06-22,88.19594114218339,39.84375,0.8504738119077746,10.9375,0.0,24.727729106107827
2021-06-23,1383.15,1388.33,1372.06,1376.87,636933200,94,298,51,2021-06-23,87.60531189427576,41.40625,0.7883485529047868,12.5,0.0,24.628913441404663
2021-06-24,1376.87,1384.71,1372.99,1379.72,531324500,112,274,53,2021-06-24,87.6869512929857,43.75,0.8037738711716544,14.0625,0.0,24.537156038466016
2021-06-25,1382.11,1390.12,1372.8,1390.12,511420300,223,147,65,2021-06-25,89.51919472301734,38.28125,0.8884716242782876,13.541666666666666,0.0,24.707893690437317
2021-06-28,1397.96,1406.02,1390.56,1405.81,645842300,228,157,54,2021-06-28,91.17485072071231,41.40625,0.997073158903764,10.9375,0.0,25.53912107858704
2021-06-29,1408.34,1416.34,1406.87,1410.04,599995500,153,244,46,2021-06-29,92.51391083532287,30.46875,0.9676564317795336,11.979166666666668,0.0,26.68672309588569
2021-06-30,1410.83,1419.61,1408.18,1408.55,523401100,139,233,62,2021-06-30,92.25412257765214,34.375,0.8980273163849792,11.979166666666668,0.5208333333333333,27.86674971826187
2021-07-01,1412.15,1417.27,1402.18,1417.08,689994700,224,165,54,2021-07-01,93.10197718563806,42.1875,0.9198711140813188,13.541666666666666,0.5208333333333333,28.43662663770146
2021-07-02,1422.89,1424.28,1415.82,1420.27,640414600,169,212,54,2021-07-02,93.86344944613776,47.65625,0.8970202004578838,14.583333333333334,0.5208333333333333,29.244197906537583
2021-07-05,1411.13,1421.52,1394.12,1411.13,765943500,112,287,28,2021-07-05,92.2904202823683,41.40625,0.7879760156452378,25.520833333333332,0.5208333333333333,28.312970586881065
2021-07-06,1411.13,1418.99,1354.79,1354.79,765555500,59,350,19,2021-07-06,81.72380272055081,46.09375,0.2922037574935478,36.45833333333333,1.5625,27.186551000286777
2021-07-07,1354.79,1388.55,1334.88,1388.55,725684700,147,226,40,2021-07-07,82.8161915229214,43.75,0.5759899653850109,39.0625,5.208333333333334,26.88302130441888
2021-07-08,1388.55,1388.55,1363.92,1374.68,521754500,148,204,68,2021-07-08,80.68251041647125,42.96875,0.4029830113702566,44.27083333333333,6.25,26.601172301112975
2021-07-09,1374.68,1374.68,1335.9,1347.14,707063900,77,306,33,2021-07-09,70.38570475492136,55.46875,0.1008570871260057,51.041666666666664,9.895833333333332,27.23374175013149
2021-07-12,1347.14,1347.14,1270.06,1296.3,900010700,36,374,12,2021-07-12,57.08559172865808,75.0,-0.2089766436778406,60.9375,19.270833333333336,29.16427255713907
2021-07-13,1296.3,1307.73,1278.3,1297.54,493260200,265,112,44,2021-07-13,57.17276446476573,83.59375,-0.0679451789813958,59.895833333333336,15.625,30.956908306503255
2021-07-14,1297.54,1305.37,1264.68,1279.91,541751600,138,234,44,2021-07-14,45.825501214419326,88.28125,-0.0688361301049695,68.22916666666666,17.708333333333336,32.834937921092894
2021-07-15,1279.91,1299.18,1270.77,1293.92,413941000,287,82,49,2021-07-15,46.95714129103594,88.28125,0.0750799824732538,65.80310880829016,11.917098445595856,34.578822563211844
2021-07-16,1293.92,1304.37,1293.92,1299.31,410314600,199,178,45,2021-07-16,47.4122688821291,89.0625,0.148319952612365,65.80310880829016,11.917098445595856,35.88295115975739
2021-07-19,1299.31,1299.31,1237.79,1243.51,665733700,50,346,21,2021-07-19,36.38615802081897,96.09375,-0.0324844016099798,75.25773195876289,20.10309278350515,37.92375567956848
2021-07-20,1243.51,1273.29,1225.52,1273.29,532555600,281,94,40,2021-07-20,38.961647629679504,91.40625,0.1490492465989386,72.16494845360825,17.010309278350515,39.957951630339814
2021-07-21,1273.29,1284.33,1266.71,1270.79,391119000,188,171,64,2021-07-21,38.81955918046082,85.15625,0.175957927232385,71.64948453608247,18.556701030927837,41.24742724898287
2021-07-22,1270.79,1294.16,1266.54,1293.67,486962100,308,79,35,2021-07-22,40.942308081972,82.8125,0.2922963378324495,69.58762886597938,11.855670103092782,41.924181396564975
2021-07-23,1293.67,1295.63,1268.83,1268.83,544429400,97,282,38,2021-07-23,39.3461760669024,82.8125,0.220029929441081,71.1340206185567,14.948453608247425,42.473210287029424
2021-07-26,1268.83,1277.33,1254.57,1272.71,454862700,190,182,44,2021-07-26,39.741343141069166,75.78125,0.2606740714815883,65.97938144329896,13.402061855670103,43.240454780060965
2021-07-27,1272.71,1288.35,1272.71,1276.93,513020600,206,166,50,2021-07-27,40.197701333773146,59.375,0.299218386712915,63.4020618556701,12.886597938144329,43.33806048485722
2021-07-28,1276.93,1281.17,1271.78,1277.07,355190400,141,214,67,2021-07-28,40.21387792670312,24.21875,0.3196986291684295,62.88659793814433,12.886597938144329,43.4487939982082
2021-07-29,1277.07,1293.6,1277.07,1293.6,438103100,227,125,61,2021-07-29,42.20186035159617,24.21875,0.4124986714480731,56.70103092783505,11.34020618556701,42.84645237673338
2021-07-30,1293.6,1311.97,1293.6,1310.05,609027100,259,113,46,2021-07-30,49.4836590391748,36.71875,0.5214871196626981,51.03092783505154,8.762886597938143,41.34361397936155
2021-08-02,1310.05,1322.35,1304.49,1314.22,578784400,209,167,41,2021-08-02,55.84933825682624,50.78125,0.5854410483384107,45.876288659793815,9.278350515463918,39.459248841196086
2021-08-03,1314.22,1332.44,1314.22,1332.44,607397800,243,140,37,2021-08-03,62.28608750944669,60.9375,0.7217351563396198,42.2680412371134,7.731958762886598,37.25330095732835
2021-08-04,1332.44,1340.76,1328.4,1334.74,614173100,213,152,54,2021-08-04,67.51785194647721,65.625,0.7996107638590821,41.23711340206185,6.701030927835052,34.84031955504381
2021-08-05,1334.74,1346.62,1326.8,1345.55,575015000,262,116,49,2021-08-05,72.16838246297871,66.40625,0.945800334351379,35.56701030927835,5.670103092783505,32.358233019830024
2021-08-06,1345.55,1351.85,1341.45,1341.45,666046400,177,200,43,2021-08-06,71.72403718004136,68.75,0.9193860116483128,28.350515463917525,4.123711340206185,30.28204022705456
2021-08-09,1341.45,1361.12,1334.69,1359.86,624857600,271,97,55,2021-08-09,75.35256678388428,71.875,0.9948814942584632,21.649484536082475,3.608247422680412,28.752187886439728
2021-08-10,1359.86,1370.35,1358.12,1362.43,666359800,217,157,50,2021-08-10,78.41916885607193,76.5625,0.9445065974434184,18.04123711340206,2.5773195876288657,27.710421140864582
2021-08-11,1362.43,1374.03,1357.79,1357.79,761972900,182,205,36,2021-08-11,77.90172928309798,75.0,0.8629330200182546,17.010309278350515,1.5463917525773196,26.8925168399635
2021-08-12,1357.79,1365.01,1353.05,1353.05,710090200,185,183,43,2021-08-12,77.34030867488059,71.09375,0.7974891597793214,15.463917525773196,2.061855670103093,25.8614229004109
2021-08-13,1353.05,1357.41,1336.74,1357.05,713712000,166,205,42,2021-08-13,77.48775244959583,65.625,0.7936914691544903,16.49484536082474,2.061855670103093,24.03565302837421
2021-08-16,1357.05,1372.33,1357.05,1370.96,793990600,266,117,32,2021-08-16,80.66757456885198,59.375,0.855814942317067,15.463917525773196,2.061855670103093,23.02568618941024
2021-08-17,1370.96,1379.7,1359.11,1363.09,727641800,148,232,32,2021-08-17,79.65197941515612,42.1875,0.7745286078380662,14.432989690721648,2.061855670103093,22.401324147461935
2021-08-18,1363.09,1370.5,1355.83,1360.94,636257800,172,197,43,2021-08-18,79.35803788344536,22.65625,0.7369707047915631,13.917525773195877,2.061855670103093,21.635349810735217
2021-08-19,1360.94,1374.85,1352.94,1374.85,647948200,218,161,36,2021-08-19,81.4382907855956,13.28125,0.8014238759594586,14.948453608247425,2.061855670103093,21.12313755118834
2021-08-20,1374.85,1374.85,1317.52,1329.43,1165664100,75,302,31,2021-08-20,75.31492174504226,16.40625,0.4621901118351546,19.072164948453608,2.5773195876288657,20.353019920186988
2021-08-23,1329.43,1326.07,1298.86,1298.86,761345100,101,282,32,2021-08-23,66.32906196421098,53.125,0.2008557231648942,26.288659793814436,3.0927835051546393,20.339098814510756
2021-08-24,1298.86,1307.56,1289.16,1298.74,638238200,145,228,40,2021-08-24,58.766354222156295,67.1875,0.1711648027018572,28.350515463917525,4.639175257731959,20.655541254000926
2021-08-25,1298.74,1309.8,1291.7,1309.55,472111500,228,134,49,2021-08-25,59.47313563598249,69.53125,0.2243433829719061,27.31958762886598,5.154639175257731,20.82318989903459
2021-08-26,1309.55,1316.26,1295.77,1301.12,492665900,189,180,39,2021-08-26,58.62915289046511,75.0,0.1314189310568439,28.865979381443296,5.154639175257731,20.60876896775986
2021-08-27,1301.12,1313.2,1285.16,1313.2,625254800,260,115,43,2021-08-27,59.515743130485184,76.5625,0.2462559039791254,29.38144329896907,4.123711340206185,20.81668429294608
2021-08-30,1313.2,1329.62,1313.2,1328.14,626412100,334,63,34,2021-08-30,60.63921104549904,75.0,0.3841169565689933,28.04232804232804,4.232804232804233,20.095761043033292
2021-08-31,1328.14,1336.14,1325.69,1331.47,701548700,206,186,40,2021-08-31,60.89966639653706,75.0,0.4181483184646354,27.513227513227513,4.232804232804233,19.090842285980393
2021-09-01,1331.47,1338.02,1328.13,1334.65,667074200,219,173,41,2021-09-01,61.163951143077064,72.65625,0.4501581371027815,26.984126984126984,3.7037037037037033,18.05924193373002
2021-09-06,1334.65,1348.36,1334.65,1346.39,874672600,300,106,42,2021-09-06,62.180283072024714,68.75,0.5677016029082628,24.352331606217614,3.6269430051813463,16.9717212960443
2021-09-07,1346.39,1353.66,1340.32,1341.9,832845900,125,294,28,2021-09-07,61.51721196721148,64.84375,0.5223662288902594,25.25773195876289,3.608247422680412,16.225406362872853
2021-09-08,1341.9,1344.49,1328.35,1333.61,582036600,127,259,56,2021-09-08,60.23993587931885,60.15625,0.451430507931054,25.773195876288657,4.123711340206185,15.243768898250725
2021-09-09,1333.61,1345.59,1332.67,1343.98,568663500,274,134,40,2021-09-09,61.321777180660035,36.71875,0.5686003604414077,24.74226804123711,4.123711340206185,14.271509957293247
2021-09-10,1343.98,1350.43,1343.98,1345.31,533105300,213,194,43,2021-09-10,61.46659148953375,42.1875,0.5906152651836808,24.74226804123711,3.0927835051546393,13.410156132929613
2021-09-13,1345.31,1350.69,1340.5,1341.43,722319500,196,224,30,2021-09-13,60.75197971496521,29.6875,0.556100556770718,23.195876288659793,2.5773195876288657,12.502020344318
2021-09-14,1341.43,1349.13,1336.84,1339.7,672819500,168,234,48,2021-09-14,60.41471351589446,19.53125,0.5478244617193502,21.649484536082475,3.0927835051546393,11.880243270835663
2021-09-15,1339.7,1347.7,1334.97,1345.83,625538600,281,147,24,2021-09-15,61.23589879783313,14.0625,0.638019457975177,20.10309278350515,3.0927835051546393,11.418950673670896
2021-09-16,1345.83,1353.12,1341.23,1345.87,550023100,212,187,55,2021-09-16,61.24154892181306,0.78125,0.655265908179118,21.649484536082475,2.061855670103093,10.613471106747149
2021-09-17,1345.87,1356.45,1345.87,1352.64,785574800,280,126,53,2021-09-17,66.43624764895964,0.78125,0.7500149327405294,21.649484536082475,2.061855670103093,10.074638945861729
2021-09-20,1352.64,1365.92,1349.18,1350.48,821369200,197,234,29,2021-09-20,65.91519569790147,0.78125,0.7660847341988267,21.1340206185567,1.5463917525773196,10.19358333096311
2021-09-21,1350.48,1350.48,1324.82,1339.84,796167300,136,275,36,2021-09-21,63.282316927372015,0.78125,0.6081502079422662,23.711340206185564,1.5463917525773196,10.211855138859637
2021-09-22,1339.84,1350.71,1336.63,1350.68,707468700,307,104,36,2021-09-22,64.82389458920288,0.78125,0.7427505432367653,21.1340206185567,1.5463917525773196,10.212924312583604
2021-09-23,1350.68,1361.09,1350.43,1352.76,941137100,143,253,50,2021-09-23,67.42578098949593,2.34375,0.7637456872708392,21.1340206185567,2.061855670103093,9.51160585948988
2021-09-24,1352.76,1356.97,1348.07,1351.17,613583200,110,291,41,2021-09-24,66.98276776026327,3.125,0.7199431168930825,22.68041237113402,1.5463917525773196,9.01245099629574
2021-09-27,1351.17,1354.38,1324.99,1324.99,704752900,48,376,24,2021-09-27,59.61539605138781,5.46875,0.1215567898962864,30.412371134020617,2.061855670103093,9.8283077446087
2021-09-28,1324.99,1341.81,1316.41,1339.31,569826500,265,118,57,2021-09-28,61.94010658024558,6.25,0.4171348972964341,28.865979381443296,2.061855670103093,10.975315726970722
2021-09-29,1339.31,1340.9,1328.17,1339.21,547814000,191,210,44,2021-09-29,61.91330387072187,7.03125,0.3882490236534916,29.89690721649485,4.123711340206185,12.040394567735454
2021-09-30,1339.21,1348.89,1339.21,1342.06,423750600,225,143,79,2021-09-30,62.41250967253161,7.03125,0.4633615102433866,29.38144329896907,3.608247422680412,12.409809304968215
2021-10-01,1342.06,1344.06,1332.97,1334.89,586980600,137,269,47,2021-10-01,60.27217271992183,8.59375,0.207388914354029,33.50515463917525,5.154639175257731,13.076763425188211
2021-10-04,1334.89,1347.49,1333.53,1339.54,684922300,224,179,46,2021-10-04,61.20144824428021,9.375,0.3852431477308075,31.958762886597935,5.154639175257731,13.422945359303794
2021-10-05,1339.54,1354.63,1339.54,1354.63,558376400,238,157,63,2021-10-05,66.56934868411442,10.15625,0.8747562321485131,30.412371134020617,4.639175257731959,13.19034466344578
2021-10-06,1354.63,1362.82,1354.63,1362.82,576985600,274,129,60,2021-10-06,71.91092254903478,11.71875,1.041689925368569,27.979274611398964,4.66321243523316,12.38300736402181
2021-10-07,1362.82,1367.64,1360.57,1365.99,642146400,228,192,38,2021-10-07,76.32591359928111,14.0625,1.0252292987420677,26.42487046632124,4.145077720207254,11.694546618376322
2021-10-08,1365.99,1373.18,1365.93,1372.73,583226400,187,221,53,2021-10-08,80.2237194840375,20.3125,1.0642995350902806,26.42487046632124,3.6269430051813463,11.42536280638783
2021-10-11,1372.73,1394.64,1372.73,1394.09,697518700,221,188,48,2021-10-11,84.26259461841352,42.96875,1.223359825429136,24.74226804123711,2.5773195876288657,12.371289512575297
2021-10-12,1394.09,1400.78,1389.43,1394.8,683357500,175,228,58,2021-10-12,87.12368555110362,61.71875,1.0836975627699528,24.74226804123711,1.5463917525773196,13.535130997732844
2021-10-13,1394.8,1400.67,1389.61,1391.91,582912400,195,208,60,2021-10-13,86.42320867409627,67.96875,0.962479923947182,23.711340206185564,1.5463917525773196,14.61584094823628
2021-10-14,1391.91,1398.67,1388.89,1391.85,671090900,252,140,68,2021-10-14,86.4076759374106,66.40625,0.9029063655530112,23.195876288659793,0.5154639175257731,15.55352012339016
2021-10-15,1391.85,1399.03,1388.0,1392.7,711550400,206,216,51,2021-10-15,86.44484438820837,67.1875,0.8660743382038626,21.1340206185567,0.5154639175257731,16.338029753206786
2021-10-18,1392.7,1402.63,1390.88,1395.53,741454800,193,245,38,2021-10-18,88.79822662901097,64.84375,0.8527441554615542,19.072164948453608,1.5463917525773196,17.273892161968302
2021-10-19,1395.53,1399.66,1388.95,1395.33,583394100,188,245,50,2021-10-19,88.74350235418673,61.71875,0.8145928548121296,20.10309278350515,1.0309278350515465,17.936642390002923
2021-10-20,1395.33,1401.76,1376.15,1393.8,775436500,180,242,60,2021-10-20,88.29521241032697,43.75,0.7703528832854207,19.072164948453608,1.0309278350515465,17.30967541839537
2021-10-21,1393.8,1398.45,1384.77,1384.77,660491700,220,205,56,2021-10-21,85.54848379592696,21.875,0.6644241251996207,17.525773195876287,1.5463917525773196,16.72749180190264
2021-10-22,1384.77,1393.7,1384.77,1389.24,723134800,217,216,51,2021-10-22,85.78423466273964,14.0625,0.6890720270224671,18.04123711340206,1.5463917525773196,16.186892729445105
2021-10-25,1389.24,1395.72,1385.4,1385.4,842037500,200,240,47,2021-10-25,84.50882318006238,10.9375,0.6327426266803857,17.525773195876287,1.0309278350515465,15.856047967430422
2021-10-26,1385.4,1393.03,1377.56,1391.63,667788500,216,209,62,2021-10-26,84.90104454895865,3.90625,0.6798050796744849,18.04123711340206,1.0309278350515465,14.75762581283164
2021-10-27,1391.63,1423.02,1391.63,1423.02,833096300,355,95,42,2021-10-27,87.62484742662551,12.5,0.9717673504818634,17.525773195876287,0.5154639175257731,15.801329066520616
2021-10-28,1423.02,1440.64,1420.42,1438.01,795476100,295,138,58,2021-10-28,89.73586649988596,23.4375,1.0436576039206322,13.471502590673577,0.0,17.553358339373887
2021-10-29,1438.01,1447.62,1432.19,1444.27,904699600,227,235,37,2021-10-29,91.4842212803102,49.21875,1.0404122231256798,10.362694300518134,0.5181347150259068,19.444881647472677
2021-11-01,1444.27,1451.81,1435.57,1438.97,1052909000,216,249,33,2021-11-01,90.01340625781188,60.15625,0.9506352050750486,8.808290155440414,1.0362694300518136,21.355560903049597
2021-11-02,1438.97,1452.46,1438.83,1452.46,942151100,302,151,48,2021-11-02,91.82183382967696,71.09375,1.012752978296305,8.290155440414509,1.0362694300518136,23.154381955225343
2021-11-03,1452.46,1463.63,1440.67,1444.3,1412338600,144,328,29,2021-11-03,89.7127766070298,73.4375,0.8893050516664339,6.7357512953367875,1.0362694300518136,25.229429057473
2021-11-04,1444.3,1451.98,1435.84,1448.34,863608400,264,186,41,2021-11-04,89.83723669442008,75.0,0.8858967620686832,8.24742268041237,1.0309278350515465,26.644933893038896
2021-11-05,1448.34,1459.93,1444.51,1456.51,814437100,303,148,48,2021-11-05,91.7467461899407,75.78125,0.9125647695940402,7.731958762886598,0.0,28.261390148633502
2021-11-08,1456.51,1470.49,1456.51,1467.57,972340900,288,174,39,2021-11-08,93.3093006837751,78.90625,0.9433556655100108,6.701030927835052,0.0,30.121673502199336
2021-11-09,1467.57,1474.2,1457.57,1461.5,971430000,200,253,51,2021-11-09,91.93514925325628,73.4375,0.8476698331173317,6.701030927835052,0.0,31.96710822136556
2021-11-10,1461.5,1470.19,1457.98,1465.02,926684900,258,194,50,2021-11-10,92.00864609541584,65.625,0.8364395009233562,6.701030927835052,0.0,33.68072617487705
2021-11-11,1465.02,1472.89,1449.18,1462.35,1172790500,229,238,37,2021-11-11,91.32876461779682,41.40625,0.784317577882425,8.24742268041237,0.0,34.264034739773805
2021-11-12,1462.35,1474.98,1453.22,1473.37,881068600,271,182,50,2021-11-12,93.02742267712358,20.3125,0.8334429522861398,8.762886597938143,0.0,34.89962874687216
2021-11-15,1473.37,1481.96,1466.01,1476.57,1115831700,261,202,40,2021-11-15,93.87407685824132,17.96875,0.8222272426728221,8.762886597938143,0.5154639175257731,35.79523856228772
2021-11-16,1476.57,1476.97,1459.08,1466.45,1126970500,166,299,40,2021-11-16,91.61015182374538,16.40625,0.7215310979410143,9.278350515463918,0.5154639175257731,35.8428537076798
2021-11-17,1466.45,1477.04,1464.78,1475.85,801112100,247,205,52,2021-11-17,91.80778050249177,16.40625,0.769285410562127,9.278350515463918,1.0309278350515465,35.89074018086019
2021-11-18,1475.85,1482.68,1469.83,1469.83,1018526500,223,243,39,2021-11-18,90.340105891179,13.28125,0.7036224538508682,11.855670103092782,2.061855670103093,36.232712067249814
2021-11-19,1469.83,1481.53,1434.69,1452.35,1454744900,124,346,36,2021-11-19,86.03904590527299,14.0625,0.5263697592737709,18.04123711340206,3.0927835051546393,33.810384413570254
2021-11-22,1452.35,1466.46,1442.85,1447.25,1179261600,127,350,23,2021-11-22,84.77094054810193,13.28125,0.4316606808921839,25.25773195876289,3.0927835051546393,31.561080163724952
2021-11-23,1447.25,1463.63,1438.41,1463.63,812872100,289,166,47,2021-11-23,85.50963927918535,9.375,0.6265304203260521,23.195876288659793,2.061855670103093,29.771546139599383
2021-11-24,1463.63,1491.05,1463.63,1488.87,1030950500,287,164,55,2021-11-24,87.20757074481628,17.1875,1.0285547422680124,23.195876288659793,2.5773195876288657,28.868005686569298
2021-11-25,1488.87,1505.36,1488.87,1500.81,912165600,266,189,56,2021-11-25,88.99473560385461,23.4375,1.1072615436043112,21.1340206185567,1.0309278350515465,28.68531643878161
2021-11-26,1500.81,1511.68,1488.83,1493.03,967912000,166,315,36,2021-11-26,87.09142056599433,27.34375,0.9239024782098582,23.195876288659793,1.0309278350515465,28.779323385319664
2021-11-29,1493.03,1493.03,1464.83,1484.84,936276500,187,293,38,2021-11-29,85.0298103373682,28.90625,0.7752840300250095,26.288659793814436,2.061855670103093,27.28786895849273
2021-11-30,1484.84,1503.09,1471.57,1478.44,1010078900,231,237,48,2021-11-30,83.36901314451637,27.34375,0.65511714922821,25.773195876288657,1.0309278350515465,26.37185371351282
2021-12-01,1478.44,1487.68,1471.3,1485.19,813267800,223,236,45,2021-12-01,83.72995937552645,29.6875,0.7426307304461784,25.773195876288657,2.061855670103093,25.504458960983644
2021-12-02,1485.19,1493.84,1482.05,1482.05,721589500,212,260,38,2021-12-02,82.82938520358933,31.25,0.6701051096214987,25.773195876288657,2.061855670103093,24.993613987100215
2021-12-03,1482.05,1491.2,1443.32,1443.32,998875400,61,415,31,2021-12-03,68.33694517796721,35.15625,0.0233772402840391,35.8974358974359,3.5897435897435894,23.973810194210618
2021-12-06,1443.32,1452.55,1400.87,1413.58,978214400,54,420,34,2021-12-06,53.14324939182687,64.84375,-0.1994787004351157,48.20512820512821,9.230769230769232,24.46019381039783
2021-12-07,1413.58,1446.77,1413.58,1446.77,664287400,396,67,42,2021-12-07,57.0556222988976,67.96875,0.2346148669146435,43.07692307692308,6.153846153846154,24.91183573971453
2021-12-08,1446.77,1460.28,1446.77,1452.87,711759600,207,222,68,2021-12-08,57.75379528319179,67.1875,0.3191482976697612,42.56410256410256,6.153846153846154,24.61562419333677
2021-12-09,1452.87,1467.98,1446.88,1467.98,611970400,321,130,56,2021-12-09,59.509801094851305,64.84375,0.4979162523969183,41.53846153846154,5.128205128205128,23.953205048940852
2021-12-10,1467.98,1475.85,1461.78,1463.54,760375600,169,275,59,2021-12-10,58.737201124684994,64.84375,0.4501865727483106,41.53846153846154,5.641025641025641,22.95005593375628
2021-12-13,1463.54,1481.7,1463.54,1476.21,789945400,312,145,49,2021-12-13,60.32031702259568,61.71875,0.6035954627519973,35.38461538461539,4.102564102564102,21.73331260737501
2021-12-14,1476.21,1485.14,1469.21,1476.02,888205600,194,265,44,2021-12-14,60.28296532853231,57.03125,0.5951365615362114,35.38461538461539,2.051282051282051,20.433319993913805
2021-12-15,1476.02,1481.67,1468.21,1475.5,840610100,197,264,45,2021-12-15,60.17314472570326,48.4375,0.5891128249498568,35.8974358974359,3.076923076923077,19.274362355023452
2021-12-16,1475.5,1482.32,1468.95,1476.61,870245300,209,243,53,2021-12-16,60.33923896811806,44.53125,0.5980014566135092,35.8974358974359,3.5897435897435894,18.16193361497369
2021-12-17,1476.61,1487.73,1476.61,1479.79,1035566100,215,227,62,2021-12-17,60.84305981595632,44.53125,0.6209341107910906,36.92307692307693,3.076923076923077,16.910185840227857
2021-12-20,1479.79,1483.85,1468.88,1477.33,886732500,163,304,42,2021-12-20,60.205902270180424,40.625,0.5752309355509008,37.94871794871795,3.5897435897435894,16.09149177594836
2021-12-21,1477.33,1486.03,1472.43,1478.74,838294200,247,220,38,2021-12-21,60.46148109552339,40.625,0.583507578018297,37.43589743589744,3.076923076923077,15.195432847716727
2021-12-22,1478.74,1489.24,1471.84,1477.67,998640700,219,251,46,2021-12-22,60.145791115498675,38.28125,0.578462570910377,37.43589743589744,4.615384615384616,14.157732224902007
2021-12-23,1477.67,1481.21,1447.14,1456.96,1236789400,141,335,36,2021-12-23,54.242395584352494,18.75,0.3337535601472369,41.02564102564102,7.179487179487179,14.522782607901156
2021-12-24,1456.96,1478.8,1456.32,1477.03,830953100,270,191,45,2021-12-24,58.49405887343604,10.15625,0.6191911715049416,40.51282051282051,5.128205128205128,14.861757963543225
2021-12-27,1477.03,1490.12,1469.91,1488.88,693941300,259,199,50,2021-12-27,64.81169198117705,6.25,0.7789947260475343,37.94871794871795,4.615384615384616,14.40535132546943
2021-12-28,1488.88,1499.77,1483.97,1494.39,906771600,224,242,43,2021-12-28,69.93435763738151,13.28125,0.8298581501174761,35.8974358974359,4.615384615384616,13.387064236674046
2021-12-29,1494.39,1498.91,1485.82,1485.82,769725300,196,248,66,2021-12-29,67.5109982008317,10.15625,0.7154461714140073,38.46153846153847,5.128205128205128,12.441511939935475
2021-12-30,1490.96,1493.38,1484.82,1485.97,697130800,214,232,62,2021-12-30,67.53220500176428,12.5,0.7130726296639059,36.597938144329895,4.639175257731959,11.628665931791422
2021-12-31,1485.97,1499.07,1485.97,1498.28,807120700,229,242,44,2021-12-31,72.79931481233487,18.75,0.839552240960935,35.051546391752574,3.608247422680412,11.104949953616854
2022-01-04,1508.55,1526.69,1507.19,1525.58,790467000,332,137,47,2022-01-04,78.91634433590728,37.5,1.193547275374598,33.50515463917525,3.608247422680412,12.102149946479123
2022-01-05,1525.58,1535.82,1522.5,1522.5,958500400,221,240,43,2022-01-05,78.06771723066831,42.96875,1.0589804198164912,31.443298969072163,3.608247422680412,13.411966959966517
2022-01-06,1522.5,1536.24,1518.18,1528.57,1049960600,223,225,48,2022-01-06,82.72029722179624,56.25,1.0463916022876814,32.47422680412371,4.123711340206185,14.299755380134073
2022-01-07,1534.1,1534.52,1524.96,1528.48,925633800,211,247,32,2022-01-07,82.69655338269527,58.59375,0.9659566118905624,33.67875647668394,3.6269430051813463,15.124130341718232
2022-01-10,1528.48,1536.45,1503.71,1503.71,1283743700,141,308,44,2022-01-10,76.21268353129348,58.59375,0.6568249192899489,36.26943005181347,6.217616580310881,14.384518183146044
2022-01-11,1503.71,1512.05,1488.4,1492.31,1194709000,122,346,34,2022-01-11,73.36179424421773,56.25,0.5098142756428172,42.487046632124354,8.290155440414509,13.876833924735584
2022-01-12,1489.11,1510.51,1464.49,1510.51,1070503500,203,267,44,2022-01-12,74.9714743814792,40.625,0.7103620951891255,44.329896907216494,7.216494845360824,14.478648832488451
2022-01-13,1510.51,1522.6,1495.13,1496.05,941991300,146,327,38,2022-01-13,71.28578169718418,38.28125,0.5222649911532098,47.93814432989691,7.731958762886598,14.329125978678142
2022-01-14,1496.05,1503.25,1476.68,1496.02,712911900,174,285,54,2022-01-14,71.27795252345763,37.5,0.5100433565592257,51.03092783505154,12.886597938144329,14.92617934808517
2022-01-17,1496.02,1503.86,1452.84,1452.84,888508000,49,446,18,2022-01-17,54.88962418314464,57.8125,0.0253562731841694,65.4639175257732,19.587628865979383,16.25713170341535
2022-01-18,1439.29,1452.14,1424.65,1438.94,666313500,119,356,34,2022-01-18,42.44955700013755,78.90625,-0.0376381701387572,71.1340206185567,26.288659793814436,18.213768927023136
2022-01-19,1438.68,1449.11,1434.46,1442.79,538507600,250,217,41,2022-01-19,43.04665242143604,89.84375,0.0593860610374426,71.1340206185567,24.74226804123711,20.03064634894465
2022-01-20,1438.99,1469.08,1432.58,1465.3,738010400,368,109,32,2022-01-20,46.53910670593158,92.1875,0.2781366555146193,70.25641025641025,19.48717948717949,20.579476616391016
2022-01-21,1465.3,1477.09,1463.06,1472.89,755353500,226,235,47,2022-01-21,47.703592761167634,89.84375,0.3356129704900644,69.74358974358974,18.974358974358974,20.671956433626814
2022-01-24,1472.89,1472.89,1432.18,1439.71,757646100,66,419,22,2022-01-24,43.26677217839339,92.96875,0.0759089457902379,72.82051282051282,24.615384615384617,21.64822639411119
2022-01-25,1439.71,1479.58,1424.36,1479.58,680083800,304,150,40,2022-01-25,49.36152295339018,84.375,0.426846767931091,71.28205128205128,21.53846153846154,22.75033494470268
2022-01-26,1479.58,1490.45,1478.41,1481.58,737216700,225,239,37,2022-01-26,49.653705595776685,70.3125,0.4497429014868004,69.74358974358974,22.05128205128205,23.198438314989204
2022-01-27,1481.58,1486.39,1464.06,1470.76,498256400,151,291,54,2022-01-27,48.03879735253923,64.0625,0.3635141186787881,71.28205128205128,23.076923076923077,24.00536897318025
2022-01-28,1470.76,1484.48,1465.22,1478.96,634887600,307,129,55,2022-01-28,49.38239445489035,61.71875,0.4372129598067818,71.7948717948718,19.48717948717949,24.754661727214792
2022-02-07,1498.8,1505.69,1493.89,1497.66,516533800,382,91,32,2022-02-07,52.40488324159132,56.25,0.5981856131907257,66.66666666666666,12.307692307692308,24.32908113082134
2022-02-08,1496.26,1503.33,1491.78,1500.99,660158600,282,169,52,2022-02-08,52.943733233644245,58.59375,0.6435875841072488,65.12820512820512,10.256410256410255,24.00553629544524
2022-02-09,1501.67,1511.72,1499.53,1505.38,722161500,291,161,45,2022-02-09,62.150987059426726,61.71875,0.6975878793099735,60.0,7.6923076923076925,23.27526794757422
2022-02-10,1510.66,1512.88,1495.7,1506.79,594347700,209,226,64,2022-02-10,68.8533621830145,66.40625,0.7338722107006599,56.92307692307692,5.128205128205128,22.74557466092207
2022-02-11,1502.83,1508.54,1499.06,1501.71,550204700,211,226,58,2022-02-11,67.88410107222563,60.15625,0.7128253343605628,54.35897435897436,5.128205128205128,22.253716609030793
2022-02-14,1486.73,1495.99,1471.96,1471.96,717396000,132,322,36,2022-02-14,62.34867791930271,46.09375,0.4110487151029987,53.333333333333336,5.641025641025641,22.789301429816653
2022-02-15,1473.92,1495.56,1470.06,1492.75,538527000,266,164,59,2022-02-15,64.52563367992302,44.53125,0.6369072862902088,52.57731958762887,4.639175257731959,23.34841271143476
2022-02-16,1499.07,1499.5,1486.68,1492.1,594459500,249,183,59,2022-02-16,64.40026167942489,43.75,0.6457388991959849,49.48453608247423,3.0927835051546393,23.61791135252396
2022-02-17,1492.1,1507.99,1492.1,1507.99,687250992,278,151,65,2022-02-17,70.81516794835353,28.125,0.8101483788455938,44.329896907216494,2.061855670103093,23.337243186598386
2022-02-18,1494.3,1507.29,1492.38,1504.84,645883900,243,190,60,2022-02-18,70.18681914139395,28.125,0.765754707624559,41.23711340206185,2.061855670103093,23.07662274681035
2022-02-21,1504.96,1516.63,1500.97,1510.84,708058800,286,150,62,2022-02-21,73.41868157060647,29.6875,0.7990983369672432,31.443298969072163,1.0309278350515465,22.241116496893586
2022-02-22,1499.18,1506.38,1484.81,1503.47,842552800,147,319,30,2022-02-22,71.87573353626418,24.21875,0.7028645028953607,31.958762886597935,1.0309278350515465,22.19031382126356
2022-02-23,1509.12,1520.78,1507.37,1512.3,628763100,326,111,62,2022-02-23,74.97571746522117,21.09375,0.7934580706181518,28.717948717948715,0.5128205128205128,21.28349658510946
2022-02-24,1508.73,1513.25,1473.76,1494.85,1085759500,75,396,28,2022-02-24,71.31390036005227,21.875,0.5479407479152567,31.794871794871792,1.0256410256410255,21.72989633464547
2022-02-25,1494.85,1512.05,1494.85,1498.89,915975659,324,126,53,2022-02-25,71.65901358165192,22.65625,0.5877710552931197,30.76923076923077,1.0256410256410255,22.144410387786056
2022-02-28,1499.43,1502.36,1487.57,1490.13,661415000,202,252,37,2022-02-28,69.7009086577975,25.0,0.400708281485694,28.205128205128204,2.051282051282051,22.776117550018164
2022-03-01,1493.93,1501.73,1491.48,1498.78,766211100,247,204,51,2022-03-01,70.5564710375969,22.65625,0.5542577621591629,25.128205128205128,1.0256410256410255,23.36270277209083
2022-03-02,1499.37,1500.41,1479.55,1485.52,870952300,137,319,52,2022-03-02,67.41391020303173,27.34375,0.2740101676792292,26.666666666666668,2.051282051282051,24.31696655762654
2022-03-03,1492.48,1505.0,1487.69,1505.0,858871000,337,115,54,2022-03-03,69.55895567019215,7.03125,0.6661152982856192,26.666666666666668,1.0256410256410255,24.878048556008057
2022-03-04,1505.0,1509.19,1501.39,1505.33,1112602915,256,182,64,2022-03-04,69.59546906647023,7.03125,0.6560633867669412,23.076923076923077,1.5384615384615383,25.099954431958835
2022-03-07,1500.65,1505.32,1493.87,1499.05,907794900,207,256,39,2022-03-07,67.92569706660007,5.46875,0.4899597037684799,24.615384615384617,1.5384615384615383,25.602818767779947
2022-03-08,1487.37,1495.97,1473.71,1473.71,952541400,95,370,34,2022-03-08,58.618651327406255,24.21875,-0.0470543474255816,30.256410256410255,2.051282051282051,26.76192426933699
2022-03-09,1478.43,1482.86,1462.8,1473.74,864004300,209,245,49,2022-03-09,58.623397720776296,34.375,0.0350960716653852,32.30769230769231,3.076923076923077,28.157457315751454
2022-03-10,1485.11,1488.59,1479.08,1479.08,607737500,295,164,43,2022-03-10,59.51356837771412,35.9375,0.1813115090564926,34.35897435897436,2.051282051282051,29.018120565686264
2022-03-11,1479.08,1480.29,1458.88,1466.54,1159784462,129,326,37,2022-03-11,49.65505634850775,40.625,0.0205767585319068,36.41025641025641,1.5384615384615383,30.400378401132453
2022-03-14,1459.28,1461.06,1439.19,1446.25,787290900,114,349,31,2022-03-14,39.48731530511282,53.125,-0.1768446121108435,45.12820512820513,3.5897435897435894,32.14616572344931
2022-03-15,1444.92,1453.07,1437.27,1452.74,618581000,272,166,52,2022-03-15,40.77069219115628,59.375,0.0106053454195661,44.1025641025641,3.5897435897435894,33.80916083320193
2022-03-16,1459.68,1462.98,1453.91,1459.33,527855900,272,150,71,2022-03-16,42.11318765868994,60.9375,0.1408708708031977,44.61538461538462,1.5384615384615383,34.60563254349542
2022-03-17,1466.56,1467.74,1459.14,1461.34,666857100,239,185,69,2022-03-17,42.54097677973875,63.28125,0.1991094754707727,41.53846153846154,2.051282051282051,34.99662528150403
2022-03-18,1461.34,1474.86,1461.34,1469.1,935872693,228,195,70,2022-03-18,44.2538121485331,58.59375,0.3137118086423603,41.02564102564102,1.5384615384615383,34.84498118497154
2022-03-21,1474.78,1494.95,1474.38,1494.95,694839300,326,113,59,2022-03-21,49.63938514450176,60.9375,0.6459548612559644,37.94871794871795,0.5128205128205128,33.421146400051924
2022-03-22,1500.08,1507.71,1498.48,1503.78,873002500,264,190,48,2022-03-22,51.36771356138907,59.375,0.7581433688239465,36.41025641025641,0.0,31.40430020682862
2022-03-23,1505.76,1513.9,1501.67,1502.34,763655100,192,260,50,2022-03-23,51.05996063284285,57.03125,0.7546199092206493,35.8974358974359,0.0,29.21336445256012
2022-03-24,1503.91,1505.39,1495.18,1498.26,732998300,222,228,51,2022-03-24,50.14330280828543,56.25,0.6972759104093077,31.28205128205128,0.0,27.50247657429396
2022-03-25,1500.17,1503.29,1494.55,1498.5,947688031,231,211,61,2022-03-25,50.19993878739056,63.28125,0.7008490946919179,32.30769230769231,0.5128205128205128,25.94592231596072
2022-03-28,1490.44,1496.79,1473.8,1483.18,958280800,142,315,43,2022-03-28,46.56372949302457,63.28125,0.504656199466571,33.84615384615385,0.5128205128205128,25.471238393016257
2022-03-29,1487.57,1498.45,1487.57,1497.76,661152000,346,108,44,2022-03-29,50.25660407071064,66.40625,0.6975539493742625,30.76923076923077,0.0,24.92594653267948
2022-03-30,1491.92,1503.89,1483.9,1490.51,854370000,133,320,44,2022-03-30,48.46309040969385,65.625,0.5983180705993415,32.82051282051282,0.0,24.070393579799557
2022-03-31,1492.5,1498.41,1488.27,1492.15,603940100,179,261,60,2022-03-31,48.90727262015832,47.65625,0.6322765904665907,32.30769230769231,0.0,23.275951552125346
2022-04-01,1492.15,1516.87,1484.13,1516.44,1087307257,330,125,40,2022-04-01,62.44603241923471,45.3125,0.9331923633562512,28.717948717948715,0.0,21.82091732501012
2022-04-04,1528.87,1530.95,1522.82,1524.7,702062500,254,187,61,2022-04-04,70.95254608689213,44.53125,0.976940158392893,21.53846153846154,0.0,21.186755612789533
2022-04-05,1521.4,1527.57,1519.28,1520.03,635012500,179,273,43,2022-04-05,69.7372456706552,35.9375,0.8721513870969275,22.56410256410257,0.0,20.37823501454138
2022-04-06,1510.69,1523.75,1507.62,1522.9,875381800,173,279,42,2022-04-06,70.07646319886189,29.6875,0.8579161727285952,27.692307692307693,0.0,18.936282005698637
2022-04-07,1524.12,1524.92,1502.35,1502.35,731702000,89,372,42,2022-04-07,64.50135519483341,28.125,0.6283866391731756,38.97435897435898,0.5128205128205128,17.864239521548562
2022-04-08,1504.31,1507.73,1482.0,1482.0,714336000,92,370,38,2022-04-08,54.753792283338974,32.8125,0.4036719316761883,48.20512820512821,0.5128205128205128,17.87059512726043
2022-04-12,1487.94,1490.58,1455.25,1455.25,626421200,67,409,27,2022-04-12,43.2938490901664,53.125,0.0956071191722501,58.46153846153847,3.5897435897435894,18.88021595095924
2022-04-13,1459.48,1477.2,1448.52,1477.2,610048700,331,126,47,2022-04-13,47.06487212448718,60.15625,0.3141503411903998,57.43589743589743,2.051282051282051,20.033099540082812
2022-04-14,1483.08,1484.34,1471.75,1472.12,469987900,185,271,45,2022-04-14,46.297509719026706,70.3125,0.2335252991224909,57.43589743589743,4.615384615384616,20.63855168673309
2022-04-15,1470.32,1478.95,1456.39,1458.56,607674500,145,321,38,2022-04-15,44.22474670657901,77.34375,0.0695103725579163,61.02564102564103,10.76923076923077,21.713926535203544
2022-04-18,1455.04,1456.07,1425.07,1432.6,756738100,109,373,25,2022-04-18,33.314966074658344,92.96875,-0.1192043526045735,63.589743589743584,19.48717948717949,23.54287399495681
2022-04-19,1435.82,1442.04,1406.45,1406.45,631671200,101,371,32,2022-04-19,24.84159328816794,100.0,-0.1631821405812181,68.2051282051282,33.33333333333333,25.63153515107765
2022-04-20,1401.63,1410.64,1384.72,1384.72,623503300,76,381,43,2022-04-20,18.75913361567756,100.0,-0.1391469158792375,70.25641025641025,43.58974358974359,27.95999284700901
2022-04-21,1369.8,1392.33,1356.58,1370.21,710757900,132,311,58,2022-04-21,14.530504832190154,100.0,-0.0833009818968906,71.7948717948718,49.23076923076923,30.53554530971347
2022-04-22,1378.28,1392.89,1352.43,1379.23,757404900,202,256,43,2022-04-22,15.724978295062542,100.0,0.0450759737816446,75.38461538461539,50.76923076923077,32.98247274663874
2022-04-25,1377.75,1382.13,1298.38,1310.92,653206600,37,443,21,2022-04-25,11.61627147070761,100.0,-0.1201272999373683,83.58974358974359,58.46153846153847,35.83796253219113
2022-04-26,1285.4,1341.34,1261.4,1341.34,642893200,338,105,42,2022-04-26,15.04666949537723,99.21875,0.0739391140921103,84.1025641025641,55.38461538461539,38.7714166888194
2022-04-27,1331.73,1355.92,1314.81,1353.77,460096300,299,123,58,2022-04-27,16.473243850719008,98.4375,0.1630025437482286,84.61538461538461,53.333333333333336,40.75790200837416
2022-04-28,1353.48,1358.07,1344.1,1350.99,433237500,240,186,66,2022-04-28,16.406885056003055,97.65625,0.188666928108184,85.64102564102564,52.820512820512825,42.49323354113734
2022-04-29,1347.08,1369.31,1343.24,1366.8,507963700,339,99,45,2022-04-29,18.419575932316175,96.875,0.269529912065436,84.1025641025641,48.717948717948715,43.52507232619247
2022-05-04,1366.11,1366.39,1348.68,1348.68,479468500,140,301,38,2022-05-04,17.88798329574699,94.53125,0.2322513756559098,85.64102564102564,48.717948717948715,44.48320834088652
2022-05-05,1361.62,1362.18,1331.41,1360.68,489256000,160,272,48,2022-05-05,19.544002948834493,92.96875,0.2961251100804819,86.15384615384616,50.256410256410255,45.620633242444086
2022-05-06,1333.55,1350.09,1328.13,1329.26,483028300,59,394,29,2022-05-06,18.492377387632413,91.40625,0.2037594625611473,87.17948717948718,54.87179487179488,46.722646283385565
2022-05-09,1313.49,1314.52,1265.54,1269.62,599089800,27,445,12,2022-05-09,14.218559366770611,92.1875,0.0249004926172586,93.84615384615384,63.589743589743584,48.44105007842908
2022-05-10,1240.93,1293.56,1232.57,1293.56,581394400,280,168,43,2022-05-10,17.244058131708158,91.40625,0.147805011988937,92.82051282051282,60.0,50.29579556477802
2022-05-11,1295.39,1305.17,1277.91,1301.53,358173000,294,143,50,2022-05-11,18.277448526264234,90.625,0.2051944096818283,92.3076923076923,58.46153846153847,51.45797749372207
2022-05-12,1290.4,1291.65,1238.05,1238.84,487651200,39,424,25,2022-05-12,14.777062895453623,93.75,0.0214356040088923,94.35897435897436,64.61538461538461,52.87753618519896
2022-05-13,1235.03,1237.8,1180.6,1182.77,703049500,37,436,20,2022-05-13,11.467375324524028,98.4375,-0.0865061596064288,94.87179487179486,73.33333333333333,54.56666070224185
2022-05-16,1208.05,1215.96,1170.59,1171.95,521921500,232,224,45,2022-05-16,9.253653426886366,100.0,-0.0411400887275235,96.92307692307692,74.87179487179488,56.19025758694851
2022-05-17,1164.32,1228.37,1156.54,1228.37,515009800,425,58,22,2022-05-17,14.406163861737484,100.0,0.1755798095000982,95.3846153846154,59.48717948717949,57.77465276951151
2022-05-18,1240.06,1249.84,1222.92,1240.76,485410300,272,177,64,2022-05-18,15.540292227884471,99.21875,0.2418652197496784,94.87179487179486,56.41025641025641,58.32502185755287
2022-05-19,1211.31,1246.66,1211.07,1241.64,435034100,151,292,60,2022-05-19,15.625803903978031,97.65625,0.2678883538276219,94.87179487179486,55.8974358974359,58.93764326137727
2022-05-20,1240.72,1252.96,1232.33,1240.71,439345600,209,223,71,2022-05-20,15.607819210918136,96.875,0.2866640082541773,95.8974358974359,53.333333333333336,59.23183489572803
2022-05-23,1246.56,1246.58,1207.99,1218.81,464634600,91,358,48,2022-05-23,15.165175844147264,96.09375,0.2303211034901686,96.4102564102564,54.87179487179488,59.73584760251574
2022-05-24,1218.87,1233.38,1203.28,1233.38,451441400,224,210,67,2022-05-24,16.854643396555765,89.84375,0.3071503839184556,95.8974358974359,49.23076923076923,60.24697007758205
2022-05-25,1238.52,1268.43,1234.17,1268.43,583626500,415,49,38,2022-05-25,20.93388336234845,85.9375,0.4567691058679521,92.3076923076923,41.02564102564102,59.22583222108473
2022-05-26,1273.8,1278.11,1261.55,1268.57,488313100,252,191,64,2022-05-26,20.950565999926184,85.15625,0.4712739138713297,90.25641025641026,34.35897435897436,57.90258021298297
2022-05-27,1270.56,1286.99,1269.29,1285.45,545455800,308,129,63,2022-05-27,23.05853324087675,84.375,0.5587024511289415,86.15384615384616,24.102564102564106,56.32891317225326
2022-05-30,1290.11,1296.22,1281.27,1293.92,469531300,289,145,65,2022-05-30,24.151501952069832,82.8125,0.613842740466458,83.58974358974359,19.48717948717949,54.50858989396069
2022-05-31,1288.63,1297.64,1280.44,1292.68,514291400,147,298,57,2022-05-31,24.09753314570867,86.71875,0.637008978689859,79.48717948717949,16.923076923076923,52.76135026931563
2022-06-01,1289.56,1302.25,1286.01,1299.52,471780800,175,275,59,2022-06-01,39.16009239394038,82.8125,0.6966202993146464,73.84615384615385,16.923076923076923,50.94518072062664
2022-06-02,1300.58,1302.66,1283.32,1288.62,493377500,123,332,53,2022-06-02,38.457844505038445,76.5625,0.678509174569015,69.74358974358974,15.897435897435896,49.32588177571672
2022-06-03,1284.62,1292.78,1276.37,1287.98,406823300,149,290,68,2022-06-03,38.414285529802605,75.78125,0.7007743756577604,67.17948717948717,15.897435897435896,48.00024447709359
2022-06-06,1290.04,1302.14,1281.95,1290.01,515257600,141,315,53,2022-06-06,38.65163945787542,73.4375,0.7041190241227709,66.15384615384615,16.923076923076923,46.321204564025294
2022-06-07,1285.07,1291.35,1260.92,1291.35,592865300,149,309,51,2022-06-07,38.81925898685233,71.09375,0.7140449658101184,63.07692307692307,18.974358974358974,45.32302211137372
2022-06-08,1297.56,1316.78,1294.27,1307.91,512060100,389,80,39,2022-06-08,48.83054820344982,70.3125,0.8158441841301527,59.48717948717949,10.76923076923077,43.268516673478615
2022-06-09,1310.35,1312.44,1300.85,1307.8,408896500,219,214,66,2022-06-09,48.81992704065123,57.03125,0.7843834788665778,56.92307692307692,5.128205128205128,41.36076162400459
2022-06-10,1298.78,1309.59,1284.08,1284.08,535867000,85,375,37,2022-06-10,46.47254588684179,20.3125,0.6183598566777014,58.46153846153847,6.666666666666667,40.08754519450104
2022-06-13,1251.08,1261.54,1226.01,1227.04,667133200,38,458,16,2022-06-13,39.499322530226834,60.9375,0.1405840288274115,65.64102564102564,15.897435897435896,40.203341661096125
2022-06-14,1213.44,1239.36,1211.13,1230.31,492264800,173,288,47,2022-06-14,39.89207043152672,69.53125,0.1656572322309462,66.66666666666666,25.128205128205128,40.567132810545345
2022-06-15,1231.23,1235.56,1195.19,1213.93,597693500,93,373,34,2022-06-15,33.2178886445507,78.90625,0.0670697249138879,72.3076923076923,32.82051282051282,41.16398766985783
2022-06-16,1227.24,1246.32,1223.0,1236.63,493452200,298,154,52,2022-06-16,36.00302216204217,80.46875,0.2507184032737365,71.7948717948718,32.82051282051282,41.22911370690237
2022-06-17,1210.5,1220.41,1191.92,1217.3,647122700,87,391,37,2022-06-17,34.6768020963269,81.25,0.1253147119518516,73.84615384615385,40.51282051282051,41.80730223253656
2022-06-20,1218.37,1221.6,1180.4,1180.4,579954500,72,407,36,2022-06-20,27.484583588815077,87.5,-0.0716919471789054,79.48717948717949,46.666666666666664,42.51638747509964
2022-06-21,1172.98,1189.97,1162.94,1172.47,574256800,138,323,57,2022-06-21,22.214203251085497,90.625,-0.0337415284175414,82.56410256410255,47.69230769230769,43.4232258685746
2022-06-22,1180.11,1185.86,1162.98,1169.27,491739500,295,181,42,2022-06-22,18.33781940451983,92.96875,0.0303624561447251,86.66666666666667,46.15384615384615,44.26529009108706
2022-06-23,1162.06,1188.88,1162.06,1188.88,348627000,318,153,50,2022-06-23,20.452270047693965,92.1875,0.1725095909551453,85.12820512820512,43.58974358974359,44.88924804189358
2022-06-24,1190.82,1196.85,1185.48,1185.48,365631700,239,223,50,2022-06-24,20.353866781462727,90.625,0.1907816036740116,84.61538461538461,42.56410256410256,45.043324738246795
2022-06-27,1189.12,1203.51,1187.38,1202.82,399448200,340,116,58,2022-06-27,22.404368450568647,85.15625,0.2976980423257678,83.58974358974359,38.46153846153847,44.83099372977524
2022-06-28,1202.41,1221.74,1198.99,1218.1,496605600,326,136,53,2022-06-28,24.254951682447235,74.21875,0.3893886952541722,82.56410256410255,34.35897435897436,43.71343136920541
2022-06-29,1208.22,1219.58,1207.38,1218.09,487488100,184,263,67,2022-06-29,24.25454399645131,59.375,0.4064286692249145,81.02564102564102,35.8974358974359,42.675694891533425
2022-06-30,1218.22,1220.51,1197.6,1197.6,445081100,89,371,48,2022-06-30,23.38712513575185,57.8125,0.3191499681118959,82.56410256410255,35.8974358974359,41.98227656155091
2022-07-01,1193.04,1202.41,1170.95,1198.9,466693700,210,243,61,2022-07-01,23.573876445511,56.25,0.3451245768543992,82.56410256410255,31.28205128205128,41.987225855230314
2022-07-04,1206.47,1208.96,1192.63,1195.53,379316900,228,219,66,2022-07-04,23.414538675604486,55.46875,0.3456148802093613,83.07692307692308,29.743589743589745,41.640485206807234
2022-07-05,1198.42,1200.99,1181.29,1181.29,527858300,120,347,48,2022-07-05,22.71585344731377,40.625,0.2833536312708652,87.17948717948718,30.76923076923077,41.59083660217533
2022-07-06,1167.25,1175.26,1147.63,1149.61,481767700,73,395,47,2022-07-06,19.67489649395039,53.90625,0.1049337029838938,89.23076923076924,34.87179487179487,42.229672477728805
2022-07-07,1148.97,1166.48,1142.8,1166.48,336105000,248,183,84,2022-07-07,22.42944676624883,57.03125,0.2107715788890064,87.17948717948718,34.87179487179487,42.90936492601327
2022-07-08,1174.53,1177.18,1164.23,1171.31,408239000,325,130,62,2022-07-08,23.24105258367281,57.03125,0.2441455615858402,86.66666666666667,23.589743589743588,42.94245463723519
2022-07-11,1161.3,1165.23,1144.55,1155.29,458175600,131,319,65,2022-07-11,22.40377487883688,57.03125,0.1231792041610421,86.66666666666667,21.53846153846154,43.37168416050368
2022-07-12,1154.31,1174.82,1153.55,1174.82,446374900,362,97,54,2022-07-12,25.908134581982416,58.59375,0.3400970844191789,85.64102564102564,12.82051282051282,43.24721289535548
2022-07-13,1173.46,1182.21,1170.92,1173.92,494032300,249,197,74,2022-07-13,25.850197462680978,58.59375,0.3488200401586616,84.61538461538461,8.717948717948717,42.735091797034336
2022-07-14,1170.7,1182.17,1170.04,1182.17,462987000,241,185,86,2022-07-14,27.451759478351686,54.6875,0.4642458073277724,79.48717948717949,7.6923076923076925,42.28238752104344
2022-07-15,1183.15,1189.66,1178.12,1179.25,514039500,215,233,68,2022-07-15,27.227600203748704,46.875,0.4473001342204802,78.97435897435898,6.153846153846154,41.43494579792233
2022-07-18,1184.74,1184.93,1174.7,1176.49,449643100,229,209,78,2022-07-18,27.00315416892165,24.21875,0.4122974736002979,75.8974358974359,5.641025641025641,40.752907677728466
2022-07-19,1176.1,1180.46,1168.99,1178.33,447446600,188,252,84,2022-07-19,27.432628674278345,21.09375,0.4330260236405378,73.33333333333333,5.641025641025641,40.29742298392832
2022-07-20,1188.12,1198.63,1185.82,1194.14,573367800,374,87,67,2022-07-20,31.179345103483374,19.53125,0.6352510547219072,65.64102564102564,4.102564102564102,38.80601112823932
2022-07-21,1195.03,1201.91,1194.97,1198.47,474055300,197,247,77,2022-07-21,32.211643488229726,21.09375,0.6862488121523397,62.05128205128205,3.5897435897435894,37.240448347097974
2022-07-22,1199.16,1202.69,1194.76,1194.76,418875300,182,279,66,2022-07-22,31.771899087913987,24.21875,0.6280052038133603,60.0,3.076923076923077,35.74166418857272
2022-07-25,1191.43,1198.16,1184.32,1188.5,382922500,127,321,72,2022-07-25,31.002815269879797,17.96875,0.553738778991915,59.48717948717949,3.076923076923077,34.78156291331259
2022-07-26,1189.2,1194.15,1184.44,1185.07,363909800,139,311,71,2022-07-26,30.56622230165909,17.1875,0.5321630452434323,58.46153846153847,2.564102564102564,33.890040300571044
2022-07-27,1180.83,1191.04,1178.58,1191.04,362473100,222,201,96,2022-07-27,32.35187206753422,17.1875,0.668002003289976,59.48717948717949,3.076923076923077,33.31120550478112
2022-07-28,1201.77,1214.03,1198.68,1208.12,586753300,378,90,66,2022-07-28,45.66785674016247,11.71875,0.9388036367527636,50.256410256410255,2.051282051282051,31.341969439438778
2022-07-29,1214.32,1217.84,1206.33,1206.33,502192400,189,239,87,2022-07-29,45.342187250377954,15.625,0.8884138821045955,48.717948717948715,2.051282051282051,29.304525323379817
2022-08-01,1209.05,1231.35,1209.04,1231.35,643232700,359,105,60,2022-08-01,56.14737879405877,30.46875,1.130531874550059,39.48717948717949,2.051282051282051,27.711546975325938
2022-08-02,1230.31,1241.91,1224.11,1241.62,701766800,315,150,64,2022-08-02,64.67597179584502,53.90625,1.100685472341083,32.30769230769231,0.5128205128205128,26.726685065193568
2022-08-03,1233.84,1250.2,1232.41,1249.76,668682400,269,182,79,2022-08-03,71.41189337059397,64.0625,1.079251157804882,25.64102564102564,0.5128205128205128,26.176094502798843
2022-08-04,1252.49,1257.38,1247.38,1254.15,621344900,231,213,85,2022-08-04,76.5221334811335,66.40625,1.020867397760203,24.102564102564106,0.5128205128205128,25.967473359498367
2022-08-05,1250.25,1253.75,1245.05,1252.74,579008400,210,228,90,2022-08-05,76.25561082839289,67.96875,0.9394189907437286,20.0,1.0256410256410255,25.615667086787564
2022-08-08,1252.36,1258.84,1252.04,1256.75,600108300,271,189,75,2022-08-08,80.0581674521131,68.75,0.9235649811004516,13.333333333333334,1.0256410256410255,25.51758209684295
2022-08-09,1260.36,1263.14,1252.84,1258.85,622183100,270,193,72,2022-08-09,83.06450605585891,69.53125,0.8895075939703678,10.76923076923077,0.5128205128205128,25.618945773480064
2022-08-10,1255.69,1260.36,1253.89,1256.5,554958800,210,246,77,2022-08-10,82.63717722265406,68.75,0.83326326599208,9.230769230769232,0.5128205128205128,25.71306918750024
2022-08-11,1267.37,1268.03,1245.85,1252.07,726941900,136,319,78,2022-08-11,81.78303443552527,64.84375,0.7696621644316993,11.282051282051285,0.5128205128205128,25.15130330556754
2022-08-12,1250.66,1262.33,1248.65,1262.33,478668400,273,166,81,2022-08-12,84.74455952701052,57.03125,0.8162310982473673,9.743589743589745,0.5128205128205128,24.629663558058603
2022-08-15,1268.56,1274.24,1267.14,1274.2,556111500,278,164,82,2022-08-15,87.16352476186894,47.65625,0.868907403275581,8.717948717948717,0.5128205128205128,24.788013797246247
2022-08-16,1274.08,1275.93,1271.11,1274.69,541168800,206,240,74,2022-08-16,88.74359643391571,42.96875,0.8397062010560349,8.717948717948717,0.0,25.021072943097955
2022-08-17,1276.78,1280.61,1271.97,1275.28,611549400,189,247,82,2022-08-17,90.07113596704457,21.09375,0.8109316529680347,8.717948717948717,0.0,25.477986483495147
2022-08-18,1273.45,1283.15,1268.64,1273.66,522028300,132,311,81,2022-08-18,89.8031544586318,11.71875,0.7702707515398795,10.256410256410255,0.0,25.577304261611364
2022-08-19,1272.23,1280.0,1263.45,1269.18,541159000,124,338,57,2022-08-19,89.0144264417064,9.375,0.7134610124421213,13.846153846153848,0.5128205128205128,25.17189729968846
2022-08-22,1264.64,1270.57,1255.83,1260.43,530100300,130,326,70,2022-08-22,87.39984096881946,5.46875,0.6230479720355414,20.0,0.5128205128205128,24.11123633075279
2022-08-23,1253.45,1270.81,1253.45,1270.81,488438500,308,140,74,2022-08-23,87.68520665810547,3.125,0.7041758109423516,16.923076923076923,0.0,22.9201217549859
2022-08-24,1275.57,1280.36,1272.33,1277.16,495010400,279,172,74,2022-08-24,88.37079547978172,3.125,0.7679188502877244,15.897435897435896,0.0,22.485799307846708
2022-08-25,1280.39,1289.18,1280.28,1288.88,531338200,279,168,77,2022-08-25,89.31100235098626,10.9375,0.8998711689207164,15.384615384615383,0.0,22.627630681566288
2022-08-26,1291.29,1295.12,1280.05,1282.57,579737000,131,321,69,2022-08-26,87.99761586477419,10.9375,0.8379659379278451,17.435897435897434,0.0,23.096007550199783
2022-08-29,1263.43,1270.8,1249.17,1270.8,754982100,73,399,45,2022-08-29,85.47270068438732,7.8125,0.6150899379333087,25.128205128205128,1.0256410256410255,21.750857047176357
2022-08-30,1274.97,1287.65,1274.0,1279.39,450860200,226,208,87,2022-08-30,85.79308918936596,3.125,0.7714057828388459,26.666666666666668,1.0256410256410255,20.876155881966696
2022-08-31,1276.49,1285.29,1274.99,1280.51,434307600,267,162,83,2022-08-31,85.83694815935552,2.34375,0.7713323835847966,25.64102564102564,1.0256410256410255,20.06393337141487
2022-09-05,1280.26,1285.7,1275.35,1277.35,431994100,168,283,69,2022-09-05,85.03926210294483,3.125,0.6795489024196604,32.30769230769231,2.051282051282051,19.333726176907778
2022-09-06,1279.58,1286.92,1277.4,1277.4,515252000,191,261,85,2022-09-06,85.04163080035687,3.90625,0.6618131104965937,31.28205128205128,1.5384615384615383,18.731396421021056
2022-09-07,1274.6,1275.07,1243.17,1243.17,753758800,71,423,41,2022-09-07,73.57324297939343,15.625,-0.0960788114831385,42.05128205128205,2.564102564102564,18.6913360340022
2022-09-08,1251.06,1251.36,1234.6,1234.6,524895800,151,317,70,2022-09-08,62.75126645900835,28.90625,-0.1287215043516071,52.307692307692314,4.615384615384616,19.03998373950881
2022-09-09,1241.26,1248.78,1228.54,1248.78,513432800,281,176,82,2022-09-09,64.23142881634035,34.375,0.1492278467613895,52.307692307692314,4.102564102564102,19.625022846405862
2022-09-12,1255.0,1257.8,1248.97,1249.62,359054745,238,215,73,2022-09-12,64.3218744512942,39.84375,0.1699501179971528,52.307692307692314,5.128205128205128,19.52070390572956
2022-09-13,1251.1,1252.35,1243.87,1248.4,379401200,184,262,87,2022-09-13,64.06848083233352,42.96875,0.1753571249829528,53.333333333333336,4.102564102564102,19.66691054622774
2022-09-14,1229.76,1242.17,1228.51,1240.77,547541600,120,321,86,2022-09-14,62.412490170583034,43.75,0.1044078957933112,51.28205128205128,5.641025641025641,20.46848448272524
2022-09-15,1247.34,1250.93,1243.45,1245.66,364378200,197,237,101,2022-09-15,63.07127974749744,41.40625,0.2120277850392771,52.820512820512825,6.666666666666667,20.576800549742263
2022-09-16,1243.38,1246.17,1230.37,1234.03,556878300,95,368,70,2022-09-16,53.11888272510749,40.625,0.0954896315485099,60.0,15.384615384615383,21.226843614902087
2022-09-19,1231.45,1233.46,1202.07,1205.43,607678700,64,399,42,2022-09-19,42.062757176456195,52.34375,-0.1227179797802813,71.7948717948718,23.589743589743588,22.768886644015264
2022-09-20,1212.08,1218.93,1199.71,1218.93,392624700,309,120,81,2022-09-20,44.30739238398591,52.34375,0.0934834589712342,69.23076923076923,18.974358974358974,24.268185385416615
2022-09-21,1213.47,1217.28,1204.68,1210.55,306355000,138,305,56,2022-09-21,43.18884478950976,50.78125,0.0700939587665592,72.82051282051282,18.974358974358974,25.660391359575012
2022-09-22,1200.34,1214.7,1196.64,1214.7,413670100,254,204,79,2022-09-22,43.943576202204554,44.53125,0.1541365992665836,70.76923076923077,17.435897435897434,27.199036415088052
2022-09-23,1212.61,1216.59,1201.45,1203.28,418744600,162,287,77,2022-09-23,35.00020279839326,35.9375,0.101478816568042,72.3076923076923,20.0,28.46734310809804
2022-09-26,1186.41,1190.27,1159.12,1174.35,671202400,42,462,31,2022-09-26,28.62825712851537,56.25,-0.0523857732589341,82.05128205128204,27.692307692307693,30.702792668573508
2022-09-27,1177.51,1180.75,1166.44,1166.54,390888400,181,261,86,2022-09-27,23.535198995444723,66.40625,-0.0214880903003305,84.1025641025641,31.28205128205128,32.77856726044359
2022-09-28,1158.53,1162.6,1142.79,1143.62,475130574,95,366,68,2022-09-28,18.91223389246924,75.0,-0.0639532072868585,86.66666666666667,40.0,35.13269823934891
2022-09-29,1157.09,1159.49,1126.07,1126.07,392743158,118,347,67,2022-09-29,15.17152753410518,82.8125,-0.0606125811553892,92.82051282051282,49.743589743589745,37.5671901263034
2022-09-30,1115.2,1135.47,1099.44,1132.11,580988602,192,264,73,2022-09-30,16.045770685984316,83.59375,0.0410503669059449,93.84615384615384,53.333333333333336,40.15395465173078
2022-10-03,1124.46,1126.46,1079.86,1086.44,467842505,43,449,34,2022-10-03,12.41381056971992,90.625,-0.0832766238092677,95.8974358974359,64.1025641025641,42.75278648088471
2022-10-04,1095.73,1100.42,1069.74,1078.14,484847543,144,312,74,2022-10-04,9.879920973464088,96.09375,-0.0290204513726814,96.92307692307692,68.71794871794872,45.258614157383874
2022-10-05,1092.08,1110.21,1092.08,1104.26,366497390,392,85,55,2022-10-05,12.866399698296824,95.3125,0.1357207278875621,96.4102564102564,60.51282051282051,46.89385779602388
2022-10-06,1105.31,1106.97,1072.57,1074.52,465644550,60,429,31,2022-10-06,10.746098914374308,96.09375,0.0725877803013966,97.94871794871794,68.2051282051282,48.65030200157722
2022-10-07,1061.93,1062.23,1022.38,1035.91,724043484,52,440,31,2022-10-07,8.772904774868337,96.875,0.0048289126901632,97.43589743589745,77.43589743589745,50.73900015079195
2022-10-10,1019.67,1051.02,1012.94,1042.48,509726370,286,175,63,2022-10-10,9.415921627100452,98.4375,0.0853829125569646,97.43589743589745,73.33333333333333,52.74725408596315
2022-10-11,1036.39,1036.42,998.64,1006.2,532383498,46,435,37,2022-10-11,7.588021597426803,100.0,0.0299636648532719,98.46153846153848,81.02564102564102,54.71221859720917
2022-10-12,1006.1,1039.44,1002.89,1034.81,503602751,386,96,46,2022-10-12,10.165120444251606,94.53125,0.1624282617002188,98.46153846153848,75.38461538461539,56.3455298611443
2022-10-13,1035.33,1050.99,1025.04,1050.99,362426909,265,183,74,2022-10-13,11.665423122751257,92.1875,0.2404197187516267,97.43589743589745,74.35897435897436,57.13074079695741
2022-10-14,1063.07,1068.12,1055.29,1061.85,466714307,336,102,81,2022-10-14,12.719056017058053,82.03125,0.2980471957771432,97.43589743589745,67.6923076923077,56.851825552159056
2022-10-17,1053.46,1054.05,1033.59,1051.58,391417511,165,291,61,2022-10-17,12.566406653151716,77.34375,0.2839144990133365,96.4102564102564,66.66666666666666,56.93756247676378
2022-10-18,1065.6,1071.74,1057.71,1063.66,435818990,306,144,71,2022-10-18,13.875729806340338,71.09375,0.346821027494774,95.8974358974359,63.589743589743584,56.07946808865323
2022-10-19,1065.08,1065.99,1052.29,1060.07,315804513,144,265,94,2022-10-19,13.809544729249232,57.8125,0.3515142234671743,94.87179487179486,62.05128205128205,55.38760620777231
2022-10-20,1056.14,1065.28,1048.21,1058.45,330284750,131,287,92,2022-10-20,13.7776085222608,53.125,0.362368273977164,94.87179487179486,58.97435897435898,54.82621305030467
2022-10-21,1059.03,1059.03,1013.69,1019.82,593037630,31,453,32,2022-10-21,13.005253168703234,57.03125,0.1928111931753655,95.8974358974359,65.64102564102564,54.91090859260438
2022-10-24,1021.25,1023.51,977.41,986.15,502992511,45,430,39,2022-10-24,10.97876743435571,60.15625,0.0535421023408172,96.4102564102564,72.82051282051282,55.47559200034328
2022-10-25,980.47,1011.39,962.45,997.7,631312849,199,247,75,2022-10-25,12.416008024684707,62.5,0.1342617911916441,96.4102564102564,70.25641025641025,56.17065982274075
2022-10-26,1000.71,1004.55,984.71,993.36,327124544,164,256,94,2022-10-26,12.335417837509269,66.40625,0.1342888121658101,96.92307692307692,71.28205128205128,56.81607994353841
2022-10-27,994.82,1028.01,990.48,1028.01,525571421,418,61,50,2022-10-27,16.969220025281793,66.40625,0.3644478298088079,95.8974358974359,64.61538461538461,56.18027962051959
2022-10-28,1036.27,1044.57,1026.53,1027.36,471075420,236,195,86,2022-10-28,16.95111886169196,66.40625,0.3774029389357148,94.35897435897436,61.53846153846154,54.81120952840881
2022-10-31,1028.24,1030.32,1005.0,1027.94,540146599,138,317,66,2022-10-31,17.036160726380658,67.1875,0.3999487113947502,92.82051282051282,61.53846153846154,53.96076879119483
2022-11-01,1034.77,1043.53,1027.39,1033.75,529853499,274,182,72,2022-11-01,17.942622395730382,64.84375,0.4641227158994626,92.3076923076923,60.51282051282051,52.57690188913808
2022-11-02,1033.51,1034.73,1018.64,1023.19,440707791,164,273,82,2022-11-02,17.566932932166253,60.9375,0.3922708317013258,92.82051282051282,58.46153846153847,51.478156690707536
2022-11-03,1011.41,1023.95,1010.65,1019.81,374895655,166,274,81,2022-11-03,17.441053930998123,58.59375,0.377066245073625,93.33333333333331,56.92307692307692,50.62713450059376
2022-11-04,1008.23,1009.96,974.61,997.15,636169416,56,410,46,2022-11-04,16.583124446588492,53.125,0.1693874693678852,94.35897435897436,60.0,50.50547271333532
2022-11-07,989.74,996.18,969.61,975.19,490290336,75,383,49,2022-11-07,13.83736538198599,54.6875,0.0281174876710241,93.84615384615384,68.2051282051282,50.47501079272649
2022-11-08,960.93,981.86,956.97,981.65,491662593,209,232,69,2022-11-08,14.99101185706219,48.4375,0.1204697473724804,94.87179487179486,64.61538461538461,50.65354023637083
2022-11-09,983.62,994.79,977.93,985.59,442045429,245,178,87,2022-11-09,15.73209064076925,50.0,0.1899542720157651,94.35897435897436,63.07692307692307,50.163087328502506
2022-11-10,974.76,976.31,935.78,947.24,589632905,21,447,38,2022-11-10,13.043378009124687,67.1875,-0.0273181792262667,94.87179487179486,69.23076923076923,50.40681664761913
2022-11-11,954.95,966.7,949.49,954.53,610519072,213,233,60,2022-11-11,14.371452468235582,76.5625,0.0813820142172342,94.35897435897436,69.74358974358974,50.633136729656
2022-11-14,939.94,945.29,923.53,941.04,556442961,86,370,49,2022-11-14,11.8853668013656,82.03125,0.0503700299269291,93.33333333333331,75.38461538461539,51.210107511646946
2022-11-15,926.08,929.06,900.17,911.9,534263131,43,429,51,2022-11-15,9.547634196932698,88.28125,-0.0517211144969682,93.84615384615384,81.02564102564102,52.031404815427194
2022-11-16,876.0,945.42,873.78,942.9,881883690,415,63,39,2022-11-16,14.1728073456245,88.28125,0.1753237134052907,93.84615384615384,73.33333333333333,53.074730955915825
2022-11-17,952.91,972.88,950.9,969.26,551181919,397,73,48,2022-11-17,18.011888930895953,85.9375,0.3660498884581799,92.82051282051282,71.28205128205128,52.78645032634561
2022-11-18,967.18,971.77,939.73,969.33,788755529,268,176,70,2022-11-18,18.0223755400298,81.25,0.3824864108108856,92.82051282051282,68.71794871794872,52.67972387929689
2022-11-21,971.58,973.19,956.77,960.65,499288906,259,177,75,2022-11-21,17.719720825142574,74.21875,0.3313407250922071,92.3076923076923,65.64102564102564,52.515592655293595
2022-11-22,953.78,985.28,948.52,952.12,937062402,251,182,81,2022-11-22,17.410295720769597,59.375,0.290267958248075,91.7948717948718,60.51282051282051,51.80151884542895
2022-11-23,947.81,958.61,942.02,946.0,466946398,104,335,63,2022-11-23,17.17851813078358,50.0,0.2690295211973169,91.7948717948718,63.589743589743584,51.25910079029559
2022-11-24,942.86,950.03,934.31,947.71,451208470,218,214,72,2022-11-24,17.50896483149473,47.65625,0.3017539635157718,91.28205128205128,59.48717948717949,50.89960462376102
2022-11-25,956.62,971.46,955.53,971.46,525761736,380,72,62,2022-11-25,22.15458449546511,46.09375,0.4889891413572493,88.71794871794872,38.97435897435898,49.545208615163425
2022-11-28,979.68,1006.22,979.48,1005.69,818144334,416,55,50,2022-11-28,37.1963660327703,60.15625,0.7684645213635356,80.51282051282051,23.076923076923077,46.91353191949674
2022-11-29,1008.85,1032.16,998.56,1032.16,1050658035,350,102,60,2022-11-29,50.42411774345285,81.25,0.9813118871413472,67.17948717948717,12.307692307692308,43.62550817144379
2022-11-30,1037.44,1048.42,1021.54,1048.42,917539238,350,105,55,2022-11-30,60.575537856000736,89.0625,1.0551693479683693,52.820512820512825,6.666666666666667,40.922905151637735
2022-12-01,1057.97,1066.28,1035.62,1036.28,1187911811,281,166,75,2022-12-01,59.41053522806969,93.75,0.9419703124004762,44.61538461538462,5.128205128205128,38.90148837182581
2022-12-02,1032.67,1080.01,1030.81,1080.01,971782887,361,92,59,2022-12-02,68.45721481946288,96.09375,1.1021374117811802,30.256410256410255,4.102564102564102,37.37803886629737
2022-12-05,1090.97,1099.45,1082.59,1093.67,1026762548,351,135,40,2022-12-05,74.04461131859014,99.21875,1.053088579342982,20.0,3.076923076923077,36.43155946474643
2022-12-06,1088.9,1089.63,1048.69,1048.69,1303644184,87,391,31,2022-12-06,70.05754406490539,99.21875,0.7972504475757947,21.53846153846154,3.076923076923077,34.40074257256169
2022-12-07,1046.72,1059.79,1034.92,1041.02,767643808,101,360,46,2022-12-07,69.3715785600022,96.875,0.7403540659756662,23.076923076923077,3.5897435897435894,32.100125601738
2022-12-08,1055.21,1078.09,1045.98,1050.53,836407763,334,115,55,2022-12-08,69.76685464254888,95.3125,0.7577120165332156,19.48717948717949,3.5897435897435894,30.463123906600135
2022-12-09,1056.85,1061.21,1041.39,1051.81,694652833,221,215,60,2022-12-09,69.82330435594196,92.1875,0.7386799709481668,18.974358974358974,3.5897435897435894,28.79535481434101
2022-12-12,1059.55,1065.16,1032.07,1032.07,777174987,158,286,53,2022-12-12,67.72321469755964,82.03125,0.6300849198559773,18.974358974358974,2.564102564102564,26.942462305866407
2022-12-13,1035.76,1047.45,1026.3,1047.45,706529660,258,160,80,2022-12-13,68.51772122452024,71.875,0.6846825493297072,16.923076923076923,3.076923076923077,25.032166708138128
2022-12-14,1062.18,1062.18,1046.43,1050.43,636888454,252,161,78,2022-12-14,68.67859787048062,46.875,0.679998860138555,15.897435897435896,3.076923076923077,23.730949256766134
2022-12-15,1049.16,1062.61,1049.06,1055.32,632450383,228,181,85,2022-12-15,68.95890948423443,32.8125,0.6856872560065204,15.897435897435896,2.564102564102564,22.536520292161057
2022-12-16,1048.62,1064.79,1047.16,1052.48,758882687,208,195,85,2022-12-16,68.57506061927678,28.125,0.6516368405947739,15.384615384615383,2.051282051282051,21.501990360692684
2022-12-19,1053.91,1065.59,1038.4,1038.4,815335805,159,257,82,2022-12-19,66.59587643096495,32.03125,0.5549286573964706,17.94871794871795,2.564102564102564,20.18370384920821
2022-12-20,1035.82,1038.74,1010.08,1023.13,909733007,79,362,47,2022-12-20,57.622970064979334,38.28125,0.4380937564255052,22.05128205128205,3.076923076923077,19.54695839118222
2022-12-21,1033.34,1033.84,1005.43,1018.88,670212562,119,298,74,2022-12-21,49.94003134997829,38.28125,0.3673090397490053,29.743589743589745,3.5897435897435894,19.107651082013316
2022-12-22,1026.49,1033.18,1016.54,1022.61,507307086,232,152,95,2022-12-22,50.295968507001504,18.75,0.3301359340241733,27.17948717948718,4.102564102564102,18.69972286635648
2022-12-23,1023.69,1027.34,1013.2,1020.34,394851537,174,231,70,2022-12-23,50.0626772122176,22.65625,0.231213233042354,28.717948717948715,3.5897435897435894,18.442062946399364
2022-12-26,1019.66,1021.89,985.21,985.21,534206745,56,382,44,2022-12-26,43.371419088977746,50.0,-0.1142171951229861,48.717948717948715,4.615384615384616,19.113627856250663
2022-12-27,986.07,1007.88,983.67,1004.57,484114138,331,86,62,2022-12-27,45.53618931749826,53.125,0.1343339748362342,43.07692307692308,4.102564102564102,19.782682263341673
2022-12-28,1008.41,1020.52,998.97,1015.66,375445830,259,146,71,2022-12-28,46.790982765164834,50.78125,0.2702504387380182,42.56410256410256,4.102564102564102,19.74022493942734
2022-12-29,1016.06,1021.96,1009.29,1009.29,357699137,147,237,93,2022-12-29,46.13351668940446,53.125,0.2288257316644998,42.56410256410256,4.102564102564102,19.62592360749078
2022-12-30,1017.45,1017.99,1007.09,1007.09,327331402,209,189,60,2022-12-30,45.89367100320641,51.5625,0.2294808563722475,42.56410256410256,3.076923076923077,19.60319127797268
2023-01-03,1011.39,1043.9,1011.38,1043.9,495370447,352,74,31,2023-01-03,50.52815393293799,48.4375,0.6617638479571193,37.94871794871795,3.076923076923077,18.276521119072964
2023-01-04,1048.31,1052.6,1041.56,1046.35,546100135,200,184,72,2023-01-04,50.83003651363679,42.96875,0.6948124955831342,36.41025641025641,3.076923076923077,17.276287797363246
2023-01-05,1048.17,1058.14,1046.64,1055.82,472906022,241,159,65,2023-01-05,58.659628380719894,45.3125,0.7945771736119717,33.84615384615385,2.564102564102564,16.585074169367143
2023-01-06,1055.51,1065.58,1047.26,1051.44,586381415,121,274,57,2023-01-06,58.04221533621089,49.21875,0.7402986917527833,35.8974358974359,3.076923076923077,16.259021646628536
2023-01-09,1058.28,1062.12,1050.95,1054.21,368655811,149,234,72,2023-01-09,58.34084796768543,57.03125,0.7707059792238655,36.08247422680412,2.5773195876288657,15.95625858979983
2023-01-10,1054.84,1057.44,1045.75,1053.35,406057518,210,174,63,2023-01-10,58.20234198356217,61.71875,0.7410757913708446,35.56701030927835,2.5773195876288657,15.37638182835731
2023-01-11,1058.25,1065.69,1054.53,1055.76,490275635,249,137,76,2023-01-11,58.49968005473437,64.84375,0.7598572076685837,31.443298969072163,2.5773195876288657,15.232679179259945
2023-01-12,1058.51,1060.97,1050.27,1056.39,370321885,156,222,68,2023-01-12,66.15723374303306,67.96875,0.7602284453562951,29.38144329896907,2.5773195876288657,14.83793656809429
2023-01-13,1060.71,1066.39,1055.23,1060.17,459494342,168,197,83,2023-01-13,72.0137526680245,50.78125,0.7967063589480232,29.38144329896907,2.5773195876288657,14.74448338982432
2023-01-16,1062.27,1067.74,1057.87,1066.68,391079501,175,215,62,2023-01-16,75.75721032443195,40.625,0.8486984255428536,30.927835051546392,2.5773195876288657,14.727069681257026
2023-01-17,1071.37,1088.29,1069.86,1088.29,566247477,352,69,42,2023-01-17,79.59918842555311,47.65625,0.992616584974198,26.666666666666668,2.564102564102564,15.660420222837278
2023-01-18,1092.5,1100.39,1089.56,1098.28,531786150,322,105,45,2023-01-18,82.88044780191055,47.65625,0.993138221211698,21.53846153846154,2.564102564102564,16.98995061462769
2023-01-19,1095.53,1111.72,1094.46,1108.08,556193050,294,119,60,2023-01-19,85.63587069809864,38.28125,0.9866073529756898,17.94871794871795,2.051282051282051,18.61410536639197
2023-01-27,1114.15,1124.3,1111.41,1117.1,552307747,275,132,59,2023-01-27,87.23909645209963,55.46875,0.9720840673655868,14.871794871794872,2.051282051282051,20.510876008099235
2023-01-30,1117.66,1118.46,1102.57,1102.57,725060556,210,218,44,2023-01-30,85.20615185467423,57.8125,0.8305652338246065,12.307692307692308,2.051282051282051,21.60910801341544
2023-01-31,1100.4,1111.18,1088.25,1111.18,629524308,258,149,63,2023-01-31,85.42292574461901,63.28125,0.8626510174320783,8.717948717948717,1.5384615384615383,21.654810562526684
2023-02-01,1114.68,1116.96,1075.97,1075.97,938658935,89,351,37,2023-02-01,80.24460199829309,54.6875,0.5925901112398778,13.846153846153848,1.5384615384615383,20.95659818490233
2023-02-02,1079.69,1083.36,1070.81,1077.59,567704887,111,308,49,2023-02-02,80.30376248013728,49.21875,0.5864034759032969,16.41025641025641,1.5384615384615383,20.012866137985785
2023-02-03,1078.8,1081.89,1070.46,1077.15,487967451,185,216,69,2023-02-03,80.23348374865238,38.28125,0.5614403305893306,16.923076923076923,2.051282051282051,19.115819533981114
2023-02-06,1072.53,1089.29,1067.24,1089.29,392295500,219,181,69,2023-02-06,80.73446310485235,29.6875,0.657642417760876,17.435897435897434,1.5384615384615383,18.66473938747498
2023-02-07,1088.07,1092.12,1065.18,1065.84,565279974,77,342,52,2023-02-07,76.69109324976623,25.0,0.391713785736316,22.05128205128205,2.051282051282051,18.39063098797541
2023-02-08,1067.58,1079.51,1063.5,1072.22,452708164,210,188,67,2023-02-08,77.02818056982395,21.875,0.4457544736021944,23.076923076923077,2.564102564102564,18.01602524234198
2023-02-09,1070.07,1075.2,1064.03,1064.03,363991072,178,217,73,2023-02-09,75.51837489306467,24.21875,0.3428443453648949,25.64102564102564,2.564102564102564,17.668177049968076
2023-02-10,1066.16,1066.28,1054.08,1055.3,385841692,93,306,69,2023-02-10,65.14249245966691,31.25,0.2340707452765717,34.87179487179487,2.051282051282051,16.60672272092225
2023-02-13,1050.99,1054.05,1031.7,1043.7,578047487,71,367,39,2023-02-13,55.40563883057123,50.0,0.1148606396881443,53.333333333333336,3.076923076923077,16.550727527752944
2023-02-14,1045.14,1046.64,1032.76,1038.64,325253255,221,175,70,2023-02-14,47.27183556809928,53.125,0.0853361841196614,53.333333333333336,4.102564102564102,16.49873199123859
2023-02-15,1037.17,1051.89,1034.39,1048.2,472046511,326,97,50,2023-02-15,48.26836509823552,43.75,0.2005503887102039,50.256410256410255,3.076923076923077,16.06173237793738
2023-02-16,1051.16,1058.29,1047.45,1058.29,395624947,314,75,77,2023-02-16,49.35627055963743,32.03125,0.308191560027336,45.64102564102564,3.076923076923077,15.197864248084606
2023-02-17,1058.99,1062.25,1053.26,1059.31,414090312,173,221,77,2023-02-17,49.471951329086075,15.625,0.3200001127186676,48.717948717948715,3.076923076923077,14.118909888147702
2023-02-20,1059.74,1088.01,1059.56,1086.69,603720812,383,42,52,2023-02-20,52.60174560340417,20.3125,0.6064022470632515,38.46153846153847,2.051282051282051,14.584073545559043
2023-02-21,1089.74,1095.1,1081.8,1082.23,635036875,182,234,67,2023-02-21,52.03631939607192,21.875,0.5616030652712105,40.0,2.051282051282051,15.343809124309873
2023-02-22,1073.62,1073.93,1054.28,1054.28,742873929,60,364,47,2023-02-22,48.516677593032654,20.3125,0.2799217801975435,45.64102564102564,3.5897435897435894,14.30826257722006
2023-02-23,1053.95,1054.48,1030.58,1053.66,601815220,137,258,74,2023-02-23,48.43841101515744,13.28125,0.2938364385789026,47.179487179487175,3.5897435897435894,14.327332975726096
2023-02-24,1051.58,1052.49,1034.66,1039.56,380927906,98,311,56,2023-02-24,46.59738900237729,15.625,0.1499296421378232,49.23076923076923,4.102564102564102,14.34504120291027
2023-02-27,1029.55,1031.59,1017.55,1021.25,488187762,66,371,40,2023-02-27,39.15855867668428,25.78125,-0.0066306732374949,62.56410256410256,6.666666666666667,15.054061396527796
2023-02-28,1027.74,1034.36,1018.72,1024.68,344385802,222,151,86,2023-02-28,39.701911747936485,31.25,0.0554722347113436,62.05128205128205,6.153846153846154,15.540187291739672
2023-03-01,1023.29,1040.55,1013.37,1040.55,451887043,290,106,61,2023-03-01,42.27080254247193,32.03125,0.2816381024474627,57.43589743589743,5.128205128205128,15.603240712853047
2023-03-02,1039.0,1043.8,1033.07,1037.61,306963389,156,235,62,2023-03-02,41.914546728660774,32.8125,0.2683536634635977,58.46153846153847,5.128205128205128,15.45716577308496
2023-03-03,1038.1,1041.82,1022.78,1024.77,370374610,82,317,53,2023-03-03,40.31643915039631,38.28125,0.1454897742495794,61.53846153846154,7.179487179487179,15.799461430938637
2023-03-06,1032.68,1042.43,1026.73,1027.18,374784462,222,155,84,2023-03-06,40.77289465281411,43.75,0.1973106132703133,61.02564102564103,6.153846153846154,16.075070952058127
2023-03-07,1033.96,1043.92,1033.32,1037.84,410803657,210,160,84,2023-03-07,42.85474145619207,40.625,0.3563887226053541,59.48717948717949,6.153846153846154,16.221848546059263
2023-03-08,1028.77,1049.18,1027.8,1049.18,465169105,256,123,80,2023-03-08,45.066834643826965,38.28125,0.5258804967748771,58.97435897435898,5.641025641025641,16.641637022931274
2023-03-09,1050.61,1060.56,1049.45,1055.95,539118977,271,118,67,2023-03-09,46.40079182017941,17.96875,0.6294763686966657,56.92307692307692,4.102564102564102,16.183969387702877
2023-03-10,1050.53,1053.86,1046.31,1053.0,436309809,135,256,58,2023-03-10,45.87799882519992,2.34375,0.5889798447645866,57.94871794871795,3.5897435897435894,15.938934661026655
2023-03-13,1046.95,1055.58,1045.46,1052.8,505863805,114,288,61,2023-03-13,45.84028987983377,1.5625,0.5793852954584663,57.94871794871795,4.615384615384616,15.58024119936871
2023-03-14,1049.3,1051.56,1034.72,1040.13,535172436,56,365,40,2023-03-14,43.406272284571706,0.78125,0.3957701857551703,64.1025641025641,7.179487179487179,15.875223418194008
2023-03-15,1052.06,1062.55,1049.26,1062.19,534049436,380,43,43,2023-03-15,52.23232244744139,3.90625,0.7001564019893942,54.35897435897436,4.615384615384616,15.310311748013657
2023-03-16,1056.15,1058.73,1043.65,1047.4,450886053,55,358,41,2023-03-16,49.24446071986576,1.5625,0.4983844918841328,56.92307692307692,5.128205128205128,15.122127021136286
2023-03-17,1053.37,1055.42,1043.54,1045.14,478768177,187,178,83,2023-03-17,48.78522630014985,0.78125,0.4759038232443675,55.38461538461539,4.615384615384616,14.95411629924497
2023-03-20,1041.91,1042.6,1022.71,1023.1,458008396,48,369,43,2023-03-20,41.56505757799994,3.125,0.1641528919441473,66.66666666666666,7.179487179487179,15.922125897951137
2023-03-21,1028.83,1036.15,1017.05,1032.43,369349957,279,109,71,2023-03-21,43.70655476392695,5.46875,0.325235467276914,63.07692307692307,5.641025641025641,17.077054607457416
2023-03-22,1035.84,1042.84,1033.73,1040.54,368600650,203,170,88,2023-03-22,45.57369788719959,1.5625,0.5019068166926951,63.589743589743584,6.666666666666667,17.583411539339707
2023-03-23,1035.33,1045.1,1030.93,1045.1,359367516,179,195,82,2023-03-23,46.64526994232581,0.78125,0.6084043504931419,62.56410256410256,7.179487179487179,18.19622445082565
2023-03-24,1047.1,1052.29,1044.02,1046.79,492024379,265,122,80,2023-03-24,47.06126926266661,0.78125,0.6356398705039197,57.94871794871795,6.153846153846154,18.15362984273411
2023-03-27,1047.78,1053.78,1041.99,1052.25,499268427,245,138,63,2023-03-27,48.4594376181167,1.5625,0.730604198335532,54.87179487179488,6.666666666666667,18.233083890915836
2023-03-28,1055.57,1059.83,1051.75,1054.29,569426119,201,185,67,2023-03-28,49.00139662110224,0.78125,0.7533718296305976,53.84615384615385,5.128205128205128,17.78770952875214
2023-03-29,1055.18,1056.33,1048.26,1056.33,406337846,147,216,82,2023-03-29,49.57244106603551,3.90625,0.7735212390816252,55.38461538461539,5.641025641025641,17.603439586050555
2023-03-30,1061.32,1066.23,1058.89,1059.44,545987403,190,176,77,2023-03-30,50.482738156618296,4.6875,0.8083353338876663,52.307692307692314,5.128205128205128,16.607265883865875
2023-03-31,1060.0,1067.55,1059.85,1064.64,563211648,198,184,71,2023-03-31,60.68999596440126,7.03125,0.888152756798071,45.64102564102564,6.153846153846154,15.577167317187875
2023-04-03,1074.69,1079.28,1071.62,1079.28,761882248,325,84,35,2023-04-03,69.76685700393656,15.625,1.099128054199721,30.76923076923077,6.153846153846154,15.181173690693312
2023-04-04,1081.36,1082.21,1075.1,1078.45,732795030,261,139,46,2023-04-04,69.51148680365097,20.3125,0.992512164113953,24.102564102564106,5.128205128205128,15.013731820773566
2023-04-05,1079.06,1080.86,1074.1,1080.86,696512807,250,128,68,2023-04-05,76.07464917666296,26.5625,0.9585967628189545,18.974358974358974,5.641025641025641,14.766975776065946
2023-04-06,1083.27,1084.52,1070.91,1070.91,942408869,194,209,47,2023-04-06,73.15324867247497,17.96875,0.7702557629402993,17.94871794871795,5.641025641025641,14.807774775121684
2023-04-07,1071.09,1072.94,1063.7,1069.71,592943658,159,219,54,2023-04-07,72.79019829488215,13.28125,0.7315650724924796,18.461538461538463,5.641025641025641,14.160921658400149
2023-04-10,1073.86,1075.54,1063.45,1065.35,774551045,173,215,58,2023-04-10,71.40362302438831,8.59375,0.6511098830947943,19.48717948717949,5.128205128205128,13.770771559161162
2023-04-11,1063.64,1070.56,1056.9,1069.46,634178633,228,138,70,2023-04-11,71.94612757014966,4.6875,0.6945417579425925,16.923076923076923,4.615384615384616,12.801343979239393
2023-04-12,1071.61,1072.7,1066.43,1069.45,653032406,190,188,70,2023-04-12,71.9425513761916,0.78125,0.6862293695430481,17.435897435897434,4.102564102564102,12.092046793821034
2023-04-13,1070.96,1070.96,1062.26,1064.3,587279674,121,268,55,2023-04-13,70.01244693259375,0.78125,0.5931317460869593,18.974358974358974,5.128205128205128,11.414171228937674
2023-04-14,1067.21,1068.79,1052.89,1052.89,714026518,95,303,44,2023-04-14,65.80046010676536,1.5625,0.4057170810508899,22.56410256410257,5.128205128205128,11.57821415407007
2023-04-17,1052.99,1054.72,1049.11,1053.81,399822299,170,202,68,2023-04-17,65.97818818787734,2.34375,0.3773009933890898,21.53846153846154,5.641025641025641,12.021534278919216
2023-04-18,1055.85,1057.15,1050.89,1055.02,486767389,226,153,58,2023-04-18,66.22678208189869,3.125,0.3616981704983564,21.53846153846154,6.153846153846154,12.1669027582439
2023-04-19,1057.88,1058.14,1047.47,1048.98,485131148,115,271,51,2023-04-19,54.85416853608864,7.03125,0.2057027309280839,24.102564102564106,6.666666666666667,12.582900543228837
2023-04-20,1050.02,1051.86,1045.85,1049.25,324438225,179,176,72,2023-04-20,54.924766917472006,9.375,0.1988969490169946,27.17948717948718,5.641025641025641,13.102851425217144
2023-04-21,1050.1,1050.4,1041.26,1042.91,506699323,128,247,55,2023-04-21,44.41213538687161,12.5,0.0677175626693802,32.30769230769231,7.6923076923076925,13.95826941392603
2023-04-24,1045.28,1047.18,1038.36,1041.36,439489141,171,205,68,2023-04-24,36.56696865124896,10.15625,0.0738539749446954,34.87179487179487,8.717948717948717,14.9795553364721
2023-04-25,1045.87,1045.87,1032.49,1034.85,477297616,119,247,58,2023-04-25,31.156206887667658,14.84375,0.0117168969299452,43.58974358974359,9.743589743589745,16.361571063180545
2023-04-26,1034.02,1040.8,1029.19,1040.8,421775639,234,135,64,2023-04-26,32.91996355894398,14.0625,0.1586291650918533,42.56410256410256,10.76923076923077,17.873497789615374
2023-04-27,1041.39,1044.25,1037.62,1039.63,456952522,206,175,63,2023-04-27,32.74232510917492,14.0625,0.1721909027595873,41.02564102564102,11.282051282051285,18.766422597410227
2023-04-28,1043.17,1049.12,1042.04,1049.12,565502199,250,126,61,2023-04-28,35.76980923470604,4.6875,0.3504069184845793,37.43589743589744,8.205128205128204,18.913121147700696
2023-05-04,1046.05,1048.16,1038.18,1040.61,562692030,143,247,55,2023-05-04,34.279677106361646,0.78125,0.2291312266036109,40.0,9.230769230769232,19.38229401763188
2023-05-05,1040.12,1043.22,1036.69,1040.31,433301354,154,223,67,2023-05-05,34.225547491554096,0.78125,0.2459475974586397,40.0,7.179487179487179,19.94510426737872
2023-05-08,1043.44,1053.44,1043.44,1053.44,584061271,255,135,53,2023-05-08,38.781791602499055,1.5625,0.5175208469320718,35.38461538461539,6.666666666666667,19.104312099309904
2023-05-09,1055.42,1058.71,1052.68,1053.77,494560113,214,163,63,2023-05-09,38.89635628304099,1.5625,0.5455854852943615,33.33333333333333,5.641025641025641,17.74994509447193
2023-05-10,1055.62,1058.67,1053.34,1058.26,642043890,280,105,54,2023-05-10,46.539550513114406,3.125,0.6707403196912649,29.230769230769234,5.641025641025641,16.492318589979526
2023-05-11,1060.75,1063.69,1056.72,1057.12,669387113,197,155,80,2023-05-11,46.23624627649509,3.90625,0.6599307444890284,28.717948717948715,5.641025641025641,15.882940980587096
2023-05-12,1057.7,1066.9,1053.97,1066.9,675214868,222,140,82,2023-05-12,55.09646920777239,9.375,0.9194940129068908,27.17948717948718,5.128205128205128,15.653396512713671
2023-05-15,1074.82,1076.32,1065.71,1065.71,762161980,196,197,48,2023-05-15,54.7357826068487,16.40625,0.9084735581281366,26.153846153846157,5.128205128205128,16.308366161611048
2023-05-16,1068.51,1069.27,1063.65,1065.91,582357907,169,200,67,2023-05-16,54.7893517490912,21.09375,0.9059489981282112,25.64102564102564,4.102564102564102,16.633607403886963
2023-05-17,1066.27,1069.95,1060.44,1060.44,743431551,141,246,49,2023-05-17,52.94383871264776,12.5,0.745206633604469,27.17948717948718,4.615384615384616,16.49911612914822
2023-05-18,1063.66,1073.41,1060.94,1068.31,578415860,205,162,67,2023-05-18,60.46346218930243,13.28125,0.8986630446170797,26.666666666666668,4.102564102564102,16.711808574265213
2023-05-19,1070.13,1070.15,1058.56,1067.07,649620819,168,212,50,2023-05-19,60.01690160034601,10.15625,0.8372431422342844,26.666666666666668,4.102564102564102,16.57266321441904
2023-05-22,1067.32,1070.64,1065.88,1070.64,623716964,263,125,52,2023-05-22,66.52862999170083,10.9375,0.8700212487178108,22.56410256410257,5.128205128205128,16.496244816712423
2023-05-23,1073.12,1073.96,1062.15,1065.85,653341933,139,266,37,2023-05-23,64.73550662729653,6.25,0.7440831073102965,23.589743589743588,4.615384615384616,15.877790276354103
2023-05-24,1069.13,1069.61,1060.6,1061.79,671873653,168,215,55,2023-05-24,63.18110231825612,0.78125,0.6419360705958291,23.589743589743588,3.5897435897435894,15.081355873532258
2023-05-25,1062.03,1065.5,1057.91,1064.63,603883481,172,216,48,2023-05-25,63.83526197020916,0.78125,0.6818206693711809,24.102564102564106,4.102564102564102,14.049028060471866
2023-05-26,1067.24,1067.28,1063.76,1063.76,585687066,227,146,72,2023-05-26,63.46328068854784,0.78125,0.6449255350181372,24.102564102564106,4.102564102564102,13.253378982668606
2023-05-29,1067.34,1077.18,1067.27,1074.98,726721589,324,69,53,2023-05-29,67.63302512127045,1.5625,0.8766836633141137,22.05128205128205,3.5897435897435894,13.72114528212902
2023-05-30,1078.82,1079.31,1071.01,1078.05,803342265,225,156,60,2023-05-30,71.7079266736837,2.34375,0.9167693716905254,17.94871794871795,3.076923076923077,14.377478135495098
2023-05-31,1078.39,1079.11,1071.38,1075.17,848883278,225,167,56,2023-05-31,70.3946310710248,3.90625,0.8118122836315782,18.461538461538463,3.076923076923077,14.9869300707636
2023-06-01,1076.27,1078.39,1071.61,1078.39,800986902,216,156,74,2023-06-01,73.6355667555853,5.46875,0.8764967571825976,16.923076923076923,3.076923076923077,15.552849724941494
2023-06-02,1084.19,1092.24,1083.36,1090.84,949003221,245,150,51,2023-06-02,78.02343485502647,12.5,1.1503301407290931,15.384615384615383,2.051282051282051,17.396432477267023
2023-06-05,1100.2,1103.81,1096.76,1097.82,877700529,201,199,39,2023-06-05,81.99213095886108,25.78125,1.1556084405659823,13.333333333333334,1.5384615384615383,19.850467387161892
2023-06-06,1099.99,1108.31,1098.28,1108.31,767663752,262,121,54,2023-06-06,85.50128631825491,44.53125,1.1799370935354083,12.307692307692308,1.5384615384615383,22.36731167184809
2023-06-07,1111.67,1112.28,1104.26,1109.54,909508073,241,134,62,2023-06-07,88.0708925458863,52.34375,1.0697232399138203,10.256410256410255,2.051282051282051,24.901993998049235
2023-06-08,1111.86,1115.14,1101.32,1101.32,1191167261,139,269,38,2023-06-08,85.26925033319485,54.6875,0.8865090984161741,10.256410256410255,1.5384615384615383,26.727665958914933
2023-06-09,1103.11,1107.53,1097.23,1107.53,826887389,190,191,54,2023-06-09,85.64088182643923,58.59375,0.9199617884061028,8.717948717948717,1.5384615384615383,27.718417713590824
2023-06-12,1110.26,1116.02,1100.08,1116.02,712022071,241,143,57,2023-06-12,88.39439999807854,60.15625,0.9639437730431208,8.205128205128204,0.5128205128205128,29.180706890125133
2023-06-13,1117.43,1122.46,1116.1,1122.46,857714144,233,145,60,2023-06-13,90.51468848792824,62.5,0.9685928668946872,7.6923076923076925,0.0,30.888401069424212
2023-06-14,1124.56,1129.49,1117.42,1117.42,829498595,126,280,51,2023-06-14,89.01103308950644,53.90625,0.8634473981015757,10.256410256410255,0.0,32.80927069490508
2023-06-15,1117.06,1120.13,1112.11,1116.97,663782466,151,261,51,2023-06-15,88.8690794280588,50.0,0.8208055725274241,10.256410256410255,0.0,33.744984593219826
2023-06-16,1121.92,1128.92,1112.51,1115.22,1054947020,170,258,54,2023-06-16,88.27945884243292,47.65625,0.771613746541631,13.333333333333334,0.5128205128205128,35.070798842612724
2023-06-19,1115.68,1117.23,1104.73,1105.4,709208551,113,315,45,2023-06-19,84.87641829874251,35.15625,0.6399801523018002,14.871794871794872,0.5128205128205128,35.19977026777179
2023-06-20,1105.75,1111.72,1102.58,1111.72,579184745,298,127,61,2023-06-20,85.26996962237237,13.28125,0.6939718588784566,14.358974358974358,0.5128205128205128,35.033381318203645
2023-06-21,1112.73,1118.46,1110.65,1118.46,778113811,323,108,55,2023-06-21,85.69742277408031,8.59375,0.7551735475793746,12.82051282051282,0.0,35.31005946892086
2023-06-22,1126.21,1127.54,1122.27,1125.3,807623528,314,114,63,2023-06-22,87.3138502697193,8.59375,0.8189379474584468,12.82051282051282,0.5128205128205128,36.07058351542769
2023-06-23,1126.4,1130.61,1122.62,1129.38,829820153,235,200,52,2023-06-23,88.71619021800107,10.9375,0.8551144684782459,12.307692307692308,0.0,36.93245187467287
2023-06-26,1130.08,1134.0,1119.95,1132.03,926624935,165,258,63,2023-06-26,90.0168611051848,17.1875,0.8632150797268717,9.743589743589745,0.0,37.90227966315312
2023-06-27,1134.55,1136.49,1128.82,1134.33,619564674,221,194,66,2023-06-27,91.1921197535433,16.40625,0.8678472838651865,10.256410256410255,1.0256410256410255,38.92632176536192
2023-06-28,1137.18,1140.56,1131.86,1138.35,751202539,201,228,51,2023-06-28,92.18154272153848,19.53125,0.9114909995318636,9.743589743589745,1.0256410256410255,40.07484422309461
2023-06-29,1139.42,1140.43,1125.39,1125.39,813877038,84,361,35,2023-06-29,87.99456453055888,19.53125,0.6836698136963543,13.333333333333334,1.0256410256410255,40.14237410675147
2023-06-30,1124.3,1126.33,1120.01,1120.18,520965834,167,249,68,2023-06-30,86.29759967527835,20.3125,0.557201103184866,14.358974358974358,1.5384615384615383,39.452073346882194
2023-07-03,1125.55,1128.35,1121.17,1125.5,482330417,253,169,59,2023-07-03,86.58214964133839,19.53125,0.6598302422199515,13.333333333333334,2.051282051282051,38.956779766819615
2023-07-04,1127.11,1132.12,1123.49,1132.0,621589939,283,120,82,2023-07-04,86.93903086349367,21.875,0.789536298808442,13.846153846153848,1.5384615384615383,38.76528555646542
2023-07-05,1136.64,1138.67,1133.45,1134.62,714171068,218,183,78,2023-07-05,87.08810535789124,22.65625,0.8181800927199256,12.307692307692308,2.051282051282051,39.016978313093894
2023-07-06,1133.7,1135.81,1122.35,1126.22,842931087,94,339,46,2023-07-06,83.78621102261377,10.15625,0.5949099900296215,16.923076923076923,3.5897435897435894,37.75755583357857
2023-07-07,1124.98,1138.07,1122.94,1138.07,690911706,267,133,71,2023-07-07,84.66927230995262,5.46875,0.8802386119447589,17.435897435897434,3.5897435897435894,36.76333259333812
2023-07-10,1142.61,1149.02,1140.03,1149.02,781792879,327,97,55,2023-07-10,86.68353039193528,12.5,1.0551225340147796,16.923076923076923,2.564102564102564,36.6019192891299
2023-07-11,1151.13,1157.01,1149.69,1151.77,816539478,236,197,53,2023-07-11,88.38270606753103,20.3125,1.0142620736064378,14.871794871794872,2.564102564102564,36.91580108224893
2023-07-12,1154.37,1157.43,1149.28,1154.2,662915644,191,233,64,2023-07-12,89.88027630901901,30.46875,0.9794349507996924,15.384615384615383,2.564102564102564,37.23078165239552
2023-07-13,1159.88,1165.42,1158.15,1165.42,738388049,334,97,70,2023-07-13,91.45733718851552,53.125,1.0634117637065348,14.358974358974358,2.564102564102564,37.953251670226265
2023-07-14,1169.2,1169.84,1156.28,1168.4,940146669,220,192,89,2023-07-14,92.75359579427504,61.71875,1.0148503051225377,11.794871794871794,2.564102564102564,38.840756774789845
2023-07-17,1171.75,1174.89,1168.77,1173.13,823237013,260,171,66,2023-07-17,93.85606925013504,70.3125,1.013661200283098,9.743589743589745,3.076923076923077,39.899447716141346
2023-07-18,1173.23,1175.7,1170.04,1174.09,729194875,188,272,59,2023-07-18,94.73444058560747,75.78125,0.963977709359048,9.743589743589745,2.564102564102564,40.91992830341857
2023-07-19,1177.5,1178.55,1172.98,1172.98,776854252,185,276,67,2023-07-19,94.43507388048474,71.875,0.8980721383206443,9.743589743589745,1.5384615384615383,42.00191381777167
2023-07-20,1171.83,1174.39,1166.62,1172.81,713194602,252,201,73,2023-07-20,94.38587975363376,67.96875,0.8526496849620312,10.256410256410255,1.0256410256410255,42.005181192322055
2023-07-21,1173.21,1185.9,1172.07,1185.9,872012954,348,120,53,2023-07-21,95.30962474864202,71.09375,0.9505741662706272,8.205128205128204,1.0256410256410255,42.62497340508883
2023-07-24,1190.74,1193.22,1183.39,1190.72,960584502,301,154,71,2023-07-24,96.06349525212453,72.65625,0.9391077920113704,7.6923076923076925,0.5128205128205128,43.52668280314612
2023-07-25,1194.45,1199.27,1193.34,1195.9,884463624,207,250,72,2023-07-25,96.6836290175266,64.0625,0.9303421013990032,7.6923076923076925,0.5128205128205128,44.60737433604044
2023-07-26,1195.5,1200.84,1195.44,1200.84,816580555,213,246,64,2023-07-26,97.1232736896952,63.28125,0.9184558649779452,8.205128205128204,0.5128205128205128,45.67240435101535
2023-07-27,1201.69,1203.69,1191.08,1197.33,1044856216,193,262,72,2023-07-27,96.35405755165024,60.15625,0.845897895708066,9.230769230769232,0.5128205128205128,45.99299942439416
2023-07-28,1197.32,1207.67,1195.86,1207.67,1018968754,278,184,61,2023-07-28,96.79007983103868,61.71875,0.9026367824301804,7.6923076923076925,0.5128205128205128,46.48478656820505
2023-07-31,1219.66,1224.81,1212.81,1222.9,1076364086,304,172,45,2023-07-31,97.22872042890047,67.96875,0.9811104645145488,7.179487179487179,0.5128205128205128,47.62075865308316
2023-08-01,1230.32,1234.5,1217.56,1217.56,1156851607,156,310,58,2023-08-01,96.12911033065625,71.875,0.887883293978529,8.762886597938143,1.0309278350515465,48.96958038535654
2023-08-02,1217.17,1223.04,1213.18,1220.43,813384734,237,226,54,2023-08-02,96.15428400909894,75.0,0.8740429535411431,8.762886597938143,1.0309278350515465,49.62056200637706
2023-08-03,1219.73,1222.35,1209.06,1210.95,935942395,154,311,62,2023-08-03,93.98016548259028,69.53125,0.7706469395543917,11.855670103092782,1.0309278350515465,49.67474132966869
2023-08-04,1216.27,1228.12,1214.17,1225.98,1051204937,343,127,54,2023-08-04,94.7035108022182,70.3125,0.8858701849517043,11.855670103092782,1.0309278350515465,49.96773463504272
2023-08-07,1233.1,1241.42,1230.38,1241.42,1069565143,342,129,66,2023-08-07,95.46137421523473,77.34375,0.976793117473941,11.34020618556701,1.5463917525773196,50.71944987592605
2023-08-08,1244.35,1246.22,1239.01,1242.23,1055127603,242,238,56,2023-08-08,96.07356054679217,71.875,0.9336773530639422,10.76923076923077,1.5384615384615383,51.568295278295494
2023-08-09,1240.68,1241.96,1231.28,1233.99,963201423,215,276,43,2023-08-09,94.44514154961044,65.625,0.8264499980190073,10.256410256410255,1.0256410256410255,51.371277685904154
2023-08-10,1236.51,1238.19,1220.61,1220.61,932188428,167,310,47,2023-08-10,91.7263861152354,57.03125,0.6742177780195647,12.82051282051282,1.0256410256410255,49.998092328794506
2023-08-11,1228.92,1232.21,1213.37,1232.21,938402362,232,226,67,2023-08-11,91.94293402671532,53.125,0.7693442591150131,15.897435897435896,1.5384615384615383,48.009054001189675
2023-08-14,1237.14,1239.61,1229.04,1236.84,993030302,315,159,58,2023-08-14,92.03257048033451,48.4375,0.7912329059686269,16.923076923076923,2.051282051282051,46.58945697301892
2023-08-15,1239.42,1239.42,1230.58,1234.05,811761959,232,221,78,2023-08-15,91.37289095129432,28.90625,0.7392370646260903,16.923076923076923,1.5384615384615383,45.27125973257464
2023-08-16,1239.95,1243.48,1235.27,1243.26,816831815,217,243,69,2023-08-16,92.14624323158242,24.21875,0.8219743231293773,15.897435897435896,2.051282051282051,44.2865501644324
2023-08-17,1242.58,1243.98,1233.48,1233.48,1011505421,150,320,56,2023-08-17,89.76494172788372,22.65625,0.6895086769211568,20.51282051282051,2.051282051282051,43.16877320213822
2023-08-18,1227.02,1228.98,1177.74,1177.99,1583522435,25,486,18,2023-08-18,75.70398328211407,71.875,-0.0437168460816109,46.15384615384615,4.102564102564102,41.90550671293059
2023-08-21,1177.01,1188.16,1164.63,1179.76,961714839,200,276,49,2023-08-21,75.81462155712454,94.53125,0.0124332543305915,54.87179487179488,6.153846153846154,41.245058433838594
2023-08-22,1183.92,1184.43,1149.13,1180.49,933784657,220,250,51,2023-08-22,75.86343955642299,100.0,0.057487101285318,54.35897435897436,8.205128205128204,41.15716153298785
2023-08-23,1192.96,1193.79,1168.89,1172.56,620730150,176,281,71,2023-08-23,62.66974930716512,100.0,0.0264204822454022,59.48717948717949,10.256410256410255,40.412270036685335
2023-08-24,1175.2,1189.99,1171.33,1189.39,737567928,400,107,50,2023-08-24,64.26306011403224,100.0,0.2167326502090959,54.87179487179488,8.205128205128204,39.720585075833
2023-08-25,1188.99,1192.59,1181.6,1183.37,774848913,173,331,70,2023-08-25,63.2235810537667,98.4375,0.1802850641168417,54.35897435897436,7.179487179487179,38.88297310257264
2023-08-28,1189.43,1202.02,1189.43,1201.72,713247349,419,90,62,2023-08-28,65.07787778012255,97.65625,0.3771128182323633,51.7948717948718,7.179487179487179,37.41461972715456
2023-08-29,1204.75,1208.78,1197.57,1204.43,848040448,281,203,88,2023-08-29,65.35569524844058,96.875,0.4112956388653295,49.743589743589745,5.641025641025641,35.58545076794051
2023-08-30,1206.1,1213.52,1203.51,1213.16,799265566,320,167,75,2023-08-30,66.28615343971684,96.09375,0.5026739158987545,47.69230769230769,5.128205128205128,33.567928039154175
2023-08-31,1216.0,1224.84,1214.39,1224.05,852855777,376,125,59,2023-08-31,67.4601814526984,95.3125,0.6052505094133089,41.02564102564102,3.5897435897435894,31.36022308707225
2023-09-05,1231.43,1236.21,1228.7,1234.98,926699196,366,141,54,2023-09-05,68.64054457236665,95.3125,0.7076705024041244,34.35897435897436,2.051282051282051,29.94672849830936
2023-09-06,1237.07,1245.5,1229.89,1245.5,1009683101,356,145,70,2023-09-06,75.12524120003458,95.3125,0.8067641385612461,30.76923076923077,1.5384615384615383,29.105072927781265
2023-09-07,1248.91,1255.11,1240.82,1243.14,1034363991,223,268,83,2023-09-07,74.58781361350921,96.09375,0.7825942529602665,25.128205128205128,1.5384615384615383,28.771768422874395
2023-09-08,1242.28,1248.1,1240.15,1241.48,920806719,254,252,61,2023-09-08,74.18580472421603,96.09375,0.759076667560765,23.076923076923077,1.0256410256410255,28.411390386360708
2023-09-11,1250.48,1251.37,1223.33,1223.63,1242292544,85,446,39,2023-09-11,69.82758031930862,93.75,0.5852767361440863,25.128205128205128,1.5384615384615383,26.89233324025052
2023-09-12,1227.16,1245.44,1220.85,1245.44,832491088,407,116,46,2023-09-12,71.9926085617436,92.1875,0.7821021769904569,19.48717948717949,0.5128205128205128,25.322310239774104
2023-09-13,1248.94,1250.61,1232.84,1238.39,1126481442,192,331,50,2023-09-13,70.2381440486478,88.28125,0.7145409531374993,20.51282051282051,1.0256410256410255,24.167962259149338
2023-09-14,1238.19,1244.21,1223.03,1223.81,1110222861,99,409,58,2023-09-14,66.62214442723334,81.25,0.5834782489436234,21.53846153846154,1.5384615384615383,22.44360330439473
2023-09-15,1228.87,1233.87,1220.27,1227.36,822519558,253,247,67,2023-09-15,67.06672025379254,58.59375,0.6278807779580523,23.076923076923077,1.5384615384615383,21.015231794605405
2023-09-18,1225.6,1226.56,1203.88,1211.81,716585507,122,399,44,2023-09-18,63.101959525886585,53.125,0.4870323243506552,25.128205128205128,2.564102564102564,20.640319870832283
2023-09-19,1215.96,1219.57,1199.85,1211.5,831441539,255,244,66,2023-09-19,63.02197280516458,45.3125,0.4655497117457848,27.17948717948718,2.051282051282051,20.50213251267554
2023-09-20,1212.7,1226.11,1209.46,1226.11,722191241,419,91,63,2023-09-20,65.25715839129671,35.15625,0.5996210328440065,25.128205128205128,1.0256410256410255,19.88646511673817
2023-09-21,1226.79,1227.88,1211.65,1212.74,863512780,150,370,48,2023-09-21,61.58827614066387,46.09375,0.428390708252671,23.589743589743588,1.0256410256410255,19.183100526578688
2023-09-22,1197.49,1199.13,1174.57,1193.05,1236490782,70,455,47,2023-09-22,49.76740727138515,60.9375,0.1474268812888966,32.30769230769231,1.5384615384615383,20.271276249126892
2023-09-25,1190.58,1195.62,1153.2,1153.2,936520475,45,495,24,2023-09-25,36.493298709811256,90.625,-0.1967464524125141,54.35897435897436,6.153846153846154,21.956167518776937
2023-09-26,1150.94,1163.52,1137.96,1137.96,897032340,180,317,62,2023-09-26,27.34644290476514,100.0,-0.1834716206034804,62.05128205128205,11.794871794871794,23.9199636014528
2023-09-27,1139.76,1153.85,1126.36,1153.85,719877728,308,191,69,2023-09-27,30.13450457963877,100.0,0.028494858744805,61.53846153846154,9.743589743589745,26.01593923309976
2023-09-28,1153.74,1155.39,1136.99,1152.43,603271137,211,282,59,2023-09-28,30.023623427652065,100.0,0.0754522596564627,63.07692307692307,10.76923076923077,27.845363453800793
2023-09-29,1157.76,1163.88,1152.45,1154.15,490698501,277,212,61,2023-09-29,30.35788803297769,99.21875,0.1334335604920302,63.589743589743584,10.76923076923077,28.898732758467073
2023-10-02,1155.07,1161.48,1149.63,1155.25,432841811,280,201,69,2023-10-02,30.586255029022173,98.4375,0.1784562101344649,62.05128205128205,8.717948717948717,29.962441394844937
2023-10-03,1145.85,1146.59,1117.28,1118.1,879751841,37,481,34,2023-10-03,22.64367616452711,100.0,0.0211009411856336,69.74358974358974,12.307692307692308,31.773168544930428
2023-10-04,1106.61,1133.79,1106.4,1128.67,609105878,339,146,58,2023-10-04,24.68135714083497,99.21875,0.1296891943883316,68.2051282051282,14.871794871794872,33.67516113370972
2023-10-05,1131.29,1133.12,1113.89,1113.89,512428619,103,386,56,2023-10-05,18.96850047035602,100.0,0.0971785970919731,71.28205128205128,17.435897435897434,35.44129710900478
2023-10-06,1115.23,1129.13,1107.4,1128.54,539729169,372,118,67,2023-10-06,21.522276077117112,96.09375,0.2088802731001795,69.74358974358974,14.871794871794872,37.216865186598184
2023-10-09,1130.25,1137.36,1127.03,1137.36,512236036,352,145,60,2023-10-09,23.093746308639716,92.96875,0.2813940827538593,67.6923076923077,13.333333333333334,38.19395210636189
2023-10-10,1143.6,1150.34,1141.97,1143.69,593794892,354,140,68,2023-10-10,24.265864059061904,79.6875,0.3360863016920806,66.66666666666666,12.307692307692308,38.124674579009536
2023-10-11,1146.2,1150.81,1138.22,1150.81,466190895,265,213,74,2023-10-11,25.63869654472102,53.90625,0.3976777599852101,65.12820512820512,11.282051282051285,38.18328385247108
2023-10-12,1155.12,1156.73,1148.11,1151.61,573657380,242,226,82,2023-10-12,25.801444671586474,52.34375,0.4214030083439851,62.56410256410256,10.76923076923077,37.795701545488086
2023-10-13,1145.03,1155.1,1138.99,1154.73,550270198,192,274,82,2023-10-13,26.477278412931256,53.90625,0.4643994950996685,60.51282051282051,11.282051282051285,37.76627150396501
2023-10-16,1152.69,1157.46,1140.64,1141.42,579368110,114,393,43,2023-10-16,25.41381528986743,51.5625,0.3832876563840022,60.51282051282051,11.794871794871794,37.55432664788248
2023-10-17,1145.34,1147.89,1121.65,1121.65,526675209,107,378,70,2023-10-17,23.879589606710137,53.90625,0.2439803162447189,67.17948717948717,13.333333333333334,38.010347396573856
2023-10-18,1123.73,1125.27,1088.87,1103.4,869615115,53,465,32,2023-10-18,20.40103821696923,64.84375,0.0843975922949661,73.33333333333333,18.974358974358974,39.26155837944777
2023-10-19,1102.93,1103.65,1087.85,1087.85,565321311,141,364,45,2023-10-19,16.945459873638697,78.125,-0.0565189932010488,78.97435897435898,27.17948717948718,40.445250280692726
2023-10-20,1085.83,1108.16,1073.73,1108.03,551429250,389,122,45,2023-10-20,21.24660135049674,80.46875,0.168329956545135,76.92307692307693,17.435897435897434,41.837842442869466
2023-10-23,1106.56,1106.8,1086.54,1093.53,454989854,91,398,64,2023-10-23,20.42799045614797,80.46875,0.0584806736983789,79.48717948717949,18.461538461538463,43.130963736319295
2023-10-24,1095.42,1107.3,1088.17,1105.9,402534037,355,142,68,2023-10-24,23.148357986756007,85.15625,0.2282322497741518,79.48717948717949,15.384615384615383,44.28824335843875
2023-10-25,1106.41,1111.39,1100.64,1101.66,439725814,190,274,94,2023-10-25,22.859873857014595,86.71875,0.2118905588323812,78.97435897435898,16.923076923076923,44.99370420364345
2023-10-26,1082.8,1083.22,1049.71,1055.45,1039942289,24,505,31,2023-10-26,17.39378747133405,93.75,-0.1251511715353059,88.2051282051282,30.256410256410255,46.64119227381656
2023-10-27,1059.41,1061.87,1037.46,1060.62,578821510,309,165,66,2023-10-27,18.486846993011692,95.3125,0.0081053025860419,88.2051282051282,26.153846153846157,48.337102263738615
2023-10-30,1054.03,1060.39,1042.4,1042.4,415365664,111,393,56,2023-10-30,14.116253234339432,100.0,-0.040768351656939,93.33333333333331,38.46153846153847,49.9118758258091
2023-10-31,1045.6,1046.17,1025.03,1028.19,648004448,66,448,52,2023-10-31,10.969958892821133,100.0,-0.0330367845682661,94.35897435897436,55.8974358974359,51.600350695295646
2023-11-01,1029.0,1039.66,1020.01,1039.66,539972091,319,177,71,2023-11-01,12.865743999081287,99.21875,0.101161411641615,94.35897435897436,45.12820512820513,53.22906526779924
2023-11-02,1048.62,1075.47,1045.14,1075.47,667009654,516,32,26,2023-11-02,18.687267753954025,90.625,0.3384116234308819,92.3076923076923,30.76923076923077,52.27065356150595
2023-11-03,1081.35,1082.23,1071.11,1076.78,649923945,253,280,63,2023-11-03,18.90072768365709,88.28125,0.3619752481350132,90.25641025641026,28.205128205128204,50.99363376793112
2023-11-06,1082.21,1089.66,1081.01,1089.66,508936305,367,176,74,2023-11-06,21.094022257102456,87.5,0.4556618305143954,87.6923076923077,24.102564102564106,49.386750728232506
2023-11-07,1086.68,1089.89,1079.42,1080.29,480141780,138,378,83,2023-11-07,20.65635692490972,86.71875,0.4129435940125724,87.17948717948718,23.076923076923077,47.945758622093
2023-11-08,1079.14,1113.43,1075.8,1113.43,800215243,495,65,45,2023-11-08,34.05993251893895,87.5,0.6530199246736703,80.51282051282051,8.205128205128204,45.33765112665886
2023-11-09,1116.42,1124.78,1112.13,1113.89,928460378,342,202,76,2023-11-09,44.25592106582186,88.28125,0.6818069508042813,74.87179487179488,6.666666666666667,42.385044177067115
2023-11-10,1105.75,1116.02,1101.23,1101.68,877008662,148,417,49,2023-11-10,43.23029816842515,87.5,0.6230333567140822,72.82051282051282,7.179487179487179,40.08575302498796
2023-11-13,1103.66,1107.91,1093.19,1100.07,663473944,188,321,95,2023-11-13,43.08849935754746,86.71875,0.6393540785376706,70.25641025641025,5.641025641025641,38.26342901984923
2023-11-14,1109.08,1115.6,1101.67,1109.73,703358836,365,171,91,2023-11-14,44.26966803487987,89.84375,0.7405424908931959,63.589743589743584,4.102564102564102,36.179952328293815
2023-11-15,1124.56,1132.75,1118.74,1122.5,800661750,414,122,87,2023-11-15,54.25232623974332,90.625,0.8391429299268343,55.38461538461539,2.051282051282051,33.74875853838068
2023-11-16,1119.98,1125.53,1114.97,1125.53,555157978,218,280,100,2023-11-16,61.84834799823626,89.0625,0.8321454530616552,41.53846153846154,1.0256410256410255,31.35873034893551
2023-11-17,1128.14,1129.84,1096.16,1101.19,1066006039,118,437,58,2023-11-17,59.201296923966,74.21875,0.6250193799980197,41.02564102564102,1.0256410256410255,29.94713196776313
2023-11-20,1085.4,1111.26,1085.32,1103.66,688468182,203,314,98,2023-11-20,59.39123631777317,48.4375,0.6411259279915007,38.46153846153847,1.5384615384615383,29.051572089979608
2023-11-21,1112.61,1112.77,1103.79,1110.46,552332579,333,173,92,2023-11-21,59.94411728458489,36.71875,0.6969515856207823,35.38461538461539,1.5384615384615383,28.138064620254205
2023-11-22,1111.35,1115.47,1103.26,1113.82,755210854,263,220,93,2023-11-22,60.23222718925119,27.34375,0.7174225073612134,32.82051282051282,1.5384615384615383,27.136492443638332
2023-11-23,1117.71,1118.54,1088.49,1088.49,899564966,109,397,79,2023-11-23,56.9090477192474,27.34375,0.4878010475153228,35.38461538461539,2.051282051282051,26.80821800209749
2023-11-24,1090.97,1095.61,1073.31,1095.61,821052812,146,381,77,2023-11-24,57.61690712477852,20.3125,0.5361272578379368,35.8974358974359,1.5384615384615383,27.04526214188384
2023-11-27,1095.59,1096.84,1085.69,1088.06,462595978,165,351,85,2023-11-27,56.55596672605925,23.4375,0.4416502462705771,38.46153846153847,2.051282051282051,27.186613646822448
2023-11-28,1088.6,1095.43,1076.45,1095.43,548105206,290,210,100,2023-11-28,57.380959105432666,23.4375,0.476665124923521,36.92307692307693,1.5384615384615383,27.64311309007012
2023-11-29,1097.28,1105.28,1096.33,1102.8,514743500,383,122,97,2023-11-29,58.23507381392311,22.65625,0.5414005783260744,35.38461538461539,2.051282051282051,27.412491129936456
2023-11-30,1101.75,1107.45,1094.13,1094.13,606826839,138,362,89,2023-11-30,56.79314201988372,23.4375,0.3628208718016903,37.94871794871795,2.564102564102564,27.28597931907232
2023-12-01,1099.18,1102.2,1090.08,1102.16,518711253,254,227,101,2023-12-01,57.83449631205467,22.65625,0.4900861892318054,36.92307692307693,1.0256410256410255,27.334097148650844
2023-12-04,1107.74,1123.96,1106.62,1120.49,984773992,487,59,56,2023-12-04,60.19300163138752,19.53125,0.83809459996834,32.30769230769231,1.0256410256410255,25.98194555626953
2023-12-05,1122.28,1124.11,1113.55,1115.97,707845758,141,356,96,2023-12-05,59.311987853026245,15.625,0.7289697842885657,29.743589743589745,1.0256410256410255,24.717601341102593
2023-12-06,1118.06,1126.43,1116.03,1126.43,738707669,359,122,92,2023-12-06,64.11377127941968,26.5625,0.921522577668426,25.128205128205128,0.5128205128205128,23.40027973883204
2023-12-07,1128.67,1129.83,1109.51,1121.49,1221764657,205,289,95,2023-12-07,63.0815839616148,31.25,0.799122787411975,25.128205128205128,1.5384615384615383,22.532489673633258
2023-12-08,1122.09,1127.46,1119.43,1124.44,689966264,283,221,91,2023-12-08,63.45990165875571,35.9375,0.8223348360354651,25.64102564102564,1.5384615384615383,21.72668461309152
2023-12-11,1127.92,1129.15,1120.32,1125.5,570094573,215,302,76,2023-12-11,63.60422385052314,39.84375,0.8079633799071441,24.102564102564106,1.5384615384615383,20.853599783237083
2023-12-12,1127.55,1129.77,1123.35,1127.63,498413736,248,222,106,2023-12-12,68.5914212363657,38.28125,0.8165190279362923,21.53846153846154,1.0256410256410255,19.994631193551292
2023-12-13,1129.94,1131.21,1112.08,1114.2,714276741,89,448,70,2023-12-13,65.31992880054602,32.8125,0.5805196158094993,25.64102564102564,2.564102564102564,19.89865285322933
2023-12-14,1119.62,1120.36,1107.86,1110.13,559832758,138,384,85,2023-12-14,64.3187383113975,23.4375,0.5198482035867213,26.666666666666668,2.564102564102564,20.051469124098524
2023-12-15,1109.51,1112.79,1102.3,1102.3,641927289,162,338,87,2023-12-15,62.33911004257643,18.75,0.3668822540962347,28.717948717948715,2.564102564102564,20.504008099319567
2023-12-18,1103.43,1103.74,1091.45,1091.88,485967620,112,415,68,2023-12-18,54.14497273548459,28.90625,0.1887555335729658,36.92307692307693,2.564102564102564,21.475949077106296
2023-12-19,1091.26,1096.3,1082.29,1096.3,513256942,256,231,95,2023-12-19,54.93369749298046,25.78125,0.2885782055430929,34.87179487179487,4.102564102564102,22.78834751725764
2023-12-20,1098.1,1102.27,1093.38,1100.76,433798180,318,151,121,2023-12-20,55.76058263553277,26.5625,0.3821727648165037,33.33333333333333,3.076923076923077,23.431558237842488
2023-12-21,1096.22,1102.43,1094.47,1102.43,411137272,214,246,113,2023-12-21,56.08549597286348,28.90625,0.3948391598339726,30.76923076923077,3.5897435897435894,24.01319943780421
2023-12-22,1103.08,1104.65,1099.32,1103.06,457342945,197,284,88,2023-12-22,56.216137417479246,29.6875,0.3976894021081222,32.30769230769231,3.5897435897435894,24.325836977366738
2023-12-25,1104.27,1118.31,1104.27,1117.66,513367086,409,78,92,2023-12-25,59.24221822653245,21.875,0.6648950644110682,27.692307692307693,3.076923076923077,23.34865375317216
2023-12-26,1120.11,1123.11,1117.93,1122.25,526323287,265,216,102,2023-12-26,60.17413301018448,22.65625,0.7364344838762317,26.666666666666668,3.076923076923077,22.04846112483024
2023-12-27,1123.28,1126.47,1121.99,1121.99,526146731,219,250,111,2023-12-27,60.09031921266634,18.75,0.709338174245291,27.692307692307693,2.564102564102564,20.569902757569245
2023-12-28,1122.77,1130.58,1120.5,1128.93,558386951,312,163,113,2023-12-28,67.11868561632895,23.4375,0.82494125431344,26.153846153846157,2.564102564102564,19.333050159772757
2023-12-29,1131.75,1135.05,1129.93,1129.93,569745860,295,190,97,2023-12-29,72.4790126087671,28.125,0.8114311582481579,25.128205128205128,3.076923076923077,18.533551647212832
2024-01-02,1136.39,1139.71,1128.69,1131.72,723494585,197,299,77,2024-01-02,76.75237777569527,33.59375,0.823188322470152,25.64102564102564,2.051282051282051,18.14323786797391
2024-01-03,1130.53,1144.17,1128.32,1144.17,614573860,395,106,71,2024-01-03,80.936407299334,48.4375,0.9860260168073028,18.974358974358974,1.5384615384615383,18.106221526322948
2024-01-04,1145.49,1160.08,1144.32,1150.72,1071028753,299,203,84,2024-01-04,84.34972607471391,60.9375,1.015332178548514,17.94871794871795,1.5384615384615383,19.05794568515422
2024-01-05,1152.37,1155.84,1149.08,1154.68,699280159,221,267,95,2024-01-05,87.0208294764371,60.9375,0.9902124261995118,17.94871794871795,1.5384615384615383,19.941689546926117
2024-01-08,1159.42,1162.56,1155.48,1160.19,753445865,273,234,79,2024-01-08,89.06550903377482,60.9375,0.9840603771628172,16.923076923076923,1.5384615384615383,21.133894278502396
2024-01-09,1161.71,1162.83,1155.46,1158.59,740754627,157,340,70,2024-01-09,88.6887025250568,60.15625,0.9091961444471032,16.923076923076923,1.0256410256410255,22.255751317201955
2024-01-10,1158.79,1166.1,1155.94,1161.54,865218394,195,309,69,2024-01-10,90.31831856341223,57.03125,0.8939882312193652,18.974358974358974,2.051282051282051,23.482123868497386
2024-01-11,1162.49,1169.1,1157.43,1162.22,721808488,250,221,115,2024-01-11,91.61964738391056,45.3125,0.8558828324695413,20.51282051282051,2.051282051282051,24.789064232547844
2024-01-12,1159.25,1161.91,1146.75,1154.7,972347634,132,380,60,2024-01-12,89.96433115208805,39.0625,0.7520566975179944,31.28205128205128,1.5384615384615383,24.689336642164204
2024-01-15,1159.37,1163.75,1154.12,1154.12,513403043,181,311,78,2024-01-15,89.82952605844793,27.34375,0.7228515777249087,39.69072164948454,2.061855670103093,24.725299793541343
2024-01-16,1150.31,1163.12,1147.71,1163.12,520993518,318,163,102,2024-01-16,90.8738580147549,16.40625,0.7911567826843485,36.597938144329895,2.5773195876288657,24.03429537595319
2024-01-17,1161.95,1168.46,1160.45,1162.53,637645718,233,241,109,2024-01-17,90.7299364181834,5.46875,0.7635623791714318,35.051546391752574,1.5463917525773196,23.803755031543655
2024-01-18,1164.32,1169.73,1162.62,1169.06,523948655,289,167,124,2024-01-18,91.67198055723036,1.5625,0.8131982157747164,34.02061855670103,1.5463917525773196,23.686167164066244
2024-01-19,1171.5,1181.5,1171.47,1181.5,578206561,306,186,94,2024-01-19,92.6897522394357,0.78125,0.9248311385730236,33.50515463917525,2.061855670103093,24.385836856053825
2024-01-22,1186.29,1186.96,1175.54,1182.86,695005662,246,223,119,2024-01-22,93.36813220517274,3.90625,0.9170831049428336,32.98969072164948,2.061855670103093,25.357437398258575
2024-01-23,1183.96,1184.74,1173.78,1177.5,546232894,164,313,99,2024-01-23,92.0931069545944,4.6875,0.8215826899123364,32.47422680412371,2.061855670103093,26.0331529085024
2024-01-24,1175.58,1180.3,1172.0,1172.97,585110178,167,297,103,2024-01-24,90.96252842427442,1.5625,0.7403874383120778,32.47422680412371,2.061855670103093,26.425477397694173
2024-01-25,1173.58,1173.83,1168.5,1170.37,432026831,140,301,117,2024-01-25,90.27749315914872,1.5625,0.6869422553551666,32.98969072164948,2.5773195876288657,26.32792533480947
2024-01-26,1173.43,1176.76,1173.43,1175.67,450059721,253,193,129,2024-01-26,90.43561600234288,1.5625,0.7532421948179377,33.84615384615385,2.564102564102564,26.46451550720415
2024-01-29,1177.23,1180.46,1174.88,1175.69,499332696,187,283,106,2024-01-29,90.43624809896296,1.5625,0.7410871430319657,33.84615384615385,2.051282051282051,26.871038135622623
2024-01-30,1176.02,1179.92,1174.13,1179.65,522946236,266,174,112,2024-01-30,90.56914878743896,3.125,0.8157086865833347,28.717948717948715,2.564102564102564,27.137406061623533
2024-01-31,1181.62,1182.53,1163.13,1164.31,955418532,101,393,62,2024-01-31,85.60642453252785,0.78125,0.4424101435771164,34.87179487179487,3.076923076923077,25.922240539687188
2024-02-01,1162.78,1174.5,1162.45,1173.02,531547216,270,177,111,2024-02-01,86.07305511092838,0.78125,0.642720397327371,32.30769230769231,3.076923076923077,24.71262092881889
2024-02-02,1173.93,1178.27,1169.7,1172.55,734972309,199,267,89,2024-02-02,85.91120287935382,0.78125,0.6117164601159498,32.30769230769231,3.5897435897435894,23.967038474181077
2024-02-05,1174.22,1188.45,1173.54,1186.06,722125440,270,212,72,2024-02-05,87.20807222460428,0.78125,0.9297543985739304,35.8974358974359,3.5897435897435894,24.15959803520543
2024-02-06,1189.08,1190.92,1185.68,1188.48,526235527,244,212,107,2024-02-06,88.39025443074846,2.34375,0.9326782386106772,34.87179487179487,2.051282051282051,24.529009864988105
2024-02-07,1190.51,1199.52,1190.5,1198.53,614452225,356,110,81,2024-02-07,89.82411999480314,4.6875,1.0598631195899313,32.82051282051282,1.0256410256410255,25.478048051582263
2024-02-15,1203.08,1207.56,1198.81,1202.5,784034166,321,153,81,2024-02-15,91.1393603979206,15.625,1.0353005031212426,28.717948717948715,1.0256410256410255,26.838284314721832
2024-02-16,1204.9,1210.25,1204.29,1209.7,732603874,288,201,77,2024-02-16,92.39714203351627,39.84375,1.068705625416995,24.615384615384617,1.0256410256410255,28.24957618088632
2024-02-19,1213.24,1225.48,1212.58,1224.97,898027299,298,217,52,2024-02-19,93.68690378091466,56.25,1.1644179203135812,18.974358974358974,1.0256410256410255,30.268422720900876
2024-02-20,1227.75,1230.47,1222.66,1230.06,772746057,245,231,95,2024-02-20,94.73039482584376,60.15625,1.0941715468405393,16.41025641025641,0.0,32.33407829398862
2024-02-21,1231.78,1234.22,1222.92,1230.04,808511856,239,262,60,2024-02-21,94.72526584505349,64.84375,1.0035382463118432,16.923076923076923,0.0,34.39039100818105
2024-02-22,1229.85,1232.09,1226.15,1227.31,740122330,217,263,77,2024-02-22,93.97729956174872,64.84375,0.9114161821537992,14.871794871794872,0.0,36.299824242788304
2024-02-23,1230.3,1240.81,1211.55,1212.0,1225443829,98,414,45,2024-02-23,89.6996597678305,64.0625,0.7162457476776605,22.05128205128205,0.0,36.04363051682071
2024-02-26,1212.93,1225.21,1210.52,1224.17,761367297,270,214,73,2024-02-26,90.08596600870796,57.03125,0.8162957342215738,21.025641025641026,0.0,35.68042776183815
2024-02-27,1228.93,1237.6,1226.49,1237.46,830495936,380,98,86,2024-02-27,91.84312039388384,55.46875,0.9015533824034564,18.461538461538463,0.0,36.064187506572
2024-02-28,1241.77,1254.55,1236.32,1254.55,814346543,309,180,67,2024-02-28,93.42784629317384,53.90625,0.9875268850806728,16.41025641025641,0.0,37.166749109099584
2024-02-29,1259.59,1264.39,1247.7,1252.73,934494261,214,262,80,2024-02-29,92.99599268049872,53.90625,0.9142188970804498,18.556701030927837,0.0,38.53611134477512
2024-03-01,1256.72,1258.76,1247.87,1258.28,822115129,293,182,82,2024-03-01,94.11877753337806,53.125,0.907379322383162,15.544041450777202,0.0,39.80766199218811
2024-03-04,1264.07,1268.25,1256.54,1261.41,994011577,276,190,90,2024-03-04,94.91033262752096,53.125,0.8852663017793373,11.917098445595856,0.0,41.30141712157935
2024-03-05,1262.89,1269.98,1257.81,1269.98,841821123,258,212,80,2024-03-05,95.5954463539094,54.6875,0.9020452194035988,9.844559585492227,0.0,42.74269288139215
2024-03-06,1269.8,1277.51,1256.3,1262.73,921251926,130,356,67,2024-03-06,94.12940507749622,52.34375,0.8193775136313791,11.398963730569948,0.0,44.309548944477974
2024-03-07,1263.23,1269.88,1260.24,1268.46,871614163,253,219,85,2024-03-07,94.20504659616935,53.90625,0.8373962367950674,11.398963730569948,0.0,45.76448671734338
2024-03-08,1272.62,1274.3,1247.35,1247.35,1209088843,89,408,55,2024-03-08,89.62343765374922,51.5625,0.6407610269774356,18.556701030927837,1.0309278350515465,45.45045971655155
2024-03-11,1248.32,1254.01,1233.49,1235.49,851738710,106,392,57,2024-03-11,87.06159984064816,50.0,0.5069857890128258,28.350515463917525,1.5463917525773196,43.73681670191958
2024-03-12,1235.4,1248.33,1233.14,1245.0,737689011,260,200,95,2024-03-12,87.37327435335553,49.21875,0.5843569021005641,29.230769230769234,2.564102564102564,42.11247713349695
2024-03-13,1250.2,1270.51,1247.64,1270.51,826474776,433,64,61,2024-03-13,89.11121312603325,35.9375,0.8492888056214363,24.615384615384617,2.051282051282051,41.76994869202253
2024-03-14,1276.0,1276.41,1258.67,1264.26,963097533,193,292,69,2024-03-14,87.72225825890524,13.28125,0.7563835196060572,20.51282051282051,2.051282051282051,41.70205073828123
2024-03-15,1263.76,1271.63,1252.36,1263.78,956309030,217,249,86,2024-03-15,87.6093171684011,10.9375,0.7315847826322855,20.51282051282051,2.051282051282051,41.0308468899308
2024-03-18,1266.11,1269.9,1221.67,1243.56,1526779911,103,407,49,2024-03-18,82.77467584943258,13.28125,0.4366675459719611,26.666666666666668,2.564102564102564,38.13459167107386
2024-03-19,1246.54,1249.75,1238.92,1242.46,735805803,216,242,84,2024-03-19,82.50792497837337,17.1875,0.409504820131456,27.17948717948718,1.0256410256410255,35.44521182499243
2024-03-20,1243.79,1261.55,1235.46,1260.08,794727033,339,139,70,2024-03-20,83.42912050218794,17.96875,0.6516006032427477,24.102564102564106,1.0256410256410255,33.636465045482836
2024-03-21,1269.96,1276.42,1264.2,1276.42,1081588505,379,110,69,2024-03-21,85.35810328211926,22.65625,0.8601518390659376,19.48717948717949,0.5128205128205128,32.70277289719818
2024-03-22,1281.56,1291.27,1276.38,1281.8,1111112910,248,231,77,2024-03-22,87.17693439803661,39.84375,0.9337678340030175,20.0,0.5128205128205128,32.46598537465946
2024-03-25,1278.86,1286.84,1264.51,1267.86,1101070678,119,351,71,2024-03-25,83.80232299391807,40.625,0.685253733489309,23.076923076923077,1.5384615384615383,31.439583652918305
2024-03-26,1267.95,1282.5,1264.42,1282.21,813098800,342,139,61,2024-03-26,85.78797397532914,44.53125,0.9148305445290944,19.48717948717949,1.0256410256410255,30.480489726051832
2024-03-27,1286.34,1286.72,1276.95,1283.09,754700880,244,209,95,2024-03-27,87.47292971148735,49.21875,0.8797980692985515,17.435897435897434,0.5128205128205128,29.79316405354147
2024-03-28,1293.03,1293.9,1285.52,1290.18,823626900,254,209,80,2024-03-28,89.0755084912407,44.53125,0.9365854808896846,16.923076923076923,0.5128205128205128,29.492946273763792
2024-03-29,1292.7,1292.75,1282.44,1284.09,735188003,159,296,83,2024-03-29,87.72961665793147,41.40625,0.8027330250489908,18.974358974358974,0.5128205128205128,28.97303831155412
2024-04-01,1282.37,1286.8,1274.09,1281.52,840172566,144,327,77,2024-04-01,87.13130621036888,42.1875,0.7399218005168376,19.48717948717949,0.5128205128205128,27.85503195820018
2024-04-02,1276.38,1287.04,1268.48,1287.04,956070829,248,241,66,2024-04-02,87.33115794145985,45.3125,0.8000396694669301,19.48717948717949,0.5128205128205128,26.41202818502676
2024-04-03,1285.3,1288.99,1271.47,1271.47,947216586,130,368,52,2024-04-03,83.39694547713285,42.96875,0.5616386054839727,19.48717948717949,1.0256410256410255,25.19332679589926
2024-04-04,1271.87,1277.62,1265.12,1268.25,859418901,110,379,62,2024-04-04,82.568517001974,20.3125,0.5138370364983076,22.56410256410257,1.5384615384615383,23.58873480025575
2024-04-05,1258.58,1265.14,1253.56,1255.11,973835575,116,381,57,2024-04-05,79.11479971931547,10.9375,0.3077499313648783,31.28205128205128,2.564102564102564,22.48752526512462
2024-04-08,1255.37,1258.4,1246.87,1250.35,733082694,112,355,81,2024-04-08,77.84452791153836,18.75,0.2009898451900762,39.48717948717949,4.102564102564102,21.87184411227752
2024-04-09,1252.4,1262.82,1247.7,1262.82,596807326,332,137,71,2024-04-09,78.80464416700235,21.09375,0.3849622954512935,37.94871794871795,4.102564102564102,20.956340256983715
2024-04-10,1266.48,1268.72,1258.56,1258.56,586647926,177,275,85,2024-04-10,77.56797622165094,23.4375,0.3228542148074548,43.07692307692308,4.615384615384616,19.6600141741324
2024-04-11,1249.88,1262.03,1248.11,1258.2,592127537,150,308,84,2024-04-11,77.45735421430777,30.46875,0.3238538914042284,46.666666666666664,6.153846153846154,19.140108433880055
2024-04-12,1262.96,1278.39,1259.5,1276.6,650322212,317,143,85,2024-04-12,79.09811242873197,26.5625,0.6286805554633618,44.1025641025641,5.641025641025641,18.031809859691677
2024-04-15,1274.02,1281.81,1216.61,1216.61,1236066802,40,475,30,2024-04-15,60.22365665351981,71.09375,-0.2123188616776979,66.15384615384615,9.743589743589745,18.6076359884105
2024-04-16,1218.64,1222.45,1191.73,1215.68,1143433408,140,361,58,2024-04-16,47.78803065882569,81.25,-0.1121031356810974,69.23076923076923,17.435897435897434,19.944402816363283
2024-04-17,1221.47,1221.47,1193.01,1193.01,708176858,137,348,57,2024-04-17,37.31487857556734,87.5,-0.162418582540999,81.02564102564102,26.666666666666668,21.185686299462297
2024-04-19,1180.87,1190.96,1165.99,1174.85,951223870,90,405,54,2024-04-19,29.115883218091486,94.53125,-0.1348085009223756,87.17948717948718,37.43589743589744,23.05742718505093
2024-04-22,1183.77,1193.88,1181.13,1190.22,569603122,374,114,59,2024-04-22,31.341633699337784,95.3125,0.0552977355509749,87.17948717948718,31.794871794871792,24.602277327137138
2024-04-23,1190.56,1192.8,1169.61,1177.4,616867057,117,360,57,2024-04-23,30.481891397126255,97.65625,0.0435971829858847,88.71794871794872,35.8974358974359,26.322551174652993
2024-04-24,1186.47,1207.61,1185.13,1205.61,628027496,435,69,39,2024-04-24,34.72508387278367,96.09375,0.2502112793494792,87.17948717948718,27.692307692307693,26.953257337315147
2024-04-25,1206.25,1208.41,1200.21,1204.97,438347889,166,293,74,2024-04-25,34.67337649772986,95.3125,0.2703280670633831,86.15384615384616,26.153846153846157,27.488065836506347
2024-04-26,1199.83,1216.6,1198.73,1209.52,513292300,209,227,97,2024-04-26,35.409740120652316,92.1875,0.3194532236314149,84.61538461538461,24.102564102564106,27.45764046987855
2024-05-02,1212.13,1216.36,1206.28,1216.36,467466790,268,194,75,2024-05-02,36.56730323054739,85.9375,0.3820576991014331,81.53846153846153,20.0,27.42938834372417
2024-05-03,1222.54,1225.75,1218.33,1221.03,524649967,223,200,80,2024-05-03,37.39229739347616,82.03125,0.4312079079001673,79.48717948717949,19.48717948717949,26.785871227069443
2024-05-06,1226.89,1241.58,1224.22,1241.58,625588584,390,76,49,2024-05-06,41.02701315170074,80.46875,0.6009248903697343,72.82051282051282,10.76923076923077,25.258650190746778
2024-05-07,1245.5,1250.63,1240.09,1248.63,550898676,251,178,75,2024-05-07,42.265356704253755,77.34375,0.670004133686489,68.2051282051282,10.256410256410255,23.54558225722939
2024-05-08,1243.61,1251.62,1234.76,1250.46,770816040,204,233,68,2024-05-08,42.602278673538095,80.46875,0.6978507964441716,63.589743589743584,10.76923076923077,22.052191241293443
2024-05-09,1252.81,1256.8,1243.29,1248.64,591807969,201,241,67,2024-05-09,42.33765746409533,82.03125,0.6873318852482323,61.02564102564103,8.717948717948717,20.573596715182173
2024-05-10,1251.78,1252.5,1237.46,1244.7,556788658,165,261,75,2024-05-10,41.733313476428386,83.59375,0.6581171927610385,57.21649484536082,9.793814432989691,19.33324875003222
2024-05-13,1248.19,1249.2,1233.56,1240.18,593968870,203,233,72,2024-05-13,41.01008593435615,80.46875,0.6346088728765832,52.0618556701031,7.216494845360824,18.39857886539154
2024-05-14,1246.23,1252.52,1240.88,1243.28,476578584,226,201,79,2024-05-14,41.75559722982488,78.125,0.6725816178141576,51.546391752577314,6.185567010309279,17.31832673657375
2024-05-15,1248.61,1257.92,1248.02,1254.39,704936160,290,126,94,2024-05-15,56.46948853761471,64.0625,0.7753742677121953,47.42268041237113,2.5773195876288657,16.19201989063823
2024-05-16,1264.51,1271.66,1261.19,1268.78,754095204,300,129,80,2024-05-16,64.47887376747802,65.625,0.9190061164225132,40.20618556701031,0.5154639175257731,15.944262034427124
2024-05-17,1270.34,1274.27,1266.32,1273.11,788116698,234,176,96,2024-05-17,70.68232068912917,61.71875,0.901437036364726,30.927835051546392,0.5154639175257731,15.855653255823258
2024-05-20,1281.5,1285.19,1277.36,1277.58,900908384,264,174,69,2024-05-20,75.3187891031431,59.375,0.886257567768781,23.711340206185564,0.5154639175257731,16.338484424697228
2024-05-21,1277.85,1281.29,1267.29,1277.14,790140189,207,236,66,2024-05-21,75.23595130489272,57.03125,0.8433690177233778,20.61855670103093,0.5154639175257731,16.048121091974963
2024-05-22,1280.26,1283.06,1263.87,1266.91,933047509,173,291,50,2024-05-22,73.21962706529126,39.0625,0.7449194051965998,19.072164948453608,0.5154639175257731,15.538509409103806
2024-05-23,1265.6,1281.03,1262.29,1281.03,788341559,278,152,65,2024-05-23,75.98708454390857,46.875,0.8348537923397176,14.871794871794872,0.5128205128205128,14.95117037678462
2024-05-24,1276.68,1285.07,1250.28,1261.93,1179638521,93,364,43,2024-05-24,72.22870895929475,43.75,0.6542313121765839,17.435897435897434,0.0,14.182523830905556
2024-05-27,1263.46,1267.68,1257.27,1267.68,564137500,233,198,67,2024-05-27,72.66700423660185,40.625,0.6939188711211183,18.461538461538463,0.0,13.46878060973214
2024-05-28,1272.23,1281.73,1269.37,1281.73,710243600,342,87,69,2024-05-28,75.65676770758938,46.875,0.8272956275816332,15.897435897435896,0.0,13.15252610741205
2024-05-29,1284.74,1285.63,1271.6,1272.64,937265939,182,260,61,2024-05-29,73.75601942898273,28.90625,0.7067441307343987,14.358974358974358,0.5128205128205128,13.096482448817932
2024-05-30,1264.45,1269.07,1251.8,1266.32,903973666,156,277,70,2024-05-30,72.39420323583329,14.0625,0.6046275903119893,18.974358974358974,2.051282051282051,12.615114923336847
2024-05-31,1268.37,1271.07,1261.43,1261.72,578120347,198,222,71,2024-05-31,71.36141820850294,3.90625,0.5053726871883684,17.94871794871795,2.051282051282051,12.032869932818622
2024-06-03,1271.65,1284.48,1271.65,1280.0,881259000,367,96,44,2024-06-03,73.00929026132953,2.34375,0.8049492095605877,16.41025641025641,1.5384615384615383,11.704561683368569
2024-06-04,1285.51,1289.31,1281.98,1283.52,743646628,202,224,74,2024-06-04,74.86661542608996,4.6875,0.8314367338809433,15.897435897435896,1.5384615384615383,11.679490447626836
2024-06-05,1287.12,1293.93,1284.35,1284.35,769448301,189,236,81,2024-06-05,76.66197131766056,6.25,0.8116910970066517,15.897435897435896,0.5128205128205128,11.920692974156962
2024-06-06,1288.79,1292.02,1278.4,1283.56,751958815,200,224,80,2024-06-06,76.45664621953051,7.03125,0.7706209269995618,17.94871794871795,1.0256410256410255,11.694629425850676
2024-06-07,1289.05,1293.03,1283.13,1287.58,566497622,235,178,88,2024-06-07,78.48775807996458,8.59375,0.8175195222476704,17.435897435897434,0.5128205128205128,11.549309402712302
2024-06-10,1292.67,1297.39,1287.44,1290.67,742266776,243,193,64,2024-06-10,80.51442961340233,10.15625,0.8657696463643116,16.41025641025641,1.0256410256410255,11.69859746071338
2024-06-11,1295.03,1296.41,1279.47,1284.41,815619047,146,301,63,2024-06-11,78.7859785962282,10.9375,0.7316095372711499,18.974358974358974,1.5384615384615383,11.189544396995217
2024-06-12,1285.01,1301.35,1281.71,1300.19,731047219,313,124,64,2024-06-12,81.4250095890207,16.40625,1.0605851575698722,15.897435897435896,1.0256410256410255,11.061538471625653
2024-06-13,1305.69,1306.01,1297.6,1301.51,782445017,246,187,77,2024-06-13,83.68563268475046,21.875,0.998574577326806,15.384615384615383,1.0256410256410255,11.25888567329064
2024-06-14,1303.37,1305.02,1279.91,1279.91,964967623,89,366,52,2024-06-14,78.12703311297105,22.65625,0.5088013025445327,20.0,1.0256410256410255,10.820870484651316
2024-06-17,1282.08,1283.1,1272.54,1274.77,741570820,169,275,60,2024-06-17,76.81941913043778,21.875,0.3966687315306125,27.17948717948718,1.5384615384615383,10.885175227464044
2024-06-18,1279.39,1286.52,1278.38,1279.5,597659348,269,151,72,2024-06-18,77.1976359205292,12.5,0.5000785643746721,28.717948717948715,1.5384615384615383,10.676996804647423
2024-06-19,1283.0,1284.14,1270.66,1279.79,727821787,184,246,71,2024-06-19,77.22217454933173,5.46875,0.4918385352324722,29.230769230769234,3.076923076923077,10.97965654866594
2024-06-20,1281.82,1286.54,1273.54,1282.3,773355093,189,242,72,2024-06-20,77.4483828372147,5.46875,0.5487636006310345,33.84615384615385,6.153846153846154,11.058467505008732
2024-06-21,1285.07,1288.06,1279.44,1282.02,669695755,185,234,78,2024-06-21,77.35609174935246,6.25,0.5205981767360831,36.92307692307693,7.6923076923076925,10.999339386257349
2024-06-24,1281.19,1284.84,1252.66,1254.12,1040386525,74,378,50,2024-06-24,63.55246592166408,28.125,-0.0893555855821913,52.307692307692314,9.743589743589745,12.475095846535014
2024-06-25,1255.77,1260.07,1250.25,1256.56,520938884,238,161,81,2024-06-25,63.909556733568934,41.40625,0.0424662553402713,52.820512820512825,9.230769230769232,13.955819686642496
2024-06-26,1258.95,1262.67,1247.55,1261.24,555550983,190,216,76,2024-06-26,64.62544011441975,51.5625,0.1636593506144425,53.333333333333336,9.230769230769232,15.45748251460669
2024-06-27,1260.71,1262.49,1255.12,1259.09,446001676,175,214,93,2024-06-27,63.99739670499329,56.25,0.141787109467761,53.84615384615385,11.282051282051285,16.851883712002014
2024-06-28,1260.27,1262.61,1240.15,1245.32,635711241,79,355,61,2024-06-28,50.252311222171535,63.28125,-0.0395093929567843,62.05128205128205,13.846153846153848,18.824109057863325
2024-07-01,1246.33,1254.56,1240.07,1254.56,403842640,276,141,62,2024-07-01,52.07513084603621,60.9375,0.1559456671383404,63.589743589743584,11.794871794871794,20.658788360249872
2024-07-02,1258.87,1270.47,1257.93,1269.79,441202337,296,109,77,2024-07-02,55.00183108999672,34.375,0.4082357945653598,60.0,9.743589743589745,20.790571417221223
2024-07-03,1273.26,1278.14,1268.23,1276.85,469162184,242,161,80,2024-07-03,56.333080250862,34.375,0.526661986650791,55.8974358974359,9.230769230769232,20.271838478232613
2024-07-04,1278.87,1283.13,1274.58,1279.89,452214031,179,207,91,2024-07-04,56.92403346927947,36.71875,0.5787585199168727,54.87179487179488,9.230769230769232,19.394215384845573
2024-07-05,1281.21,1284.98,1276.93,1283.04,562932141,182,231,76,2024-07-05,63.520768093132304,39.0625,0.6345876645113983,53.333333333333336,8.717948717948717,18.431789567429
2024-07-08,1285.34,1287.14,1277.68,1283.56,620542471,243,214,48,2024-07-08,68.74625671155394,42.1875,0.6518971114746327,47.69230769230769,9.230769230769232,17.360474348485987
2024-07-09,1286.33,1294.15,1283.62,1293.71,715099055,295,155,63,2024-07-09,73.85085072586853,53.125,0.803551082787009,44.1025641025641,7.179487179487179,16.435480665894445
2024-07-10,1295.57,1297.96,1285.94,1285.94,634688932,151,299,65,2024-07-10,71.8223786636896,54.6875,0.7017724508198079,44.61538461538462,7.6923076923076925,15.866749787362377
2024-07-11,1291.14,1293.32,1283.8,1283.8,595188348,198,242,75,2024-07-11,71.241979279817,53.125,0.6973841999480441,45.12820512820513,5.641025641025641,15.144443340201322
2024-07-12,1284.57,1288.67,1277.16,1280.75,505651034,140,298,76,2024-07-12,70.36916805199672,46.09375,0.6390822781065938,44.61538461538462,6.153846153846154,14.235422535955085
2024-07-15,1284.14,1286.37,1276.27,1279.82,440329239,167,262,86,2024-07-15,70.0872058544832,44.53125,0.6162523290920848,44.1025641025641,6.153846153846154,13.468225719201676
2024-07-16,1282.83,1291.47,1279.37,1281.18,598892375,211,215,89,2024-07-16,70.27478052109815,38.28125,0.6395741072489892,45.64102564102564,7.179487179487179,12.727787275947817
2024-07-17,1286.07,1290.76,1256.42,1268.66,1092895884,109,369,33,2024-07-17,66.16163982384323,11.71875,0.4171101946121361,54.35897435897436,10.256410256410255,13.335060760959616
2024-07-18,1270.95,1274.67,1256.21,1274.44,612004645,285,158,62,2024-07-18,67.11846874641779,1.5625,0.5325040802769383,51.28205128205128,10.256410256410255,13.91201183485955
2024-07-19,1275.28,1279.94,1260.68,1264.78,682708976,126,324,49,2024-07-19,63.86802650008459,5.46875,0.3657565229809073,56.41025641025641,10.76923076923077,13.936051130648762
2024-07-22,1261.42,1267.43,1245.02,1254.64,777593563,96,350,53,2024-07-22,52.74267936644156,17.1875,0.1719576749658448,67.17948717948717,16.41025641025641,14.931220380239072
2024-07-23,1256.72,1258.74,1231.81,1231.81,616528413,83,373,41,2024-07-23,40.65858184133374,67.1875,-0.1225558090699652,76.41025641025641,26.153846153846157,16.50497101876975
2024-07-24,1225.5,1242.4,1218.65,1238.47,614914657,259,177,69,2024-07-24,42.19319618860993,71.875,0.0456789528459441,76.41025641025641,23.076923076923077,18.502835576445403
2024-07-25,1232.92,1235.67,1226.2,1233.19,382805489,131,294,75,2024-07-25,41.28172376576437,82.03125,0.0344022120411726,78.97435897435898,23.076923076923077,20.35799552285851
2024-07-26,1235.21,1242.11,1234.05,1242.11,383860021,284,129,80,2024-07-26,43.50221048442724,79.6875,0.1590833679652489,77.94871794871796,17.435897435897434,21.426954546828473
2024-07-29,1247.71,1249.68,1243.08,1246.6,422568067,244,168,94,2024-07-29,44.63711613086285,77.34375,0.2286971481990649,75.8974358974359,16.923076923076923,21.70201707374115
2024-07-30,1247.23,1248.73,1236.97,1245.06,566133540,154,267,75,2024-07-30,44.30836061714519,69.53125,0.2335000475712919,76.41025641025641,18.974358974358974,22.28094984920731
2024-07-31,1247.45,1255.77,1246.3,1251.51,626496505,206,224,68,2024-07-31,46.098957240409554,65.625,0.330703087106401,75.38461538461539,19.48717948717949,22.169943021569157
2024-08-01,1254.59,1257.85,1222.51,1226.96,792496617,45,423,38,2024-08-01,35.70610563363804,64.84375,0.0872974641599879,82.05128205128204,32.30769230769231,23.215834092842943
2024-08-02,1215.67,1236.6,1209.77,1236.6,611459171,267,160,72,2024-08-02,38.3665977164629,54.6875,0.2283675990843706,82.05128205128204,26.153846153846157,24.65985580959477
2024-08-05,1219.05,1220.99,1184.53,1188.07,871578892,24,448,25,2024-08-05,27.419079466777692,82.8125,-0.1399840740792521,88.71794871794872,39.48717948717949,26.73888182442673
2024-08-06,1197.52,1213.35,1186.74,1210.28,552603849,383,58,49,2024-08-06,32.73435772536138,78.125,0.1139890649648045,88.71794871794872,29.230769230769234,28.669405981056407
2024-08-07,1216.96,1217.79,1205.11,1215.88,461425878,228,182,80,2024-08-07,34.045862068373225,71.09375,0.1975176528742064,87.6923076923077,23.589743589743588,30.06739110406008
2024-08-08,1211.83,1219.97,1202.58,1208.32,579962780,161,257,62,2024-08-08,33.10739318335125,67.1875,0.1611413957857002,87.6923076923077,23.589743589743588,31.44527913916999
2024-08-09,1215.3,1225.02,1212.4,1223.64,502888457,329,86,65,2024-08-09,36.90303865441722,68.75,0.3265156990444363,85.64102564102564,19.48717948717949,32.25193097584129
2024-08-12,1225.95,1231.46,1221.16,1230.28,447955533,238,168,69,2024-08-12,38.53104957960368,64.0625,0.4113694293194589,82.56410256410255,16.923076923076923,32.416008370435456
2024-08-13,1229.81,1231.55,1223.01,1230.42,447926581,162,234,88,2024-08-13,38.56704066520231,63.28125,0.4336214535174065,83.07692307692308,16.923076923076923,32.56007451610525
2024-08-14,1233.7,1236.51,1228.93,1230.36,404202277,163,243,78,2024-08-14,38.55662118591918,60.9375,0.4522071451623122,81.53846153846153,16.923076923076923,32.226123867286354
2024-08-15,1230.58,1231.69,1222.28,1223.56,394681474,109,301,64,2024-08-15,37.32583784181794,57.03125,0.385671877191263,83.07692307692308,19.48717948717949,32.25449689289852
2024-08-16,1228.27,1253.24,1227.94,1252.23,859565834,413,41,39,2024-08-16,52.67576636522461,60.15625,0.8199173428532452,72.82051282051282,9.230769230769232,30.51374577873973
2024-08-19,1259.36,1263.84,1256.45,1261.62,560120742,267,152,68,2024-08-19,63.662641316791074,71.875,0.9405783774312984,64.61538461538461,7.6923076923076925,28.464025373301777
2024-08-20,1263.65,1275.95,1263.65,1272.55,724078305,264,136,80,2024-08-20,71.76968085665811,85.9375,1.0022605602106731,55.38461538461539,4.615384615384616,27.259337310256072
2024-08-21,1272.34,1284.05,1268.91,1284.05,670203726,241,174,70,2024-08-21,77.82332503520294,91.40625,1.0365355564771497,46.666666666666664,3.076923076923077,26.56346376217834
2024-08-22,1287.34,1288.42,1280.42,1282.78,551649974,171,228,87,2024-08-22,77.5862458099856,89.84375,0.9487596542890416,43.07692307692308,3.076923076923077,26.13789801511486
2024-08-23,1283.22,1287.43,1276.43,1285.32,595105295,172,212,99,2024-08-23,81.30488145511285,92.96875,0.9166022262986074,42.56410256410256,3.076923076923077,25.436823918129
2024-08-26,1289.65,1290.45,1278.72,1280.02,643948678,148,259,68,2024-08-26,80.3171314511278,91.40625,0.8346582602598127,43.07692307692308,3.076923076923077,24.953960004947017
2024-08-27,1279.55,1282.92,1274.7,1280.56,538503219,169,235,73,2024-08-27,80.34333395850972,87.5,0.8098146865964254,45.12820512820513,3.5897435897435894,24.177001568303304
2024-08-28,1283.41,1285.72,1276.9,1281.44,619986351,168,225,84,2024-08-28,80.38915072728938,85.15625,0.7933332394041219,45.12820512820513,3.5897435897435894,23.628945752375735
2024-08-29,1281.05,1288.2,1280.24,1281.47,530557167,174,214,92,2024-08-29,80.39082874717596,82.8125,0.7654677432684014,46.15384615384615,3.076923076923077,23.276547803969308
2024-08-30,1283.61,1286.84,1282.58,1283.87,473075527,202,180,101,2024-08-30,80.53432640377099,79.6875,0.758687310023505,44.61538461538462,3.076923076923077,22.949321137591912
2024-09-04,1271.39,1277.27,1268.43,1275.8,546685039,117,313,49,2024-09-04,78.45532411822288,57.8125,0.6796751731470115,45.12820512820513,3.5897435897435894,21.391031620463952
2024-09-05,1276.35,1282.21,1266.05,1268.21,537013671,118,285,75,2024-09-05,76.45620084724165,10.9375,0.596242061032654,47.69230769230769,4.102564102564102,20.3161907723336
2024-09-06,1268.22,1274.44,1262.94,1273.96,469737427,192,212,64,2024-09-06,76.93567873626,1.5625,0.6297442792986055,49.740932642487046,5.181347150259067,19.056100113794617
2024-09-09,1269.83,1269.92,1262.97,1267.73,399316190,104,282,85,2024-09-09,75.1499092967486,0.78125,0.5464288977885858,53.8860103626943,6.7357512953367875,17.886015930865558
2024-09-10,1269.83,1271.83,1252.22,1255.23,548188299,94,320,64,2024-09-10,67.05440787829549,10.15625,0.3823871861636425,59.58549222797927,10.362694300518134,17.3083452339849
2024-09-11,1254.25,1256.86,1244.79,1253.27,469969175,170,218,82,2024-09-11,59.67988693040069,16.40625,0.3338827729776293,63.212435233160626,15.025906735751295,17.30623010123129
2024-09-12,1258.42,1260.93,1255.87,1256.35,353322514,218,163,100,2024-09-12,60.1336408842455,22.65625,0.3428922797419935,63.730569948186535,15.544041450777202,16.913574620613556
2024-09-13,1253.48,1254.24,1248.78,1251.71,345075622,163,210,90,2024-09-13,53.10978340678362,25.78125,0.2358683647923153,66.32124352331607,15.025906735751295,17.055779476904007
2024-09-16,1251.0,1255.42,1239.26,1239.26,406084647,97,312,62,2024-09-16,45.51131639174363,42.1875,-0.0417739844119469,69.94818652849742,20.207253886010363,17.791497837092425
2024-09-17,1240.0,1258.95,1238.69,1258.95,418063385,312,88,70,2024-09-17,48.980937883159896,39.84375,0.3013041004212044,66.83937823834198,12.953367875647666,18.1112211730629
2024-09-18,1261.23,1271.77,1257.93,1264.9,542560781,231,148,87,2024-09-18,50.01669210134379,30.46875,0.407603884436052,63.589743589743584,11.794871794871794,17.2278605413837
2024-09-19,1268.08,1271.27,1264.82,1271.27,444118910,240,122,100,2024-09-19,51.1598555493464,26.5625,0.5272017715922807,64.1025641025641,9.230769230769232,16.40759709768158
2024-09-20,1277.73,1283.3,1272.04,1272.04,773588806,224,185,64,2024-09-20,51.30483456845933,18.75,0.5543406152902405,62.05128205128205,9.230769230769232,15.79376893655647
2024-09-23,1275.15,1276.99,1267.87,1268.48,416937911,137,261,69,2024-09-23,50.55759717168594,16.40625,0.4997625815735929,62.56410256410256,8.717948717948717,14.87202881404982
2024-09-24,1268.25,1276.99,1266.68,1276.99,450952923,256,119,95,2024-09-24,57.60510214513377,21.09375,0.68295687653234,57.43589743589743,7.6923076923076925,13.914390116336785
2024-09-25,1282.48,1288.44,1280.47,1287.48,841960747,276,127,71,2024-09-25,64.5581777227837,28.90625,0.875506923802102,51.28205128205128,5.128205128205128,13.908086980213918
2024-09-26,1290.03,1298.71,1289.15,1291.49,828772734,209,177,87,2024-09-26,70.24974146619743,47.65625,0.9186461368015216,45.12820512820513,5.641025641025641,14.567490419023567
2024-09-27,1295.03,1300.31,1287.21,1290.92,811528634,148,228,95,2024-09-27,70.11740458173931,57.8125,0.8817288609529311,43.58974358974359,5.641025641025641,14.990566871497062
2024-09-30,1290.17,1292.03,1283.92,1287.94,636582014,153,241,70,2024-09-30,69.38152607964315,58.59375,0.8148565496426589,44.61538461538462,7.179487179487179,15.058052401852782
2024-10-01,1290.68,1302.22,1290.68,1292.2,833023683,270,125,76,2024-10-01,74.5012989726269,59.375,0.8677920415013448,41.53846153846154,5.641025641025641,15.793113622803045
2024-10-02,1289.65,1293.69,1285.14,1287.84,615948736,96,299,73,2024-10-02,73.4125575520692,54.6875,0.7760863683442217,42.05128205128205,5.641025641025641,15.924769608661904
2024-10-03,1288.45,1299.36,1276.51,1278.1,929324954,106,289,68,2024-10-03,70.91921487456263,21.875,0.6096551330980364,45.12820512820513,7.179487179487179,15.260849606847463
2024-10-04,1278.9,1279.33,1270.6,1270.6,516838768,101,290,61,2024-10-04,68.97654048507223,13.28125,0.4913186157080487,49.743589743589745,8.717948717948717,14.188854698037336
2024-10-07,1275.59,1278.61,1264.65,1269.93,431746999,170,202,86,2024-10-07,68.7952426053508,11.71875,0.478696175698471,53.84615384615385,11.282051282051285,13.659441394154117
2024-10-08,1271.98,1275.82,1266.94,1271.98,592176851,176,179,79,2024-10-08,69.06317840885046,10.9375,0.4982493162808043,52.307692307692314,12.307692307692308,13.167843326262556
2024-10-09,1273.96,1283.01,1273.04,1281.85,582540343,255,114,78,2024-10-09,70.38178951906207,10.9375,0.6441320320984678,49.23076923076923,9.743589743589745,12.383627437549144
2024-10-10,1289.61,1294.33,1284.97,1286.36,598891260,163,206,69,2024-10-10,70.99024549933173,7.8125,0.700626461387396,49.23076923076923,9.230769230769232,12.526132654120689
2024-10-11,1287.66,1289.37,1283.56,1288.39,437625358,195,160,80,2024-10-11,71.27627790875796,7.8125,0.7167784449006956,46.666666666666664,9.230769230769232,12.52412516880988
2024-10-14,1296.54,1297.67,1286.13,1286.34,619276191,146,222,69,2024-10-14,70.52009546704099,7.8125,0.6769325895963167,47.69230769230769,9.743589743589745,13.11224499925052
2024-10-15,1287.81,1294.05,1279.81,1281.08,619610197,105,280,51,2024-10-15,68.51163865272618,5.46875,0.5216836642849755,51.546391752577314,13.402061855670103,13.038655750490424
2024-10-16,1279.86,1283.33,1276.4,1279.48,440452844,153,209,70,2024-10-16,67.87835274673584,3.90625,0.4520549871752933,55.154639175257735,17.525773195876287,12.649502028441365
2024-10-17,1282.65,1286.52,1271.82,1286.52,579305856,224,128,79,2024-10-17,69.22623947592581,3.90625,0.649910177589409,54.123711340206185,15.979381443298967,11.867102449637889
2024-10-18,1291.16,1294.1,1285.46,1285.46,546249354,157,211,72,2024-10-18,68.75839745768215,1.5625,0.598818512091468,57.21649484536082,16.49484536082474,11.76525547450939
2024-10-21,1284.17,1287.71,1279.77,1279.77,528557901,0,0,0,2024-10-21,66.17315425409072,1.5625,0.3807841692305882,60.824742268041234,20.61855670103093,11.141416408224826
2024-10-22,1280.21,1280.21,1265.44,1269.89,667541526,107,269,58,2024-10-22,58.47494634132035,3.90625,0.0646269517898832,69.0721649484536,19.587628865979383,11.262057377169864
2024-10-23,1270.58,1273.21,1263.26,1270.9,489929001,204,156,77,2024-10-23,58.757039117447434,3.90625,0.1444939221274298,69.58762886597938,18.04123711340206,11.52726013448886
2024-10-24,1271.17,1274.11,1257.41,1257.41,532020991,102,284,52,2024-10-24,47.98836085954319,19.53125,-0.1246575221370445,76.92307692307693,21.53846153846154,12.17664219844294
2024-10-25,1260.94,1261.72,1251.75,1252.72,480454993,136,207,92,2024-10-25,39.10226835477448,36.71875,-0.1015703339141566,76.92307692307693,21.53846153846154,13.146423885409655
2024-10-28,1252.76,1255.18,1250.94,1254.77,368249767,211,162,69,2024-10-28,39.79228959773607,41.40625,0.0282780068624637,75.38461538461539,21.53846153846154,14.09928491639039
2024-10-29,1258.03,1262.38,1257.43,1261.78,454099020,244,132,65,2024-10-29,42.20390837242293,42.96875,0.2086793763917482,74.35897435897436,17.435897435897434,14.204074275712944
2024-10-30,1263.57,1264.84,1255.07,1258.63,429794790,163,210,74,2024-10-30,41.40140141656486,41.40625,0.1757827658520186,73.84615384615385,15.897435897435896,14.047226808309809
2024-10-31,1260.23,1267.88,1255.55,1264.48,409737985,199,169,67,2024-10-31,43.548260116340195,38.28125,0.3191534674884903,74.87179487179488,17.435897435897434,13.586666595557665
2024-11-01,1262.39,1264.67,1254.33,1254.89,497670931,86,289,60,2024-11-01,40.902711453191614,39.84375,0.1506146375580882,77.94871794871796,21.025641025641026,13.269402497340938
2024-11-04,1255.92,1256.96,1242.36,1244.71,543721609,93,287,59,2024-11-04,31.82527276094198,47.65625,0.0253407392100634,79.48717948717949,22.56410256410257,13.949514165034762
2024-11-05,1244.85,1248.97,1243.55,1245.76,314945393,187,168,83,2024-11-05,32.23202462488429,41.40625,0.0999139305032053,78.97435897435898,23.076923076923077,14.581046427893313
2024-11-06,1251.22,1262.44,1250.57,1261.28,463915932,312,61,56,2024-11-06,38.10982651285198,26.5625,0.3765737352060985,73.84615384615385,14.358974358974358,13.72999774848183
2024-11-07,1266.61,1267.09,1259.75,1259.75,436110981,165,193,74,2024-11-07,37.76210542412685,13.28125,0.3686760390081914,71.7948717948718,13.846153846153848,12.979986291280312
2024-11-08,1262.84,1264.09,1250.77,1252.56,472794115,125,254,62,2024-11-08,36.09536620662951,8.59375,0.2641119428768949,68.71794871794872,16.41025641025641,12.608876577891657
2024-11-11,1253.81,1253.87,1241.29,1250.32,664742714,162,210,69,2024-11-11,35.5686428702588,1.5625,0.2459245827852718,64.61538461538461,14.871794871794872,12.976834626595148
2024-11-12,1251.79,1257.02,1242.91,1244.82,478703119,120,236,79,2024-11-12,34.247179081112876,4.6875,0.1745225128078695,65.64102564102564,15.384615384615383,13.005031031712626
2024-11-13,1242.94,1247.04,1234.62,1246.04,556101320,153,203,72,2024-11-13,34.82560375896933,8.59375,0.2247934718012324,66.15384615384615,15.897435897435896,13.622353914612477
2024-11-14,1243.85,1247.07,1231.69,1231.89,530216570,82,284,62,2024-11-14,27.79221274139697,26.5625,-0.0023109511242291,69.74358974358974,22.56410256410257,14.391949492994543
2024-11-15,1229.36,1229.59,1217.03,1218.57,634822173,75,305,49,2024-11-15,21.27406493612359,50.0,-0.1482875787802454,72.3076923076923,29.230769230769234,15.965202027651609
2024-11-18,1218.3,1225.38,1204.6,1217.12,519684737,184,181,70,2024-11-18,16.876819003277184,71.875,-0.0778255912169461,73.33333333333333,25.64102564102564,18.001849522092694
2024-11-19,1220.68,1221.4,1205.15,1205.15,411580431,83,287,55,2024-11-19,13.196825264810776,81.25,-0.1200256058783264,77.43589743589745,34.87179487179487,19.893022195502276
2024-11-20,1203.71,1222.73,1197.99,1216.54,595053508,250,148,57,2024-11-20,16.94117436066078,82.8125,0.0957555507400826,74.87179487179488,26.666666666666668,21.958766480757745
2024-11-21,1217.3,1228.55,1214.06,1228.33,385541342,278,94,81,2024-11-21,20.75187207217385,83.59375,0.2855833827970607,74.87179487179488,24.102564102564106,23.19691068495752
2024-11-22,1228.95,1233.42,1226.33,1228.1,416151649,151,213,89,2024-11-22,20.731889273736204,82.8125,0.3017512250705051,75.38461538461539,23.076923076923077,23.80427413317534
2024-11-25,1229.39,1236.57,1229.02,1234.7,382227104,223,135,94,2024-11-25,23.0225631105584,74.21875,0.4071825289615513,72.3076923076923,21.53846153846154,24.024132957275224
2024-11-26,1235.63,1246.83,1235.22,1242.13,470846416,290,101,67,2024-11-26,25.628134547297737,67.1875,0.5270281213265038,70.25641025641025,16.923076923076923,23.19762042942952
2024-11-27,1241.36,1245.34,1239.23,1241.97,330000841,125,236,89,2024-11-27,25.608032901799287,60.15625,0.5381270657259509,68.71794871794872,16.41025641025641,22.430144510715653
2024-11-28,1246.37,1250.46,1240.91,1242.11,374803536,193,181,88,2024-11-28,25.662975921123103,56.25,0.5611499465160918,68.71794871794872,15.384615384615383,21.22147005966791
2024-11-29,1242.51,1250.92,1241.0,1250.46,396117434,222,147,88,2024-11-29,40.88116724663213,59.375,0.7029646960310468,66.66666666666666,11.282051282051285,20.054368426348343
2024-12-02,1255.73,1258.05,1247.74,1251.21,352806149,147,221,85,2024-12-02,51.70486808790832,61.71875,0.7070076811715884,63.589743589743584,10.76923076923077,18.948930275988975
2024-12-03,1251.43,1253.83,1244.91,1249.83,439728204,153,222,82,2024-12-03,51.40122511431296,68.75,0.6798447561366138,62.05128205128205,10.256410256410255,17.645140339446566
2024-12-04,1247.34,1247.78,1239.82,1240.41,465502194,109,281,65,2024-12-04,49.27403442356422,64.0625,0.548031576786452,59.48717948717949,10.76923076923077,16.817568205319645
2024-12-05,1241.81,1269.18,1238.49,1267.53,779993372,347,55,50,2024-12-05,60.833276245714984,72.65625,0.9817488919999694,50.256410256410255,2.564102564102564,16.94843924476441
2024-12-06,1270.96,1276.1,1268.58,1270.14,565715866,170,204,73,2024-12-06,68.80818207930831,67.1875,0.9693754066610116,44.61538461538462,2.564102564102564,17.506011104376988
2024-12-09,1271.46,1277.69,1268.69,1273.84,546454671,235,146,85,2024-12-09,73.86154998624372,64.0625,0.9626965824205942,39.48717948717949,2.051282051282051,18.121737542213292
2024-12-10,1274.29,1277.32,1270.32,1272.07,462691547,170,223,80,2024-12-10,73.46561155610338,66.40625,0.8910604966987297,37.43589743589744,1.5384615384615383,18.693483520204147
2024-12-11,1273.23,1276.67,1264.15,1268.86,473457175,145,244,76,2024-12-11,72.70443293731834,54.6875,0.8204310769035402,35.38461538461539,2.051282051282051,18.54129826113871
2024-12-12,1270.86,1275.64,1265.99,1267.35,461485561,151,230,82,2024-12-12,72.32481527211579,48.4375,0.773069768302373,35.8974358974359,2.564102564102564,18.399983377720805
2024-12-13,1264.98,1266.55,1260.48,1262.57,367939049,105,280,73,2024-12-13,71.05994489586689,39.0625,0.6953031757143612,38.97435897435898,2.564102564102564,17.662531873839587
2024-12-16,1264.03,1267.1,1258.65,1263.79,360341279,158,214,82,2024-12-16,71.19839459038784,33.59375,0.6899233637154288,40.0,3.076923076923077,16.781815047578597
2024-12-17,1264.91,1265.45,1260.6,1261.72,327584791,147,232,78,2024-12-17,70.58140456530353,27.34375,0.6483047505929824,40.0,3.076923076923077,15.964006566050534
2024-12-18,1262.57,1266.53,1261.49,1266.0,362329721,245,130,84,2024-12-18,71.13831798896139,23.4375,0.6971284660564641,37.94871794871795,2.564102564102564,15.320080285850118
2024-12-19,1256.9,1259.76,1249.39,1254.67,628846329,75,322,59,2024-12-19,67.4957075264273,21.09375,0.4853861409290965,41.02564102564102,5.128205128205128,15.034466021320442
2024-12-20,1255.6,1259.0,1253.9,1257.5,428104838,238,149,74,2024-12-20,67.93732886302065,17.1875,0.5114769576435245,38.97435897435898,6.153846153846154,14.76925277568574
2024-12-23,1262.45,1265.2,1261.62,1262.76,363896212,263,135,74,2024-12-23,68.78619657287967,0.78125,0.6003682850396116,38.46153846153847,4.102564102564102,13.790144594655075
2024-12-24,1263.03,1263.05,1253.78,1260.36,502564849,163,237,63,2024-12-24,67.90283520509729,1.5625,0.5267234329500594,38.46153846153847,5.128205128205128,13.669024455900336
2024-12-25,1262.03,1283.09,1261.87,1274.04,666962682,326,92,53,2024-12-25,71.12576372857914,3.125,0.8303956013691619,31.794871794871792,4.102564102564102,13.709295323007211
2024-12-26,1275.68,1277.17,1271.99,1272.87,453389936,187,226,70,2024-12-26,70.66420770790322,2.34375,0.7822158818558044,32.30769230769231,4.615384615384616,13.746689699606453
2024-12-27,1275.56,1277.89,1272.23,1275.14,552111544,177,242,71,2024-12-27,73.8602700268283,6.25,0.8111546388945976,34.35897435897436,5.128205128205128,13.840786122992784
2024-12-30,1273.75,1274.15,1268.77,1272.02,417365889,122,298,73,2024-12-30,72.56263694670568,7.03125,0.7054470437374997,38.97435897435898,5.128205128205128,13.535622761175452
2024-12-31,1272.25,1272.46,1266.78,1266.78,367846747,155,254,79,2024-12-31,70.32788187684623,7.03125,0.5382257029213391,41.53846153846154,5.641025641025641,13.027388058043284
2025-01-02,1268.96,1271.13,1263.25,1269.71,328258670,239,164,74,2025-01-02,70.86814586232981,8.59375,0.618055193828081,41.53846153846154,5.128205128205128,12.159936316710192
2025-01-03,1268.74,1269.01,1254.59,1254.59,463010830,69,353,46,2025-01-03,62.3002158657379,15.625,0.0407555181793783,46.666666666666664,6.666666666666667,12.09915783819832
2025-01-06,1254.79,1260.37,1244.87,1246.35,469222998,82,318,68,2025-01-06,52.6893558760922,25.78125,-0.1083433824089815,54.35897435897436,9.743589743589745,12.850196307727549
2025-01-07,1249.19,1254.09,1243.06,1246.95,461894014,156,252,62,2025-01-07,52.85259518981961,34.375,0.0007673922330607,56.70103092783505,17.525773195876287,13.685357606708406
2025-01-08,1246.16,1251.02,1239.67,1251.02,335193426,236,153,74,2025-01-08,54.01174787411412,36.71875,0.1614989100995858,56.18556701030928,14.948453608247425,14.718848445538043
2025-01-09,1250.56,1253.26,1242.9,1245.77,267483879,126,263,64,2025-01-09,45.34750746042127,40.625,0.0755109321746522,59.79381443298969,15.979381443298967,15.37700279063779
2025-01-10,1245.68,1247.8,1230.48,1230.48,443618084,78,338,40,2025-01-10,35.9134443468534,59.375,-0.1357010321329042,70.61855670103093,24.22680412371134,16.881149213568833
2025-01-13,1226.66,1235.65,1220.87,1235.65,398593541,206,191,71,2025-01-13,37.53356946131591,69.53125,0.0513131302795565,69.58762886597938,25.773195876288657,18.82476982922618
2025-01-14,1234.77,1235.54,1226.7,1229.07,297547932,112,268,76,2025-01-14,30.20562998196507,73.4375,0.0137557683865381,71.1340206185567,28.865979381443296,20.629560400908
2025-01-15,1233.29,1237.46,1231.13,1236.18,359903149,287,127,59,2025-01-15,32.39919222994604,70.3125,0.1764525901390372,69.58762886597938,24.22680412371134,22.025969550427053
2025-01-16,1241.74,1245.4,1235.56,1242.36,372990685,222,150,90,2025-01-16,34.33112800938756,59.375,0.3011125103046534,69.58762886597938,22.164948453608247,22.242438684450345
2025-01-17,1242.38,1249.11,1239.63,1249.11,331281862,272,123,76,2025-01-17,36.466833111707594,46.09375,0.4192660456940983,66.66666666666666,15.897435897435896,21.983501574889825
2025-01-20,1250.03,1253.02,1247.5,1249.55,331206750,176,240,68,2025-01-20,36.611552072090966,37.5,0.4333044605924535,67.6923076923077,16.41025641025641,21.27525172127647
2025-01-21,1252.75,1254.17,1243.08,1246.09,353722909,147,240,88,2025-01-21,35.918679455914955,21.09375,0.3888080763209039,69.23076923076923,15.897435897435896,21.013180171739094
2025-01-22,1248.26,1249.14,1242.53,1242.53,374183309,127,311,75,2025-01-22,35.18094288211418,17.1875,0.3444857355744714,69.23076923076923,19.48717948717949,20.81908485863994
2025-01-23,1245.59,1263.59,1244.77,1259.63,448550346,363,86,59,2025-01-23,45.52450593083562,23.4375,0.6511630670416513,67.6923076923077,13.846153846153848,19.64298242174324
2025-01-24,1259.26,1265.38,1258.46,1265.05,456657167,258,195,61,2025-01-24,54.69172266775748,37.5,0.7640900650637606,63.589743589743584,12.307692307692308,18.721042702092443
2025-02-03,1259.09,1259.09,1249.78,1253.03,462591784,166,308,41,2025-02-03,51.569544998693225,39.0625,0.5696193395924061,61.02564102564103,10.76923076923077,17.780172301558594
2025-02-04,1256.91,1264.68,1255.44,1264.68,541783695,361,106,50,2025-02-04,54.29302760606501,48.4375,0.8294999204024038,57.94871794871795,5.128205128205128,16.671131305552098
2025-02-05,1268.43,1271.8,1266.18,1269.61,490473888,270,187,66,2025-02-05,62.24875416249893,52.34375,0.9230405638023338,51.7948717948718,4.615384615384616,16.284082523213
2025-02-06,1273.58,1275.47,1268.28,1271.48,489762130,206,233,77,2025-02-06,68.43792120345606,57.8125,0.9540571264829752,48.717948717948715,4.102564102564102,16.232884984728912
2025-02-07,1271.98,1279.35,1269.12,1275.2,503342974,237,212,71,2025-02-07,73.5227236991987,53.90625,0.9612538106027956,44.61538461538462,4.102564102564102,16.501677980264432
2025-02-10,1272.27,1274.47,1263.26,1263.26,652223852,119,355,56,2025-02-10,70.36293535118594,44.53125,0.7184170822367044,50.256410256410255,6.153846153846154,16.0775240334285
2025-02-11,1265.44,1268.45,1263.11,1268.45,525259444,257,219,65,2025-02-11,70.9474143493946,37.5,0.7839097910521889,50.76923076923077,7.179487179487179,15.666591017046954
2025-02-12,1270.83,1272.86,1266.59,1266.91,424173879,209,226,93,2025-02-12,70.5031105291709,35.15625,0.7365590665453422,48.717948717948715,7.179487179487179,15.695419423766308
2025-02-13,1267.25,1270.67,1263.85,1270.35,422929502,210,229,80,2025-02-13,70.94088284711849,32.8125,0.7678068311233139,48.20512820512821,5.641025641025641,15.381365149598354
2025-02-14,1277.52,1280.6,1274.0,1276.08,572553338,275,183,75,2025-02-14,74.85974914992869,27.34375,0.8342973097767776,43.07692307692308,5.128205128205128,15.965732344351714
2025-02-17,1277.12,1278.49,1272.72,1272.72,703389002,195,266,75,2025-02-17,73.7865345273754,7.03125,0.752555489717567,41.02564102564102,6.153846153846154,16.342153989622428
2025-02-18,1274.05,1283.34,1272.19,1278.14,576613065,293,162,85,2025-02-18,76.49817395455442,10.15625,0.8338889479199801,38.46153846153847,6.153846153846154,17.093156874434868
2025-02-19,1280.6,1288.56,1278.92,1288.56,691882854,349,119,68,2025-02-19,79.69833819219012,24.21875,0.9857093251910984,26.153846153846157,4.102564102564102,18.189633634211013
2025-02-20,1292.94,1295.82,1290.84,1292.98,665568367,254,205,85,2025-02-20,82.57193646657348,25.78125,1.000593651783259,24.615384615384617,3.076923076923077,19.7032289195151
2025-02-21,1293.63,1296.75,1290.98,1296.75,615945439,202,258,76,2025-02-21,84.54663407864436,39.84375,0.9897455026904582,25.64102564102564,3.076923076923077,21.169183543355143
2025-02-24,1298.39,1304.56,1294.69,1304.56,745383925,260,194,83,2025-02-24,86.56786568152694,59.375,1.027470177825165,24.615384615384617,3.5897435897435894,23.009224007865647
2025-02-25,1306.86,1309.97,1298.54,1303.16,764641989,214,242,90,2025-02-25,86.15648524696866,70.3125,0.949816917030018,24.615384615384617,3.5897435897435894,25.010472896986126
2025-02-26,1305.16,1306.49,1301.2,1302.96,659793287,198,259,70,2025-02-26,86.09354272428872,78.125,0.91497307946408,24.615384615384617,2.564102564102564,26.868775436883713
2025-02-27,1307.31,1307.87,1296.43,1307.8,796881038,237,215,90,2025-02-27,88.1668409408653,78.90625,0.9306179514610298,23.589743589743588,2.564102564102564,27.80506579681941
2025-02-28,1307.14,1308.77,1300.66,1305.36,713323836,193,265,85,2025-02-28,87.39811483428939,76.5625,0.8500751006901354,21.025641025641026,2.564102564102564,28.73728324142162
2025-03-03,1306.97,1309.77,1304.3,1309.37,748242113,240,223,89,2025-03-03,89.1680166712809,70.3125,0.8747088265106298,19.48717948717949,1.5384615384615383,29.675688456850345
2025-03-04,1306.82,1313.21,1298.28,1311.91,872086925,211,260,65,2025-03-04,90.56484471841026,67.1875,0.868583593579259,19.48717948717949,2.051282051282051,29.528995309243516
2025-03-05,1312.84,1319.52,1304.71,1304.71,711384061,128,343,69,2025-03-05,88.43714029967623,53.125,0.7379921713189834,27.692307692307693,2.564102564102564,29.919335838504303
2025-03-06,1308.02,1318.22,1307.91,1318.22,926189171,365,121,52,2025-03-06,90.03105296282371,39.84375,0.8858283292252997,26.666666666666668,2.564102564102564,30.28179490138932
2025-03-07,1320.08,1327.07,1318.71,1326.05,825175457,271,185,89,2025-03-07,91.37868743913548,34.375,0.9303655809787272,25.64102564102564,2.051282051282051,31.278296561093324
2025-03-10,1331.6,1335.87,1326.51,1330.28,801944906,191,263,85,2025-03-10,92.34866731148536,42.1875,0.9348473306323626,27.692307692307693,3.076923076923077,32.729784343125985
2025-03-11,1319.17,1332.54,1315.92,1332.54,791992117,231,247,66,2025-03-11,93.13714730103106,50.0,0.9146555598531771,30.76923076923077,3.076923076923077,32.49484643473626
2025-03-12,1337.63,1342.91,1331.75,1334.41,811987921,189,272,78,2025-03-12,93.79291496991112,54.6875,0.8991823208480817,30.256410256410255,5.128205128205128,32.949789273103335
2025-03-13,1335.66,1340.91,1324.87,1326.27,927789782,121,366,55,2025-03-13,91.75216215913542,53.90625,0.7726525573983721,37.43589743589744,6.153846153846154,32.508208738591016
2025-03-14,1325.84,1333.32,1324.3,1326.15,872541760,170,283,87,2025-03-14,91.7204790196989,49.21875,0.7495460233607506,44.61538461538462,11.794871794871794,32.028337589021184
2025-03-17,1330.62,1336.26,1329.05,1336.26,780751957,270,185,79,2025-03-17,92.49496295277292,49.21875,0.8724155824598547,45.12820512820513,10.76923076923077,31.8004883925384
2025-03-18,1340.16,1341.65,1330.97,1330.97,759403354,160,318,66,2025-03-18,91.03807421601437,43.75,0.7773553442238647,47.69230769230769,8.717948717948717,31.97023526877391
2025-03-19,1330.4,1330.7,1320.85,1324.63,768370525,139,320,75,2025-03-19,89.22419153695108,32.03125,0.6524553118749421,49.743589743589745,9.230769230769232,30.865549983270004
2025-03-20,1326.8,1332.41,1316.11,1323.93,783924251,192,285,70,2025-03-20,89.01331194274418,23.4375,0.6208310535576833,53.84615384615385,13.333333333333334,29.321354639901895
2025-03-21,1324.0,1325.22,1320.67,1321.88,673776859,196,244,88,2025-03-21,88.35471129688142,18.75,0.5602278395321564,55.38461538461539,12.307692307692308,27.887458963917226
2025-03-24,1322.9,1330.32,1316.73,1330.32,737479570,196,249,83,2025-03-24,88.72460111408452,0.78125,0.7185908799301548,58.97435897435898,14.358974358974358,27.023553518178492
2025-03-25,1335.29,1337.6,1329.81,1331.92,772470386,270,191,78,2025-03-25,88.79724667951456,0.78125,0.7319219873784293,59.48717948717949,12.82051282051282,26.821715299664618
2025-03-26,1333.33,1338.55,1323.69,1326.09,672071249,176,286,77,2025-03-26,86.60763732266308,0.78125,0.57842815716456,58.46153846153847,14.871794871794872,25.89908742172906
2025-03-27,1325.98,1328.82,1323.01,1323.81,522142993,156,278,82,2025-03-27,85.71743792195151,2.34375,0.5014989048833116,60.0,14.871794871794872,24.96247113221048
2025-03-28,1324.42,1325.34,1315.72,1317.46,601970197,152,293,81,2025-03-28,78.5481692008175,3.90625,0.295498117467614,64.1025641025641,16.923076923076923,23.272452905389223
2025-03-31,1313.51,1314.09,1304.1,1306.86,706353460,135,322,63,2025-03-31,68.85011685912949,17.1875,-0.0001775736869879,68.2051282051282,20.51282051282051,22.59368514024091
2025-04-01,1313.03,1317.46,1308.06,1317.33,516351102,308,133,81,2025-04-01,70.25842117625395,21.09375,0.2853815203838981,66.66666666666666,22.05128205128205,21.60254759329924
2025-04-02,1321.53,1324.46,1317.68,1317.83,668744030,245,200,77,2025-04-02,70.32741393215916,23.4375,0.2436661668642885,66.66666666666666,21.53846153846154,20.138474683684297
2025-04-03,1272.87,1277.9,1229.41,1229.84,1594166624,13,517,8,2025-04-03,45.91421936468093,100.0,-0.5100333704859369,85.64102564102564,42.56410256410256,22.60006834890284
2025-04-04,1159.33,1210.67,1158.17,1210.67,1777882039,138,354,42,2025-04-04,32.19938166865613,100.0,-0.2835828973547792,91.7948717948718,51.7948717948718,25.93589096351706
2025-04-08,1173.14,1174.4,1130.98,1132.79,989102100,11,506,14,2025-04-08,21.068715523420963,100.0,-0.3230513883936693,94.35897435897436,68.2051282051282,29.2910038931208
2025-04-09,1073.61,1141.35,1073.61,1094.3,1464120095,133,351,51,2025-04-09,14.58823348249448,100.0,-0.2111049794062366,96.92307692307692,82.05128205128204,32.81415958003073
2025-04-10,1166.09,1168.4,1165.86,1168.34,215166632,534,7,5,2025-04-10,22.579128246462176,100.0,0.1088150187568561,95.8974358974359,64.61538461538461,34.85274845165611
2025-04-11,1185.86,1222.46,1180.59,1222.46,1617665830,332,178,26,2025-04-11,27.88981149617339,99.21875,0.3093774710083742,94.35897435897436,44.61538461538462,34.761337904597156
2025-04-14,1235.01,1242.94,1226.06,1241.44,913684312,311,179,48,2025-04-14,29.710787092605077,97.65625,0.3861393966194964,93.33333333333331,38.97435897435898,34.0502472383514
2025-04-15,1232.64,1246.21,1221.75,1227.79,939049220,145,334,47,2025-04-15,29.140844961679623,96.875,0.3572411830955327,93.33333333333331,40.51282051282051,33.468672029839354
2025-04-16,1225.29,1233.84,1205.93,1210.3,713035992,153,319,55,2025-04-16,28.389370529028916,96.09375,0.3177573388107614,92.82051282051282,42.56410256410256,33.21846851156519
2025-04-17,1201.63,1217.25,1197.5,1217.25,657997453,261,174,89,2025-04-17,29.17100343872572,95.3125,0.3581356633915316,91.7948717948718,38.97435897435898,33.13855992602293
2025-04-18,1228.37,1234.67,1219.12,1219.12,977508165,321,136,72,2025-04-18,29.39431258756904,94.53125,0.3805747437301377,91.28205128205128,33.33333333333333,32.46518133887761
2025-04-21,1220.38,1222.77,1201.63,1207.07,771247128,181,339,63,2025-04-21,28.764966660668737,92.96875,0.3562115791614798,89.23076923076924,34.87179487179487,32.190008106602534
2025-04-22,1201.38,1203.82,1136.98,1197.13,1551077089,132,400,46,2025-04-22,28.228069246227964,92.1875,0.3401581686968351,88.2051282051282,38.97435897435898,32.97301707440873
2025-04-23,1215.65,1216.28,1202.27,1211.0,732740068,416,120,56,2025-04-23,30.18620783612009,91.40625,0.4084961735957345,87.17948717948718,26.153846153846157,33.28538364128667
2025-04-24,1214.78,1224.66,1210.37,1223.35,700062627,289,207,87,2025-04-24,31.966082638987302,91.40625,0.4738874273173266,84.61538461538461,21.53846153846154,33.29547363198812
2025-04-25,1227.16,1230.72,1220.67,1229.23,747261510,256,220,91,2025-04-25,32.84394904122834,89.84375,0.5179796708615008,83.58974358974359,20.51282051282051,33.097639734458255
2025-04-28,1234.3,1234.3,1222.56,1226.8,542916481,235,262,79,2025-04-28,32.656412864103636,87.5,0.5292286429035723,78.46153846153847,18.461538461538463,32.78673908670934
2025-04-29,1227.25,1229.1,1222.3,1226.3,523225174,226,274,72,2025-04-29,32.61514638316662,51.5625,0.5493626870414297,77.94871794871796,17.94871794871795,32.50347075669626
2025-05-05,1233.97,1241.51,1226.3,1240.05,562828082,233,85,47,2025-05-05,35.045964544979874,63.28125,0.6557701454300022,75.8974358974359,13.333333333333334,31.76246839223554
2025-05-06,1244.3,1251.02,1240.05,1241.95,723833572,166,148,57,2025-05-06,42.34672356854859,63.28125,0.7225995616886558,74.35897435897436,11.282051282051285,30.715806411789675
2025-05-07,1241.1,1250.79,1240.2,1250.37,696862360,187,132,55,2025-05-07,49.59429416563065,79.6875,0.766014189985721,73.33333333333333,8.717948717948717,29.743906001375656
2025-05-08,1255.34,1271.44,1250.37,1269.8,780781448,230,92,49,2025-05-08,57.45587453618156,87.5,0.852988940106566,68.71794871794872,3.5897435897435894,28.056739758513704
2025-05-09,1274.5,1279.61,1264.87,1267.3,696772993,136,174,58,2025-05-09,57.12578491421325,87.5,0.8190978933598354,65.64102564102564,4.102564102564102,26.198756273473656
2025-05-12,1272.92,1283.86,1267.3,1283.26,833318839,200,111,59,2025-05-12,64.65892878685638,88.28125,1.0154602929455891,56.92307692307692,4.102564102564102,24.33497288807733
2025-05-13,1292.75,1293.7,1283.26,1293.43,884922281,206,106,61,2025-05-13,70.83014629801045,88.28125,1.0594004399834756,45.64102564102564,3.5897435897435894,22.96057092437305
2025-05-14,1295.3,1310.57,1292.34,1309.73,917612165,189,122,53,2025-05-14,76.08795370924824,88.28125,1.0719647294426846,35.38461538461539,2.051282051282051,22.256510788988813
2025-05-15,1314.19,1316.16,1301.61,1313.2,1048494927,167,152,50,2025-05-15,79.66981625502423,88.28125,1.002969081845849,27.692307692307693,2.051282051282051,21.784218602348325
2025-05-16,1314.25,1318.03,1299.55,1301.39,850785026,132,186,46,2025-05-16,78.21184688692126,87.5,0.8692282268910709,28.717948717948715,1.0256410256410255,21.25091202680165
2025-05-19,1293.61,1306.2,1291.66,1296.29,832210897,110,217,42,2025-05-19,77.55183520053527,86.71875,0.8013126646982023,30.256410256410255,1.0256410256410255,20.38681886131211
2025-05-20,1298.62,1316.67,1296.29,1315.15,864044592,193,133,40,2025-05-20,80.62015927024477,85.15625,0.877573220137967,30.76923076923077,1.5384615384615383,19.97796337411812
2025-05-21,1329.83,1331.6,1313.13,1323.05,1000998104,137,183,46,2025-05-21,83.29737485387514,83.59375,0.8784382227029031,30.256410256410255,2.051282051282051,20.1176143307168
2025-05-22,1319.97,1331.93,1312.8,1313.84,1119988708,98,214,53,2025-05-22,82.13418545585264,82.03125,0.792774834597129,32.82051282051282,2.051282051282051,20.247290218987008
2025-05-23,1313.93,1320.07,1308.62,1314.46,642508366,162,150,54,2025-05-23,82.15225383701838,79.6875,0.7750258720536334,32.82051282051282,2.564102564102564,20.13325963139268
2025-05-26,1317.08,1332.51,1288.86,1332.51,961305387,253,72,44,2025-05-26,84.40281281670433,78.125,0.8595322026685847,27.692307692307693,1.5384615384615383,19.0059438415944
2025-05-27,1338.09,1339.81,1329.6,1339.81,1055045239,230,88,52,2025-05-27,86.07240717943444,77.34375,0.8692239403529252,19.48717948717949,0.5128205128205128,18.271757913010457
2025-05-28,1344.08,1348.05,1337.18,1341.87,899910498,139,189,44,2025-05-28,87.54857174870314,72.65625,0.8478669464147413,18.461538461538463,0.5128205128205128,17.9335242213018
2025-05-29,1346.68,1348.31,1335.62,1341.86,895953649,163,162,43,2025-05-29,87.54723169663309,68.75,0.8214551005387706,17.94871794871795,0.5128205128205128,17.533256261119952
2025-05-30,1342.89,1345.78,1328.69,1332.6,911849296,99,236,40,2025-05-30,86.23100192219067,60.15625,0.74057783492963,21.025641025641026,0.5128205128205128,16.77334846903079
2025-06-02,1330.71,1336.33,1322.95,1336.3,860775405,201,125,44,2025-06-02,86.31950665042754,60.9375,0.7509754785985023,18.974358974358974,1.0256410256410255,15.75181048652144
2025-06-03,1341.31,1350.89,1336.3,1347.25,1035220959,195,119,56,2025-06-03,87.51028027094723,70.3125,0.82673865092488,15.384615384615383,0.5128205128205128,15.510642372263312
2025-06-04,1350.52,1351.14,1341.53,1345.74,952672647,153,151,70,2025-06-04,87.2678905852548,61.71875,0.8025351311438202,14.871794871794872,1.0256410256410255,15.298430904105054
2025-06-05,1346.33,1347.49,1336.11,1342.09,756976552,143,168,53,2025-06-05,86.64316403306569,42.1875,0.7478761875733042,15.384615384615383,1.5384615384615383,14.7643733474104
2025-06-06,1339.13,1344.92,1325.45,1329.89,901235898,76,233,51,2025-06-06,84.46659657688167,32.8125,0.5938728421886875,20.0,1.5384615384615383,13.779190720307035
2025-06-09,1329.66,1331.56,1309.05,1310.57,718708721,84,241,41,2025-06-09,78.11305831825294,45.3125,0.3027761821394401,23.076923076923077,2.564102564102564,13.706379619587736
2025-06-10,1307.74,1323.61,1299.94,1316.23,703372014,162,135,60,2025-06-10,78.38326282219833,43.75,0.3567323413378274,24.102564102564106,2.564102564102564,14.053012165479805
2025-06-11,1322.07,1322.07,1306.25,1315.2,546076606,157,129,68,2025-06-11,78.19407776011138,41.40625,0.3333501207791581,24.102564102564106,4.102564102564102,14.374885243808151
2025-06-12,1321.25,1326.03,1308.63,1322.99,811549322,210,86,71,2025-06-12,78.61448305126672,46.875,0.4510553764524919,22.56410256410257,3.076923076923077,14.399165077388936
2025-06-13,1313.08,1326.62,1304.12,1315.49,1164364579,69,263,35,2025-06-13,77.07381505949961,50.0,0.3039002463238114,30.256410256410255,3.076923076923077,14.654718691393322
2025-06-16,1313.4,1338.66,1307.37,1338.11,779999910,233,81,57,2025-06-16,78.44581509243483,50.0,0.6870278389664007,27.692307692307693,2.564102564102564,14.057147973844486
2025-06-17,1343.7,1353.01,1338.11,1347.69,763834636,177,133,53,2025-06-17,80.50736104359555,54.6875,0.8391314804209858,25.64102564102564,2.564102564102564,13.460381641987494
2025-06-18,1350.17,1353.99,1341.64,1346.83,768168609,108,184,67,2025-06-18,80.31569859878289,60.15625,0.7902743023165169,27.17948717948718,2.564102564102564,12.961667836229186
2025-06-19,1346.33,1353.96,1342.08,1352.04,651813682,139,162,63,2025-06-19,82.48149994299499,64.0625,0.8513257630462784,29.230769230769234,1.5384615384615383,12.4985764451679
2025-06-20,1354.69,1356.78,1342.31,1349.35,779673486,135,167,64,2025-06-20,81.85238086246967,65.625,0.7745540755920586,27.17948717948718,2.564102564102564,12.247110730343936
2025-06-23,1345.24,1358.26,1338.49,1358.18,735461142,120,205,44,2025-06-23,84.15581961956988,72.65625,0.891951652147313,29.743589743589745,3.076923076923077,11.721482103778152
2025-06-24,1365.69,1371.24,1355.53,1366.77,883404856,176,127,65,2025-06-24,86.35714872582624,75.78125,0.9697336769129772,27.17948717948718,3.076923076923077,12.053701130832936
2025-06-25,1369.05,1371.57,1364.09,1366.75,734078816,129,169,70,2025-06-25,86.35255072831507,78.125,0.9143864646424256,27.835051546391753,2.5773195876288657,12.38187270146379
2025-06-26,1368.73,1372.74,1360.78,1365.67,599210662,141,155,59,2025-06-26,86.08599906044756,75.0,0.8583352297259974,28.865979381443296,2.5773195876288657,12.400239473138958
2025-06-27,1369.13,1373.28,1362.09,1371.44,678584222,163,138,69,2025-06-27,88.13917985863829,74.21875,0.886174126343334,26.288659793814436,2.5773195876288657,12.454747984005484
2025-06-30,1374.9,1377.3,1371.44,1376.07,637621732,216,92,63,2025-06-30,89.87981001806784,72.65625,0.8923772058471826,23.711340206185564,2.5773195876288657,12.7901274824753
2025-07-01,1378.14,1382.16,1369.74,1377.84,725894731,117,196,53,2025-07-01,91.28986070295466,70.3125,0.8707079809449237,21.1340206185567,2.5773195876288657,13.435328730168536
2025-07-02,1377.26,1384.72,1372.27,1384.59,850174592,204,109,62,2025-07-02,92.5317703374026,52.34375,0.8955752567660942,20.10309278350515,2.5773195876288657,14.207567223255095
2025-07-03,1381.64,1392.39,1377.06,1381.96,1316396602,146,168,53,2025-07-03,91.9941354746425,46.09375,0.8294697993478826,17.010309278350515,2.061855670103093,15.416698568283303
2025-07-04,1385.19,1388.04,1379.4,1386.97,835995342,204,101,66,2025-07-04,92.69204440306572,46.09375,0.8392596636557033,14.432989690721648,1.5463917525773196,16.539463388666636
2025-07-07,1393.34,1402.32,1386.97,1402.06,1231774285,224,87,60,2025-07-07,93.52804803010228,55.46875,0.9380095246245964,12.371134020618555,1.0309278350515465,18.389355616123005
2025-07-08,1407.07,1415.65,1400.79,1415.46,1177502304,217,92,58,2025-07-08,94.35978285093267,70.3125,0.9962030105466756,10.824742268041238,1.0309278350515465,20.689419226024455
2025-07-09,1421.12,1432.29,1415.46,1431.32,1433794349,192,127,53,2025-07-09,95.18589274119142,78.125,1.052267987842396,10.76923076923077,1.5384615384615383,23.389668698651356
2025-07-10,1437.13,1446.16,1431.32,1445.64,1074311106,185,119,62,2025-07-10,95.87938724122374,80.46875,1.06702291584409,7.6923076923076925,1.0256410256410255,26.26926310827457
2025-07-11,1451.12,1463.91,1445.64,1457.76,1235944706,159,179,38,2025-07-11,96.45797193484856,82.8125,1.0691862304556063,6.666666666666667,0.5128205128205128,29.325587325700127
2025-07-14,1471.4,1473.93,1447.72,1470.42,1259872146,206,117,43,2025-07-14,96.97779474814658,86.71875,1.0506194831251492,8.205128205128204,0.5128205128205128,32.34548289291823
2025-07-15,1473.8,1476.32,1460.16,1460.65,1336267013,136,190,45,2025-07-15,95.56900680723788,88.28125,0.924249893652024,8.717948717948717,0.5128205128205128,35.19165910507064
2025-07-16,1459.87,1475.47,1457.04,1475.47,1221312100,215,103,52,2025-07-16,96.20172265518164,88.28125,0.9497929002596291,9.230769230769232,1.0256410256410255,37.486712689914754
2025-07-17,1481.85,1494.46,1475.47,1490.01,1408347353,209,115,55,2025-07-17,96.74923671473516,88.28125,0.9626364055594022,9.230769230769232,0.5128205128205128,39.982839626543694
2025-07-18,1497.53,1501.2,1484.29,1497.28,1461671359,171,147,57,2025-07-18,97.20419695018546,88.28125,0.940608784991821,9.743589743589745,0.5128205128205128,42.41173095162004
2025-07-21,1508.6,1511.96,1481.37,1485.05,1390409164,118,203,49,2025-07-21,95.7268476287558,86.71875,0.8378490363094427,9.743589743589745,1.0256410256410255,44.831372588707445
2025-07-22,1485.26,1509.54,1476.61,1509.54,1232141283,224,103,43,2025-07-22,96.35004610537658,85.15625,0.909980139642921,8.717948717948717,1.5384615384615383,46.569338261833714
2025-07-23,1519.58,1523.37,1507.14,1512.31,1440191422,203,120,56,2025-07-23,96.83795411499642,78.90625,0.8779272801958329,7.6923076923076925,1.5384615384615383,48.4304098991993
2025-07-24,1520.25,1525.32,1502.82,1521.02,1391387058,184,131,59,2025-07-24,97.2180520558076,75.78125,0.8771753452599846,7.6923076923076925,1.5384615384615383,49.709897829292736
2025-07-25,1521.56,1534.51,1519.79,1531.13,1406847721,207,126,39,2025-07-25,97.52907433069949,74.21875,0.8819131201499039,6.153846153846154,1.5384615384615383,51.08297266071056
2025-07-28,1541.82,1558.12,1531.13,1557.42,1789006045,258,81,38,2025-07-28,97.8157692785976,75.0,0.9461938039343742,5.641025641025641,1.5384615384615383,52.74746030488158
2025-07-29,1562.6,1566.74,1490.24,1493.41,2644459187,41,314,15,2025-07-29,91.98160358059494,71.09375,0.6351594827489631,9.743589743589745,1.0256410256410255,51.221043448897454
2025-07-30,1500.23,1512.15,1482.45,1507.63,1640423968,223,111,39,2025-07-30,92.0944117439929,68.75,0.6845246834822545,8.205128205128204,1.0256410256410255,49.351695148350494
2025-07-31,1521.96,1528.66,1488.3,1502.52,1652085886,169,150,49,2025-07-31,91.5957177218334,67.1875,0.6401218921097501,10.76923076923077,2.051282051282051,48.146084936730915
2025-08-01,1506.88,1509.22,1479.98,1495.21,1383202505,141,180,54,2025-08-01,90.83792704242072,60.15625,0.5778518364917278,11.282051282051285,2.051282051282051,46.5439405456064
2025-08-04,1493.37,1528.21,1491.11,1528.19,1229695208,242,89,45,2025-08-04,91.19198165561208,57.03125,0.7754954501076876,10.256410256410255,1.5384615384615383,45.64737033425945
2025-08-05,1547.19,1584.98,1519.08,1547.15,2698901575,118,221,40,2025-08-05,91.39778812015132,60.15625,0.8888338683583531,9.743589743589745,1.5384615384615383,46.05950596311903
2025-08-06,1558.56,1574.34,1547.15,1573.71,1329752984,247,78,47,2025-08-06,92.3034218002165,67.96875,1.0256977105233425,9.230769230769232,1.0256410256410255,46.442203332774355
2025-08-07,1587.84,1588.38,1567.72,1581.81,1610898102,223,106,47,2025-08-07,93.1509003782312,70.3125,1.012256172188981,8.717948717948717,1.5384615384615383,47.04182755330575
2025-08-08,1589.58,1592.52,1565.45,1584.95,1820837623,177,155,51,2025-08-08,93.84175653077683,74.21875,0.96867179956085,8.205128205128204,1.5384615384615383,47.66915171313204
2025-08-11,1590.98,1601.79,1584.95,1596.86,1590494840,228,97,55,2025-08-11,94.51508685178736,78.125,0.9744328181147676,7.6923076923076925,1.0256410256410255,48.40969192759357
2025-08-12,1603.5,1608.34,1591.18,1608.22,1584416741,176,156,53,2025-08-12,95.14900869721768,84.375,0.9803433871426546,7.6923076923076925,1.5384615384615383,49.207367638885806
2025-08-13,1615.57,1618.31,1585.54,1611.6,1867294220,164,165,50,2025-08-13,95.699972306232,87.5,0.9403586779146624,9.230769230769232,1.5384615384615383,50.111949752300475
2025-08-14,1623.18,1641.28,1611.6,1640.69,1758036899,156,170,51,2025-08-14,96.26869538273816,89.84375,1.013894825810106,10.256410256410255,1.5384615384615383,51.2881112251311
2025-08-15,1658.24,1666.54,1615.26,1630.0,2013211159,84,261,37,2025-08-15,95.28362674989528,89.0625,0.901580460148833,10.256410256410255,1.5384615384615383,52.68474743508018
2025-08-18,1638.37,1642.71,1625.61,1636.37,1514998610,199,130,48,2025-08-18,95.31439434484578,87.5,0.8879247206498899,11.794871794871794,1.5384615384615383,53.98162391574719
2025-08-19,1646.73,1665.48,1636.37,1654.2,1793277608,189,144,44,2025-08-19,96.0134306965445,85.9375,0.9165261932397192,13.333333333333334,1.0256410256410255,55.4309129481986
2025-08-20,1662.11,1672.7,1614.6,1664.36,2283137610,83,259,39,2025-08-20,96.5953850296318,78.125,0.9073696557407116,18.461538461538463,1.5384615384615383,55.43167704518699
2025-08-21,1674.76,1693.68,1664.36,1688.0,1639168136,118,214,46,2025-08-21,97.03566903719164,75.78125,0.943271935355369,24.102564102564106,3.076923076923077,55.75330822653286
2025-08-22,1680.42,1691.71,1629.49,1645.47,2237864915,76,275,27,2025-08-22,93.5677634172808,67.1875,0.7406221678441748,35.38461538461539,4.615384615384616,54.30540254350831
2025-08-25,1659.7,1661.47,1608.53,1614.03,1450729028,100,233,42,2025-08-25,90.9792521160411,62.5,0.5988945145158332,44.1025641025641,7.179487179487179,52.08942399090702
2025-08-26,1611.61,1667.96,1601.65,1667.63,1232894614,299,45,27,2025-08-26,91.41528250721734,59.375,0.796057182853428,39.48717948717949,5.128205128205128,49.76005330589659
2025-08-27,1678.54,1696.6,1667.23,1672.78,1480175892,169,149,56,2025-08-27,91.4580053979826,55.46875,0.792544352979433,39.48717948717949,5.641025641025641,48.2959026617833
2025-08-28,1679.33,1684.16,1659.68,1680.86,1100140023,177,137,58,2025-08-28,91.52923265041714,53.90625,0.8077396758375331,37.43589743589744,5.128205128205128,46.62846702718485
2025-08-29,1690.11,1694.42,1677.82,1682.21,1464313109,172,149,56,2025-08-29,91.54192276772702,52.34375,0.8069990314065898,37.43589743589744,3.5897435897435894,45.32955092671473
2025-09-03,1682.11,1692.69,1670.39,1681.3,1245588613,212,110,54,2025-09-03,91.44247771664185,44.53125,0.7887637160519536,34.87179487179487,2.051282051282051,43.80216327342051
2025-09-04,1687.59,1696.29,1675.95,1696.29,1295004347,195,130,53,2025-09-04,92.26091389680836,48.4375,0.8592961123122977,32.82051282051282,1.5384615384615383,42.48134871010502
2025-09-05,1705.13,1711.49,1665.45,1666.97,1653994892,100,230,45,2025-09-05,88.99385658753391,42.1875,0.6518037454437983,36.92307692307693,1.5384615384615383,41.65730740037563
2025-09-08,1660.91,1667.36,1623.32,1624.53,1771868551,56,285,35,2025-09-08,84.33841859421236,46.09375,0.326912646599901,43.58974358974359,2.564102564102564,39.17319164808517
2025-09-09,1629.58,1637.32,1613.01,1637.32,1015954262,168,130,72,2025-09-09,84.59987815579535,50.0,0.3933278456409305,43.07692307692308,3.076923076923077,36.51383575834949
2025-09-10,1646.41,1652.68,1629.29,1643.26,833805193,149,171,55,2025-09-10,84.72739938642104,52.34375,0.4162622264885085,44.61538461538462,3.076923076923077,34.527747485274844
2025-09-11,1638.75,1659.19,1605.76,1657.75,1203554808,163,152,63,2025-09-11,85.0525554909328,45.3125,0.5297626939842653,44.61538461538462,3.076923076923077,32.23304101877433
2025-09-12,1662.02,1675.38,1653.79,1667.26,1008069787,252,84,40,2025-09-12,85.2741485470234,43.75,0.6059073599215151,40.0,2.564102564102564,30.274055974129723
2025-09-15,1672.59,1684.9,1665.61,1684.9,1123959914,238,76,58,2025-09-15,85.69769209273447,32.8125,0.7695454121821564,33.33333333333333,1.5384615384615383,28.74518828069894
2025-09-16,1696.87,1697.26,1675.87,1680.9,1234175232,114,210,54,2025-09-16,85.09997841154052,33.59375,0.7050734804981911,34.87179487179487,1.5384615384615383,27.692076740731117
2025-09-17,1678.09,1684.62,1662.63,1670.97,967637850,119,201,54,2025-09-17,83.54220620489957,32.8125,0.5790996444260025,36.41025641025641,1.5384615384615383,26.21747577913813
2025-09-18,1675.85,1679.63,1645.58,1665.18,864438366,108,208,60,2025-09-18,82.5928461988682,30.46875,0.5066839236046667,40.0,2.051282051282051,24.437775928146756
2025-09-19,1671.24,1671.94,1638.44,1658.62,865045443,133,189,58,2025-09-19,81.46331808111148,27.34375,0.4347038292884146,45.12820512820513,2.051282051282051,23.02475043500132
2025-09-22,1656.66,1666.43,1616.02,1634.45,1140547113,72,262,41,2025-09-22,77.27031857532465,33.59375,0.1913151893751091,53.84615384615385,3.076923076923077,22.414549552768086
2025-09-23,1635.12,1643.59,1624.08,1635.26,658109355,157,153,64,2025-09-23,77.31246328950081,24.21875,0.2129218854368491,56.92307692307692,2.564102564102564,21.847934447837225
2025-09-24,1635.36,1657.48,1619.09,1657.46,943911419,231,88,51,2025-09-24,78.4896616400971,21.875,0.4257808403385989,53.333333333333336,2.051282051282051,20.757994383808523
2025-09-25,1661.08,1668.21,1654.47,1666.09,916572601,188,126,59,2025-09-25,78.94698058765488,15.625,0.5365584869710658,49.743589743589745,2.051282051282051,19.33290001358552
2025-09-26,1666.68,1671.43,1652.65,1660.7,901014435,104,203,60,2025-09-26,77.8339586469186,9.375,0.4754811248332682,52.820512820512825,2.051282051282051,18.018418118591512
2025-09-29,1659.24,1674.84,1639.2,1666.48,809840218,86,233,55,2025-09-29,78.18907127474549,6.25,0.5601146575763042,57.94871794871795,4.615384615384616,17.183501206121505
2025-09-30,1667.86,1676.8,1645.97,1661.7,1050227166,82,241,50,2025-09-30,77.08916404982692,5.46875,0.51124761030803,60.51282051282051,9.230769230769232,16.323445884927683
2025-10-01,1664.95,1671.07,1655.85,1665.05,666793512,175,139,63,2025-10-01,77.32985836191244,4.6875,0.5698876520421768,58.97435897435898,9.230769230769232,15.524823086676276
2025-10-02,1668.04,1679.73,1646.77,1652.71,736855841,84,243,42,2025-10-02,74.2360405998644,3.125,0.4179173955218459,66.66666666666666,12.82051282051282,15.166590932042528
2025-10-03,1651.39,1656.58,1637.95,1645.82,815234740,85,229,59,2025-10-03,72.4921186187059,2.34375,0.3260249448166139,75.8974358974359,20.51282051282051,15.191131135237512
2025-10-06,1673.16,1695.5,1643.23,1695.5,1007137342,259,68,43,2025-10-06,77.52922792763894,10.15625,1.044170839868355,67.6923076923077,10.256410256410255,14.729387040223042
2025-10-07,1703.9,1703.9,1685.3,1685.3,799893649,77,247,48,2025-10-07,75.05630489704012,16.40625,0.8498932495065955,71.7948717948718,10.256410256410255,14.603792490861808
2025-10-08,1701.06,1704.42,1680.87,1697.83,1017290489,181,121,70,2025-10-08,79.4438672404408,26.5625,0.9698205201698924,68.2051282051282,11.282051282051285,14.279536795175275
2025-10-09,1702.76,1717.65,1697.83,1716.47,1044000610,157,146,62,2025-10-09,83.4909104992789,39.0625,1.0856206643104764,66.15384615384615,10.76923076923077,14.469429732286851
2025-10-10,1725.27,1747.57,1721.76,1747.55,998948225,177,125,72,2025-10-10,87.2049360941839,58.59375,1.1935192383993254,63.07692307692307,8.205128205128204,15.576842282113056
2025-10-13,1738.23,1766.77,1736.03,1765.12,1232269663,119,187,60,2025-10-13,89.82417659250288,71.09375,1.1508369503217846,66.66666666666666,9.743589743589745,17.094547166076843
2025-10-14,1782.97,1794.58,1755.64,1761.06,1492683415,76,256,40,2025-10-14,89.15529333679429,78.125,1.0170301552919143,68.71794871794872,15.384615384615383,19.10134735036309
2025-10-15,1766.12,1773.73,1750.4,1757.95,1108353970,120,200,54,2025-10-15,88.61096171005676,83.59375,0.9297637181959646,70.25641025641025,17.94871794871795,20.693455175762026
2025-10-16,1764.51,1768.45,1753.5,1766.85,1088205483,180,129,57,2025-10-16,90.9314169577993,86.71875,0.9181482561073184,67.17948717948717,17.94871794871795,22.17184101363246
2025-10-17,1771.61,1771.61,1727.8,1731.19,1222997611,96,236,40,2025-10-17,85.40979328773906,82.8125,0.7034889049673586,67.17948717948717,22.05128205128205,22.236260873747582
2025-10-20,1723.59,1727.11,1636.43,1636.43,1638796741,34,325,19,2025-10-20,68.92519436848389,89.0625,0.1900983617201485,74.87179487179488,36.41025641025641,21.914534129287233
2025-10-21,1640.8,1677.11,1622.37,1663.43,1548431468,213,133,31,2025-10-21,70.20718968160168,88.28125,0.3231284935267627,76.41025641025641,26.666666666666668,21.921840350383455
2025-10-22,1678.82,1678.82,1628.37,1678.5,912425956,218,113,33,2025-10-22,70.9281070664743,79.6875,0.4000370461042081,76.41025641025641,22.56410256410257,21.86957358893411
2025-10-23,1680.73,1698.01,1669.78,1687.06,700130694,157,156,50,2025-10-23,71.35215137252956,81.25,0.4420668914170965,75.8974358974359,20.51282051282051,21.16586368119038
2025-10-24,1684.88,1691.69,1660.32,1683.18,917575458,117,190,64,2025-10-24,70.8477149727617,82.03125,0.4118603288004618,77.94871794871796,22.05128205128205,20.75517966024748
2025-10-27,1696.45,1697.16,1652.54,1652.54,905232819,143,178,48,2025-10-27,66.82970851174917,92.1875,0.2407995090105589,80.0,20.0,20.57369358748756
2025-10-28,1647.86,1680.5,1621.52,1680.5,877829132,219,94,55,2025-10-28,68.58081588162143,93.75,0.3948624599421391,79.48717948717949,17.435897435897434,21.13175790573152
2025-10-29,1685.9,1695.99,1675.68,1685.83,824229440,246,88,39,2025-10-29,68.91767761099632,91.40625,0.4187718248529542,71.28205128205128,12.307692307692308,21.07504129057119
2025-10-30,1688.83,1690.69,1661.92,1669.57,763715720,148,175,47,2025-10-30,66.57274038697258,82.8125,0.3138109257345411,69.74358974358974,10.76923076923077,21.34433155184381
2025-10-31,1669.61,1669.61,1639.33,1639.65,778253495,127,190,54,2025-10-31,62.367555997352255,75.78125,0.138805951878084,69.74358974358974,11.282051282051285,22.08256285038567
2025-11-03,1644.56,1652.48,1617.0,1617.0,966160053,88,240,43,2025-11-03,46.51875170062049,72.65625,0.067696045161343,72.3076923076923,16.923076923076923,23.19878525158633
2025-11-04,1618.02,1658.93,1600.56,1651.98,1132294703,189,117,58,2025-11-04,49.730142594816016,57.03125,0.272865555662218,70.76923076923077,13.333333333333334,24.52627493313139
2025-11-05,1647.46,1659.58,1640.51,1654.89,615343189,121,190,56,2025-11-05,49.99912699295234,33.59375,0.303321886565237,69.23076923076923,12.307692307692308,25.730819526685153
2025-11-06,1656.67,1658.69,1638.12,1642.64,551255133,131,176,56,2025-11-06,48.81499405691899,32.8125,0.2627802372702555,69.23076923076923,12.307692307692308,26.894860618195036
2025-11-07,1636.24,1638.59,1595.34,1599.1,819442927,59,270,37,2025-11-07,41.2590155149564,53.90625,0.0919993382951896,72.3076923076923,15.897435897435896,28.69348547676159
2025-11-10,1598.02,1609.49,1580.54,1580.54,657497618,101,202,66,2025-11-10,34.329065834812724,64.84375,0.0520891735041228,74.35897435897436,18.974358974358974,30.57128311554714
2025-11-11,1585.32,1597.08,1578.42,1593.61,596628873,186,114,60,2025-11-11,35.75493637711226,66.40625,0.1454931365853015,74.35897435897436,17.94871794871795,32.34476226425828
2025-11-12,1599.63,1631.86,1596.43,1631.86,682835631,268,58,36,2025-11-12,39.86966379158836,63.28125,0.3569939844707169,71.28205128205128,12.307692307692308,32.42936808201158
2025-11-13,1632.64,1638.98,1626.14,1631.44,630431703,163,138,63,2025-11-13,39.83949085220034,63.28125,0.3693227234259539,66.66666666666666,11.282051282051285,32.22090160480704
2025-11-14,1627.45,1638.35,1623.03,1635.46,651175213,153,138,76,2025-11-14,40.305155552871184,59.375,0.417814607339723,66.15384615384615,11.282051282051285,32.09760564001897
2025-11-17,1640.47,1654.42,1640.47,1654.42,661919677,227,86,50,2025-11-17,42.56328268368419,53.125,0.5619622525462759,62.05128205128205,8.205128205128204,31.311292737972803
2025-11-18,1657.43,1660.41,1647.64,1659.92,706682787,152,161,52,2025-11-18,43.23410590281107,51.5625,0.6075867815758678,60.51282051282051,7.179487179487179,30.33793777128844
2025-11-19,1659.25,1661.51,1643.04,1649.0,742573462,84,222,62,2025-11-19,42.18074462333619,53.125,0.5329123110823014,61.02564102564103,8.205128205128204,29.567732465332817
2025-11-20,1651.93,1660.55,1647.79,1655.99,592856485,120,179,68,2025-11-20,43.13580101332047,53.90625,0.6087959563049318,61.53846153846154,8.205128205128204,28.852541824088313
2025-11-21,1646.36,1656.84,1635.1,1654.93,666895175,111,204,46,2025-11-21,43.019752974472034,55.46875,0.617534516626211,64.1025641025641,8.205128205128204,28.577922160363308
2025-11-24,1656.03,1674.29,1656.01,1667.98,523012210,123,186,54,2025-11-24,54.01091631396147,57.8125,0.725216665347711,64.61538461538461,8.717948717948717,27.508388526843817
